Fri Apr 24 16:03:27 AEST 2026: Starting batch extraction of 370 files

============================================================
处理: LBeethoven_WOO67_3
============================================================
曲目: Beethoven: 8 Variations on a Theme by Count Waldstein,WoO 67
作曲: Ludwig van Beethoven
段落: ['T', 'V1', 'V2', 'V3', 'V4', 'V5', 'V6', 'V7', 'V8', 'C', 'C', 'C']  (12 段)
边界(秒): [1.0, 28.0, 55.0, 84.0, 115.0, 155.0, 206.0, 219.0, 252.0, 342.0, 365.0, 455.0, 487.0]

正在加载 WAV: LBeethoven_WOO67_3.wav...
已加载: 555.0s @ 48000Hz
  [ 0] T         1.0s →    28.0s  (27.0s)
  [ 1] V1       28.0s →    55.0s  (27.0s)
  [ 2] V2       55.0s →    84.0s  (29.0s)
  [ 3] V3       84.0s →   115.0s  (31.0s)
  [ 4] V4      115.0s →   155.0s  (40.0s)
  [ 5] V5      155.0s →   206.0s  (51.0s)
  [ 6] V6      206.0s →   219.0s  (13.0s)
  [ 7] V7      219.0s →   252.0s  (33.0s)
  [ 8] V8      252.0s →   342.0s  (90.0s)
  [ 9] C       342.0s →   365.0s  (23.0s)
  [10] C       365.0s →   455.0s  (90.0s)
  [11] C       455.0s →   487.0s  (32.0s)

✓ 特征已保存: /Users/jiaxuan/Desktop/Music Project/VariVis/backend/features/LBeethoven_WOO67_3.json

LBeethoven_WOO67_3: 加载 WAV…
  T    1.0s–28.0s … key=Gmaj r=0.74  voiced=0.79  beats=55 ✓
  V1   28.0s–55.0s … key=Cmaj r=0.80  voiced=0.57  beats=58 ✓
  V2   55.0s–84.0s … key=Cmaj r=0.86  voiced=0.74  beats=67 ✓
  V3   84.0s–115.0s … key=Cmaj r=0.78  voiced=0.83  beats=51 ✓
  V4   115.0s–155.0s … key=Cmaj r=0.86  voiced=0.74  beats=53 ✓
  V5   155.0s–206.0s … key=Cmaj r=0.84  voiced=0.69  beats=74 ✓
  V6   206.0s–219.0s … key=Cmaj r=0.84  voiced=0.59  beats=20 ✓
  V7   219.0s–252.0s … key=Cmaj r=0.73  voiced=0.78  beats=55 ✓
  V8   252.0s–342.0s … key=Cmin r=0.77  voiced=0.74  beats=126 ✓
  C    342.0s–365.0s … key=Cmaj r=0.77  voiced=0.67  beats=39 ✓
  C    365.0s–455.0s … key=Cmaj r=0.82  voiced=0.81  beats=179 ✓
  C    455.0s–487.0s … key=Cmaj r=0.88  voiced=0.52  beats=29 ✓
✓ 已保存: /Users/jiaxuan/Desktop/Music Project/VariVis/backend/features/LBeethoven_WOO67_3.json
Fri Apr 24 16:05:35 AEST 2026: OK LBeethoven_WOO67_3

============================================================
处理: LBeethoven_WOO67_4
============================================================
曲目: Beethoven: 8 Variations on a Theme by Count Waldstein,WoO 67
作曲: Ludwig van Beethoven
段落: ['T', 'V1', 'V2', 'V3', 'V4', 'V5', 'V6', 'V7', 'V8', 'C', 'C', 'C']  (12 段)
边界(秒): [2.0, 35.0, 63.0, 92.0, 129.0, 157.0, 192.0, 227.0, 276.0, 377.0, 401.0, 478.0, 514.0]

正在加载 WAV: LBeethoven_WOO67_4.wav...
已加载: 516.7s @ 48000Hz
  [ 0] T         2.0s →    35.0s  (33.0s)
  [ 1] V1       35.0s →    63.0s  (28.0s)
  [ 2] V2       63.0s →    92.0s  (29.0s)
  [ 3] V3       92.0s →   129.0s  (37.0s)
  [ 4] V4      129.0s →   157.0s  (28.0s)
  [ 5] V5      157.0s →   192.0s  (35.0s)
  [ 6] V6      192.0s →   227.0s  (35.0s)
  [ 7] V7      227.0s →   276.0s  (49.0s)
  [ 8] V8      276.0s →   377.0s  (101.0s)
  [ 9] C       377.0s →   401.0s  (24.0s)
  [10] C       401.0s →   478.0s  (77.0s)
  [11] C       478.0s →   514.0s  (36.0s)

✓ 特征已保存: /Users/jiaxuan/Desktop/Music Project/VariVis/backend/features/LBeethoven_WOO67_4.json

LBeethoven_WOO67_4: 加载 WAV…
  T    2.0s–35.0s … key=Cmaj r=0.76  voiced=0.64  beats=51 ✓
  V1   35.0s–63.0s … key=Cmaj r=0.74  voiced=0.51  beats=53 ✓
  V2   63.0s–92.0s … key=Cmaj r=0.80  voiced=0.56  beats=49 ✓
  V3   92.0s–129.0s … key=Cmaj r=0.74  voiced=0.74  beats=72 ✓
  V4   129.0s–157.0s … key=Cmaj r=0.73  voiced=0.60  beats=52 ✓
  V5   157.0s–192.0s … key=Cmaj r=0.81  voiced=0.62  beats=74 ✓
  V6   192.0s–227.0s … key=Cmaj r=0.78  voiced=0.51  beats=55 ✓
  V7   227.0s–276.0s … key=Cmaj r=0.71  voiced=0.63  beats=107 ✓
  V8   276.0s–377.0s … key=Cmin r=0.87  voiced=0.73  beats=109 ✓
  C    377.0s–401.0s … key=Cmaj r=0.77  voiced=0.46  beats=31 ✓
  C    401.0s–478.0s … key=Cmaj r=0.82  voiced=0.73  beats=187 ✓
  C    478.0s–514.0s … key=Cmaj r=0.83  voiced=0.40  beats=45 ✓
✓ 已保存: /Users/jiaxuan/Desktop/Music Project/VariVis/backend/features/LBeethoven_WOO67_4.json
Fri Apr 24 16:07:49 AEST 2026: OK LBeethoven_WOO67_4

============================================================
处理: LBeethoven_WOO67_5
============================================================
曲目: Beethoven: 8 Variations on a Theme by Count Waldstein,WoO 67
作曲: Ludwig van Beethoven
段落: ['T', 'V1', 'V2', 'V3', 'V4', 'V5', 'V6', 'V7', 'V8', 'C', 'C', 'C']  (12 段)
边界(秒): [0.0, 30.0, 61.0, 95.0, 132.0, 163.0, 195.0, 231.0, 292.0, 396.0, 423.0, 498.0, 535.0]

正在加载 WAV: LBeethoven_WOO67_5.wav...
已加载: 541.3s @ 48000Hz
  [ 0] T         0.0s →    30.0s  (30.0s)
  [ 1] V1       30.0s →    61.0s  (31.0s)
  [ 2] V2       61.0s →    95.0s  (34.0s)
  [ 3] V3       95.0s →   132.0s  (37.0s)
  [ 4] V4      132.0s →   163.0s  (31.0s)
  [ 5] V5      163.0s →   195.0s  (32.0s)
  [ 6] V6      195.0s →   231.0s  (36.0s)
  [ 7] V7      231.0s →   292.0s  (61.0s)
  [ 8] V8      292.0s →   396.0s  (104.0s)
  [ 9] C       396.0s →   423.0s  (27.0s)
  [10] C       423.0s →   498.0s  (75.0s)
  [11] C       498.0s →   535.0s  (37.0s)

✓ 特征已保存: /Users/jiaxuan/Desktop/Music Project/VariVis/backend/features/LBeethoven_WOO67_5.json

LBeethoven_WOO67_5: 加载 WAV…
  T    0.0s–30.0s … key=Bmaj r=0.85  voiced=0.46  beats=54 ✓
  V1   30.0s–61.0s … key=Bmaj r=0.85  voiced=0.58  beats=58 ✓
  V2   61.0s–95.0s … key=Bmaj r=0.92  voiced=0.52  beats=53 ✓
  V3   95.0s–132.0s … key=Bmaj r=0.89  voiced=0.70  beats=61 ✓
  V4   132.0s–163.0s … key=Bmaj r=0.90  voiced=0.61  beats=54 ✓
  V5   163.0s–195.0s … key=Bmaj r=0.90  voiced=0.58  beats=62 ✓
  V6   195.0s–231.0s … key=Bmaj r=0.93  voiced=0.53  beats=62 ✓
  V7   231.0s–292.0s … key=F#maj r=0.76  voiced=0.59  beats=92 ✓
  V8   292.0s–396.0s … key=Bmin r=0.87  voiced=0.70  beats=131 ✓
  C    396.0s–423.0s … key=Bmaj r=0.91  voiced=0.52  beats=47 ✓
  C    423.0s–498.0s … key=Bmaj r=0.90  voiced=0.64  beats=142 ✓
  C    498.0s–535.0s … key=Bmaj r=0.89  voiced=0.45  beats=83 ✓
✓ 已保存: /Users/jiaxuan/Desktop/Music Project/VariVis/backend/features/LBeethoven_WOO67_5.json
Fri Apr 24 16:10:23 AEST 2026: OK LBeethoven_WOO67_5

============================================================
处理: LBeethoven_WOO77_2
============================================================
曲目: Beethoven - WoO 77
作曲: Ludwig van Beethoven
段落: ['T', 'V1', 'V2', 'V3', 'V4', 'V5', 'V6', 'C']  (8 段)
边界(秒): [0.0, 32.0, 58.0, 81.0, 137.0, 181.0, 235.0, 261.0, 287.0]

正在加载 WAV: LBeethoven_WOO77_2.wav...
已加载: 818.1s @ 48000Hz
  [ 0] T         0.0s →    32.0s  (32.0s)
  [ 1] V1       32.0s →    58.0s  (26.0s)
  [ 2] V2       58.0s →    81.0s  (23.0s)
  [ 3] V3       81.0s →   137.0s  (56.0s)
  [ 4] V4      137.0s →   181.0s  (44.0s)
  [ 5] V5      181.0s →   235.0s  (54.0s)
  [ 6] V6      235.0s →   261.0s  (26.0s)
  [ 7] C       261.0s →   287.0s  (26.0s)

✓ 特征已保存: /Users/jiaxuan/Desktop/Music Project/VariVis/backend/features/LBeethoven_WOO77_2.json

LBeethoven_WOO77_2: 加载 WAV…
  T    0.0s–32.0s … key=Gmaj r=0.93  voiced=0.69  beats=50 ✓
  V1   32.0s–58.0s … key=Gmaj r=0.80  voiced=0.78  beats=36 ✓
  V2   58.0s–81.0s … key=Gmaj r=0.83  voiced=0.77  beats=39 ✓
  V3   81.0s–137.0s … key=Gmaj r=0.78  voiced=0.76  beats=108 ✓
  V4   137.0s–181.0s … key=Gmaj r=0.88  voiced=0.50  beats=101 ✓
  V5   181.0s–235.0s … key=Gmaj r=0.92  voiced=0.75  beats=100 ✓
  V6   235.0s–261.0s … key=Gmaj r=0.88  voiced=0.75  beats=44 ✓
  C    261.0s–287.0s … key=Dmin r=0.58  voiced=0.80  beats=30 ✓
✓ 已保存: /Users/jiaxuan/Desktop/Music Project/VariVis/backend/features/LBeethoven_WOO77_2.json
Fri Apr 24 16:11:47 AEST 2026: OK LBeethoven_WOO77_2
/Users/jiaxuan/Desktop/Music Project/VariVis/backend/.venv/lib/python3.11/site-packages/librosa/core/spectrum.py:266: UserWarning: n_fft=2048 is too large for input signal of length=0
  warnings.warn(
/Users/jiaxuan/Desktop/Music Project/VariVis/backend/.venv/lib/python3.11/site-packages/librosa/core/pitch.py:103: UserWarning: Trying to estimate tuning from empty frequency set.
  return pitch_tuning(

============================================================
处理: LBeethoven_WOO77_3
============================================================
曲目: Beethoven - WoO 77
作曲: Ludwig van Beethoven
段落: ['T', 'V1', 'V2', 'V3', 'V4', 'V5', 'V6', 'C']  (8 段)
边界(秒): [1.0, 68.0, 126.0, 171.0, 211.0, 283.0, 350.0, 399.0, 424.0]

正在加载 WAV: LBeethoven_WOO77_3.wav...
已加载: 295.0s @ 48000Hz
  [ 0] T         1.0s →    68.0s  (67.0s)
  [ 1] V1       68.0s →   126.0s  (58.0s)
  [ 2] V2      126.0s →   171.0s  (45.0s)
  [ 3] V3      171.0s →   211.0s  (40.0s)
  [ 4] V4      211.0s →   283.0s  (72.0s)
  [ 5] V5      283.0s →   350.0s  (67.0s)
  [ 6] V6      350.0s →   399.0s  (49.0s)  ⚠ 时长过短(49.00s)，特征可能不稳定
Traceback (most recent call last):
  File "/Users/jiaxuan/Desktop/Music Project/VariVis/backend/extract_features.py", line 541, in <module>
    main()
  File "/Users/jiaxuan/Desktop/Music Project/VariVis/backend/extract_features.py", line 529, in main
    data = process_file(args.target, args.frames, args.sr)
           ^^^^^^^^^^^^^^^^^^^^^^^^^^^^^^^^^^^^^^^^^^^^^^^
  File "/Users/jiaxuan/Desktop/Music Project/VariVis/backend/extract_features.py", line 429, in process_file
    feats = extract_segment_features(y_seg, sr, label, compressed_frames)
            ^^^^^^^^^^^^^^^^^^^^^^^^^^^^^^^^^^^^^^^^^^^^^^^^^^^^^^^^^^^^^
  File "/Users/jiaxuan/Desktop/Music Project/VariVis/backend/extract_features.py", line 172, in extract_segment_features
    chroma_cqt = librosa.feature.chroma_cqt(y=y, sr=sr, bins_per_octave=36)
                 ^^^^^^^^^^^^^^^^^^^^^^^^^^^^^^^^^^^^^^^^^^^^^^^^^^^^^^^^^^
  File "/Users/jiaxuan/Desktop/Music Project/VariVis/backend/.venv/lib/python3.11/site-packages/librosa/feature/spectral.py", line 1388, in chroma_cqt
    cqt_func[cqt_mode](
  File "/Users/jiaxuan/Desktop/Music Project/VariVis/backend/.venv/lib/python3.11/site-packages/librosa/core/constantq.py", line 171, in cqt
    return vqt(
           ^^^^
  File "/Users/jiaxuan/Desktop/Music Project/VariVis/backend/.venv/lib/python3.11/site-packages/librosa/core/constantq.py", line 980, in vqt
    y, sr, hop_length = __early_downsample(
                        ^^^^^^^^^^^^^^^^^^^
  File "/Users/jiaxuan/Desktop/Music Project/VariVis/backend/.venv/lib/python3.11/site-packages/librosa/core/constantq.py", line 1173, in __early_downsample
    raise ParameterError(
librosa.util.exceptions.ParameterError: Input signal length=0 is too short for 7-octave CQT
Fri Apr 24 16:12:30 AEST 2026: FAIL extract LBeethoven_WOO77_3

============================================================
处理: LBeethoven_WOO77_4
============================================================
曲目: Beethoven - WoO 77
作曲: Ludwig van Beethoven
段落: ['T', 'V1', 'V2', 'V3', 'V4', 'V5', 'V6', 'C']  (8 段)
边界(秒): [2.0, 31.0, 48.0, 89.0, 135.0, 149.0, 202.0, 261.0, 276.0]

正在加载 WAV: LBeethoven_WOO77_4.wav...
已加载: 578.0s @ 48000Hz
  [ 0] T         2.0s →    31.0s  (29.0s)
  [ 1] V1       31.0s →    48.0s  (17.0s)
  [ 2] V2       48.0s →    89.0s  (41.0s)
  [ 3] V3       89.0s →   135.0s  (46.0s)
  [ 4] V4      135.0s →   149.0s  (14.0s)
  [ 5] V5      149.0s →   202.0s  (53.0s)
  [ 6] V6      202.0s →   261.0s  (59.0s)
  [ 7] C       261.0s →   276.0s  (15.0s)

✓ 特征已保存: /Users/jiaxuan/Desktop/Music Project/VariVis/backend/features/LBeethoven_WOO77_4.json

LBeethoven_WOO77_4: 加载 WAV…
  T    2.0s–31.0s … key=Gmaj r=0.88  voiced=0.64  beats=57 ✓
  V1   31.0s–48.0s … key=Gmaj r=0.86  voiced=0.71  beats=33 ✓
  V2   48.0s–89.0s … key=Gmaj r=0.88  voiced=0.70  beats=88 ✓
  V3   89.0s–135.0s … key=Gmaj r=0.89  voiced=0.73  beats=79 ✓
  V4   135.0s–149.0s … key=Gmaj r=0.83  voiced=0.55  beats=12 ✓
  V5   149.0s–202.0s … key=Gmaj r=0.97  voiced=0.64  beats=91 ✓
  V6   202.0s–261.0s … key=Gmin r=0.70  voiced=0.80  beats=13 ✓
  C    261.0s–276.0s … key=Gmin r=0.68  voiced=0.83  beats=25 ✓
✓ 已保存: /Users/jiaxuan/Desktop/Music Project/VariVis/backend/features/LBeethoven_WOO77_4.json
Fri Apr 24 16:13:49 AEST 2026: OK LBeethoven_WOO77_4

============================================================
处理: LBeethoven_WOO73_1
============================================================
曲目: 10 Variations on La stessa la stessissima WoO 73
作曲: Ludwig van Beethoven
段落: ['T', 'V1', 'V2', 'V3', 'V4', 'V5', 'V6', 'V7', 'V8', 'V9', 'V10', 'C']  (12 段)
边界(秒): [6.0, 43.0, 80.0, 116.0, 153.0, 190.0, 234.0, 265.0, 298.0, 349.0, 387.0, 563.0]

正在加载 WAV: LBeethoven_WOO73_1.wav...
已加载: 591.0s @ 48000Hz
Traceback (most recent call last):
  File "/Users/jiaxuan/Desktop/Music Project/VariVis/backend/extract_features.py", line 541, in <module>
    main()
  File "/Users/jiaxuan/Desktop/Music Project/VariVis/backend/extract_features.py", line 529, in main
    data = process_file(args.target, args.frames, args.sr)
           ^^^^^^^^^^^^^^^^^^^^^^^^^^^^^^^^^^^^^^^^^^^^^^^
  File "/Users/jiaxuan/Desktop/Music Project/VariVis/backend/extract_features.py", line 406, in process_file
    raise ValueError(
ValueError: boundary数量(12)应等于label数量(12)+1
Fri Apr 24 16:13:52 AEST 2026: FAIL extract LBeethoven_WOO73_1

============================================================
处理: LBeethoven_WOO73_2
============================================================
曲目: 10 Variations on La stessa la stessissima WoO 73
作曲: Ludwig van Beethoven
段落: ['T', 'V1', 'V2', 'V3', 'V4', 'V5', 'V6', 'V7', 'V8', 'V9', 'V10', 'C']  (12 段)
边界(秒): [0.0, 36.0, 73.0, 109.0, 146.0, 183.0, 227.0, 258.0, 291.0, 342.0, 380.0, 580.0]

正在加载 WAV: LBeethoven_WOO73_2.wav...
已加载: 583.7s @ 44100Hz
Traceback (most recent call last):
  File "/Users/jiaxuan/Desktop/Music Project/VariVis/backend/extract_features.py", line 541, in <module>
    main()
  File "/Users/jiaxuan/Desktop/Music Project/VariVis/backend/extract_features.py", line 529, in main
    data = process_file(args.target, args.frames, args.sr)
           ^^^^^^^^^^^^^^^^^^^^^^^^^^^^^^^^^^^^^^^^^^^^^^^
  File "/Users/jiaxuan/Desktop/Music Project/VariVis/backend/extract_features.py", line 406, in process_file
    raise ValueError(
ValueError: boundary数量(12)应等于label数量(12)+1
Fri Apr 24 16:13:54 AEST 2026: FAIL extract LBeethoven_WOO73_2

============================================================
处理: LBeethoven_WOO73_3
============================================================
曲目: 10 Variations on La stessa la stessissima WoO 73
作曲: Ludwig van Beethoven
段落: ['T', 'V1', 'V2', 'V3', 'V4', 'V5', 'V6', 'V7', 'V8', 'V9', 'V10', 'C']  (12 段)
边界(秒): [5.0, 42.0, 75.0, 108.0, 141.0, 171.0, 210.0, 241.0, 269.0, 314.0, 358.0, 507.0]

正在加载 WAV: LBeethoven_WOO73_3.wav...
已加载: 528.6s @ 48000Hz
Traceback (most recent call last):
  File "/Users/jiaxuan/Desktop/Music Project/VariVis/backend/extract_features.py", line 541, in <module>
    main()
  File "/Users/jiaxuan/Desktop/Music Project/VariVis/backend/extract_features.py", line 529, in main
    data = process_file(args.target, args.frames, args.sr)
           ^^^^^^^^^^^^^^^^^^^^^^^^^^^^^^^^^^^^^^^^^^^^^^^
  File "/Users/jiaxuan/Desktop/Music Project/VariVis/backend/extract_features.py", line 406, in process_file
    raise ValueError(
ValueError: boundary数量(12)应等于label数量(12)+1
Fri Apr 24 16:13:56 AEST 2026: FAIL extract LBeethoven_WOO73_3

============================================================
处理: LBeethoven_WOO73_4
============================================================
曲目: 10 Variations on La stessa la stessissima WoO 73
作曲: Ludwig van Beethoven
段落: ['T', 'V1', 'V2', 'V3', 'V4', 'V5', 'V6', 'V7', 'V8', 'V9', 'V10', 'C']  (12 段)
边界(秒): [0.0, 42.0, 85.0, 129.0, 169.0, 208.0, 273.0, 307.0, 343.0, 407.0, 442.0, 663.0]

正在加载 WAV: LBeethoven_WOO73_4.wav...
已加载: 667.4s @ 48000Hz
Traceback (most recent call last):
  File "/Users/jiaxuan/Desktop/Music Project/VariVis/backend/extract_features.py", line 541, in <module>
    main()
  File "/Users/jiaxuan/Desktop/Music Project/VariVis/backend/extract_features.py", line 529, in main
    data = process_file(args.target, args.frames, args.sr)
           ^^^^^^^^^^^^^^^^^^^^^^^^^^^^^^^^^^^^^^^^^^^^^^^
  File "/Users/jiaxuan/Desktop/Music Project/VariVis/backend/extract_features.py", line 406, in process_file
    raise ValueError(
ValueError: boundary数量(12)应等于label数量(12)+1
Fri Apr 24 16:13:59 AEST 2026: FAIL extract LBeethoven_WOO73_4

============================================================
处理: LBeethoven_WOO73_5
============================================================
曲目: 10 Variations on La stessa la stessissima WoO 73
作曲: Ludwig van Beethoven
段落: ['T', 'V1', 'V2', 'V3', 'V4', 'V5', 'V6', 'V7', 'V8', 'V9', 'V10', 'C']  (12 段)
边界(秒): [2.0, 41.0, 78.0, 124.0, 158.0, 203.0, 291.0, 326.0, 363.0, 443.0, 485.0, 671.0]

正在加载 WAV: LBeethoven_WOO73_5.wav...
已加载: 676.1s @ 48000Hz
Traceback (most recent call last):
  File "/Users/jiaxuan/Desktop/Music Project/VariVis/backend/extract_features.py", line 541, in <module>
    main()
  File "/Users/jiaxuan/Desktop/Music Project/VariVis/backend/extract_features.py", line 529, in main
    data = process_file(args.target, args.frames, args.sr)
           ^^^^^^^^^^^^^^^^^^^^^^^^^^^^^^^^^^^^^^^^^^^^^^^
  File "/Users/jiaxuan/Desktop/Music Project/VariVis/backend/extract_features.py", line 406, in process_file
    raise ValueError(
ValueError: boundary数量(12)应等于label数量(12)+1
Fri Apr 24 16:14:02 AEST 2026: FAIL extract LBeethoven_WOO73_5

============================================================
处理: LBeethoven_WOO73_6
============================================================
曲目: 10 Variations on La stessa la stessissima WoO 73
作曲: Ludwig van Beethoven
段落: ['T', 'V1', 'V2', 'V3', 'V4', 'V5', 'V6', 'V7', 'V8', 'V9', 'V10', 'C']  (12 段)
边界(秒): [0.0, 43.0, 87.0, 129.0, 167.0, 206.0, 247.0, 285.0, 324.0, 372.0, 415.0, 608.0]

正在加载 WAV: LBeethoven_WOO73_6.wav...
已加载: 609.4s @ 48000Hz
Traceback (most recent call last):
  File "/Users/jiaxuan/Desktop/Music Project/VariVis/backend/extract_features.py", line 541, in <module>
    main()
  File "/Users/jiaxuan/Desktop/Music Project/VariVis/backend/extract_features.py", line 529, in main
    data = process_file(args.target, args.frames, args.sr)
           ^^^^^^^^^^^^^^^^^^^^^^^^^^^^^^^^^^^^^^^^^^^^^^^
  File "/Users/jiaxuan/Desktop/Music Project/VariVis/backend/extract_features.py", line 406, in process_file
    raise ValueError(
ValueError: boundary数量(12)应等于label数量(12)+1
Fri Apr 24 16:14:04 AEST 2026: FAIL extract LBeethoven_WOO73_6

============================================================
处理: LBeethoven_WOO73_7
============================================================
曲目: 10 Variations on La stessa la stessissima WoO 73
作曲: Ludwig van Beethoven
段落: ['T', 'V1', 'V2', 'V3', 'V4', 'V5', 'V6', 'V7', 'V8', 'V9', 'V10', 'C']  (12 段)
边界(秒): [0.0, 60.0, 138.0, 165.0, 214.0, 264.0, 346.0, 393.0, 438.0, 522.0, 565.0, 766.0]

正在加载 WAV: LBeethoven_WOO73_7.wav...
已加载: 769.2s @ 48000Hz
Traceback (most recent call last):
  File "/Users/jiaxuan/Desktop/Music Project/VariVis/backend/extract_features.py", line 541, in <module>
    main()
  File "/Users/jiaxuan/Desktop/Music Project/VariVis/backend/extract_features.py", line 529, in main
    data = process_file(args.target, args.frames, args.sr)
           ^^^^^^^^^^^^^^^^^^^^^^^^^^^^^^^^^^^^^^^^^^^^^^^
  File "/Users/jiaxuan/Desktop/Music Project/VariVis/backend/extract_features.py", line 406, in process_file
    raise ValueError(
ValueError: boundary数量(12)应等于label数量(12)+1
Fri Apr 24 16:14:07 AEST 2026: FAIL extract LBeethoven_WOO73_7

============================================================
处理: LBeethoven_WOO65_2
============================================================
曲目: Beethoven 24 Variations on "Venni Amore" by Righini WoO 65
作曲: Ludwig van Beethoven
段落: ['T', 'V1', 'V2', 'V3', 'V4', 'V5', 'V6', 'V7', 'V8', 'V9', 'V10', 'V11', 'V12', 'V13', 'V14', 'V15', 'V16', 'V17', 'V18', 'V19', 'V20', 'V21', 'V22', 'V23', 'V24', 'C']  (26 段)
边界(秒): [3.0, 42.0, 80.0, 115.0, 149.0, 188.0, 224.0, 261.0, 300.0, 340.0, 377.0, 417.0, 448.0, 499.0, 535.0, 617.0, 657.0, 693.0, 743.0, 771.0, 806.0, 844.0, 880.0, 922.0, 1068.0, 1113.0, 1196.0]

正在加载 WAV: LBeethoven_WOO65_2.wav...
已加载: 1217.9s @ 48000Hz
  [ 0] T         3.0s →    42.0s  (39.0s)
  [ 1] V1       42.0s →    80.0s  (38.0s)
  [ 2] V2       80.0s →   115.0s  (35.0s)
  [ 3] V3      115.0s →   149.0s  (34.0s)
  [ 4] V4      149.0s →   188.0s  (39.0s)
  [ 5] V5      188.0s →   224.0s  (36.0s)
  [ 6] V6      224.0s →   261.0s  (37.0s)
  [ 7] V7      261.0s →   300.0s  (39.0s)
  [ 8] V8      300.0s →   340.0s  (40.0s)
  [ 9] V9      340.0s →   377.0s  (37.0s)
  [10] V10     377.0s →   417.0s  (40.0s)
  [11] V11     417.0s →   448.0s  (31.0s)
  [12] V12     448.0s →   499.0s  (51.0s)
  [13] V13     499.0s →   535.0s  (36.0s)
  [14] V14     535.0s →   617.0s  (82.0s)
  [15] V15     617.0s →   657.0s  (40.0s)
  [16] V16     657.0s →   693.0s  (36.0s)
  [17] V17     693.0s →   743.0s  (50.0s)
  [18] V18     743.0s →   771.0s  (28.0s)
  [19] V19     771.0s →   806.0s  (35.0s)
  [20] V20     806.0s →   844.0s  (38.0s)
  [21] V21     844.0s →   880.0s  (36.0s)
  [22] V22     880.0s →   922.0s  (42.0s)
  [23] V23     922.0s →  1068.0s  (146.0s)
  [24] V24    1068.0s →  1113.0s  (45.0s)
  [25] C      1113.0s →  1196.0s  (83.0s)

✓ 特征已保存: /Users/jiaxuan/Desktop/Music Project/VariVis/backend/features/LBeethoven_WOO65_2.json

LBeethoven_WOO65_2: 加载 WAV…
  T    3.0s–42.0s … key=Dmaj r=0.91  voiced=0.71  beats=58 ✓
  V1   42.0s–80.0s … key=Dmaj r=0.98  voiced=0.70  beats=133 ✓
  V2   80.0s–115.0s … key=Amaj r=0.74  voiced=0.67  beats=63 ✓
  V3   115.0s–149.0s … key=Dmaj r=0.88  voiced=0.66  beats=59 ✓
  V4   149.0s–188.0s … key=Dmaj r=0.79  voiced=0.65  beats=60 ✓
  V5   188.0s–224.0s … key=Dmaj r=0.85  voiced=0.68  beats=65 ✓
  V6   224.0s–261.0s … key=Dmaj r=0.83  voiced=0.69  beats=69 ✓
  V7   261.0s–300.0s … key=Dmaj r=0.95  voiced=0.63  beats=61 ✓
  V8   300.0s–340.0s … key=Dmaj r=0.90  voiced=0.75  beats=87 ✓
  V9   340.0s–377.0s … key=Dmaj r=0.90  voiced=0.66  beats=62 ✓
  V10  377.0s–417.0s … key=Dmaj r=0.86  voiced=0.72  beats=140 ✓
  V11  417.0s–448.0s … key=Dmaj r=0.82  voiced=0.59  beats=59 ✓
  V12  448.0s–499.0s … key=Dmin r=0.92  voiced=0.80  beats=59 ✓
  V13  499.0s–535.0s … key=Dmin r=0.83  voiced=0.59  beats=64 ✓
  V14  535.0s–617.0s … key=Dmaj r=0.91  voiced=0.67  beats=146 ✓
  V15  617.0s–657.0s … key=Dmaj r=0.90  voiced=0.66  beats=65 ✓
  V16  657.0s–693.0s … key=Dmaj r=0.95  voiced=0.65  beats=59 ✓
  V17  693.0s–743.0s … key=Dmaj r=0.90  voiced=0.67  beats=79 ✓
  V18  743.0s–771.0s … key=Dmaj r=0.75  voiced=0.65  beats=54 ✓
  V19  771.0s–806.0s … key=Dmaj r=0.88  voiced=0.59  beats=63 ✓
  V20  806.0s–844.0s … key=Dmaj r=0.87  voiced=0.62  beats=65 ✓
  V21  844.0s–880.0s … key=Dmaj r=0.93  voiced=0.64  beats=19 ✓
  V22  880.0s–922.0s … key=Dmaj r=0.87  voiced=0.53  beats=64 ✓
  V23  922.0s–1068.0s … key=Dmaj r=0.96  voiced=0.79  beats=275 ✓
  V24  1068.0s–1113.0s … key=Dmaj r=0.89  voiced=0.68  beats=103 ✓
  C    1113.0s–1196.0s … key=Dmaj r=0.81  voiced=0.66  beats=238 ✓
✓ 已保存: /Users/jiaxuan/Desktop/Music Project/VariVis/backend/features/LBeethoven_WOO65_2.json
Fri Apr 24 16:19:35 AEST 2026: OK LBeethoven_WOO65_2

============================================================
处理: LBeethoven_WOO65_3
============================================================
曲目: Beethoven 24 Variations on "Venni Amore" by Righini WoO 66
作曲: Ludwig van Beethoven
段落: ['T', 'V1', 'V2', 'V3', 'V4', 'V5', 'V6', 'V7', 'V8', 'V9', 'V10', 'V11', 'V12', 'V13', 'V14', 'V15', 'V16', 'V17', 'V18', 'V19', 'V20', 'V21', 'V22', 'V23', 'V24', 'C']  (26 段)
边界(秒): [1.0, 18.0, 37.0, 53.0, 68.0, 90.0, 112.0, 133.0, 164.0, 189.0, 208.0, 236.0, 253.0, 325.0, 344.0, 426.0, 467.0, 493.0, 536.0, 554.0, 573.0, 589.0, 618.0, 644.0, 838.0, 878.0, 952.0]

正在加载 WAV: LBeethoven_WOO65_3.wav...
已加载: 964.9s @ 48000Hz
  [ 0] T         1.0s →    18.0s  (17.0s)
  [ 1] V1       18.0s →    37.0s  (19.0s)
  [ 2] V2       37.0s →    53.0s  (16.0s)
  [ 3] V3       53.0s →    68.0s  (15.0s)
  [ 4] V4       68.0s →    90.0s  (22.0s)
  [ 5] V5       90.0s →   112.0s  (22.0s)
  [ 6] V6      112.0s →   133.0s  (21.0s)
  [ 7] V7      133.0s →   164.0s  (31.0s)
  [ 8] V8      164.0s →   189.0s  (25.0s)
  [ 9] V9      189.0s →   208.0s  (19.0s)
  [10] V10     208.0s →   236.0s  (28.0s)
  [11] V11     236.0s →   253.0s  (17.0s)
  [12] V12     253.0s →   325.0s  (72.0s)
  [13] V13     325.0s →   344.0s  (19.0s)
  [14] V14     344.0s →   426.0s  (82.0s)
  [15] V15     426.0s →   467.0s  (41.0s)
  [16] V16     467.0s →   493.0s  (26.0s)
  [17] V17     493.0s →   536.0s  (43.0s)
  [18] V18     536.0s →   554.0s  (18.0s)
  [19] V19     554.0s →   573.0s  (19.0s)
  [20] V20     573.0s →   589.0s  (16.0s)
  [21] V21     589.0s →   618.0s  (29.0s)
  [22] V22     618.0s →   644.0s  (26.0s)
  [23] V23     644.0s →   838.0s  (194.0s)
  [24] V24     838.0s →   878.0s  (40.0s)
  [25] C       878.0s →   952.0s  (74.0s)

✓ 特征已保存: /Users/jiaxuan/Desktop/Music Project/VariVis/backend/features/LBeethoven_WOO65_3.json

LBeethoven_WOO65_3: 加载 WAV…
  T    1.0s–18.0s … key=Dmaj r=0.71  voiced=0.59  beats=28 ✓
  V1   18.0s–37.0s … key=Dmaj r=0.85  voiced=0.69  beats=28 ✓
  V2   37.0s–53.0s … key=Dmaj r=0.71  voiced=0.66  beats=27 ✓
  V3   53.0s–68.0s … key=Dmaj r=0.92  voiced=0.57  beats=57 ✓
  V4   68.0s–90.0s … key=Dmaj r=0.74  voiced=0.71  beats=63 ✓
  V5   90.0s–112.0s … key=Dmaj r=0.71  voiced=0.62  beats=67 ✓
  V6   112.0s–133.0s … key=Dmaj r=0.84  voiced=0.54  beats=31 ✓
  V7   133.0s–164.0s … key=Dmaj r=0.91  voiced=0.67  beats=24 ✓
  V8   164.0s–189.0s … key=Dmaj r=0.79  voiced=0.76  beats=42 ✓
  V9   189.0s–208.0s … key=Dmaj r=0.90  voiced=0.64  beats=27 ✓
  V10  208.0s–236.0s … key=Dmaj r=0.68  voiced=0.72  beats=72 ✓
  V11  236.0s–253.0s … key=Dmaj r=0.73  voiced=0.59  beats=31 ✓
  V12  253.0s–325.0s … key=Dmin r=0.78  voiced=0.79  beats=58 ✓
  V13  325.0s–344.0s … key=Dmin r=0.80  voiced=0.67  beats=31 ✓
  V14  344.0s–426.0s … key=Dmaj r=0.70  voiced=0.71  beats=167 ✓
  V15  426.0s–467.0s … key=Dmaj r=0.90  voiced=0.58  beats=64 ✓
  V16  467.0s–493.0s … key=Dmaj r=0.87  voiced=0.67  beats=55 ✓
  V17  493.0s–536.0s … key=Dmaj r=0.74  voiced=0.72  beats=55 ✓
  V18  536.0s–554.0s … key=Dmaj r=0.67  voiced=0.65  beats=48 ✓
  V19  554.0s–573.0s … key=Dmaj r=0.79  voiced=0.67  beats=33 ✓
  V20  573.0s–589.0s … key=Dmaj r=0.79  voiced=0.56  beats=30 ✓
  V21  589.0s–618.0s … key=Dmaj r=0.91  voiced=0.76  beats=27 ✓
  V22  618.0s–644.0s … key=Dmaj r=0.80  voiced=0.63  beats=32 ✓
  V23  644.0s–838.0s … key=Dmaj r=0.82  voiced=0.77  beats=692 ✓
  V24  838.0s–878.0s … key=Dmaj r=0.74  voiced=0.53  beats=101 ✓
  C    878.0s–952.0s … key=Dmaj r=0.59  voiced=0.72  beats=160 ✓
✓ 已保存: /Users/jiaxuan/Desktop/Music Project/VariVis/backend/features/LBeethoven_WOO65_3.json
Fri Apr 24 16:24:49 AEST 2026: OK LBeethoven_WOO65_3

============================================================
处理: LBeethoven_WOO65_5
============================================================
曲目: Beethoven 24 Variations on "Venni Amore" by Righini WoO 68
作曲: Ludwig van Beethoven
段落: ['T', 'V1', 'V2', 'V3', 'V4', 'V5', 'V6', 'V7', 'V8', 'V9', 'V10', 'V11', 'V12', 'V13', 'V14', 'V15', 'V16', 'V17', 'V18', 'V19', 'V20', 'V21', 'V22', 'V23', 'V24', 'C']  (26 段)
边界(秒): [1.0, 47.0, 89.0, 133.0, 169.0, 211.0, 251.0, 286.0, 329.0, 398.0, 430.0, 471.0, 508.0, 582.0, 622.0, 713.0, 747.0, 788.0, 854.0, 890.0, 937.0, 970.0, 1006.0, 1056.0, 1281.0, 1325.0, 1407.0]

正在加载 WAV: LBeethoven_WOO65_5.wav...
已加载: 1415.1s @ 48000Hz
  [ 0] T         1.0s →    47.0s  (46.0s)
  [ 1] V1       47.0s →    89.0s  (42.0s)
  [ 2] V2       89.0s →   133.0s  (44.0s)
  [ 3] V3      133.0s →   169.0s  (36.0s)
  [ 4] V4      169.0s →   211.0s  (42.0s)
  [ 5] V5      211.0s →   251.0s  (40.0s)
  [ 6] V6      251.0s →   286.0s  (35.0s)
  [ 7] V7      286.0s →   329.0s  (43.0s)
  [ 8] V8      329.0s →   398.0s  (69.0s)
  [ 9] V9      398.0s →   430.0s  (32.0s)
  [10] V10     430.0s →   471.0s  (41.0s)
  [11] V11     471.0s →   508.0s  (37.0s)
  [12] V12     508.0s →   582.0s  (74.0s)
  [13] V13     582.0s →   622.0s  (40.0s)
  [14] V14     622.0s →   713.0s  (91.0s)
  [15] V15     713.0s →   747.0s  (34.0s)
  [16] V16     747.0s →   788.0s  (41.0s)
  [17] V17     788.0s →   854.0s  (66.0s)
  [18] V18     854.0s →   890.0s  (36.0s)
  [19] V19     890.0s →   937.0s  (47.0s)
  [20] V20     937.0s →   970.0s  (33.0s)
  [21] V21     970.0s →  1006.0s  (36.0s)
  [22] V22    1006.0s →  1056.0s  (50.0s)
  [23] V23    1056.0s →  1281.0s  (225.0s)
  [24] V24    1281.0s →  1325.0s  (44.0s)
  [25] C      1325.0s →  1407.0s  (82.0s)

✓ 特征已保存: /Users/jiaxuan/Desktop/Music Project/VariVis/backend/features/LBeethoven_WOO65_5.json

LBeethoven_WOO65_5: 加载 WAV…
  T    1.0s–47.0s … key=Dmaj r=0.81  voiced=0.51  beats=47 ✓
  V1   47.0s–89.0s … key=Dmaj r=0.94  voiced=0.69  beats=68 ✓
  V2   89.0s–133.0s … key=Dmin r=0.64  voiced=0.62  beats=125 ✓
  V3   133.0s–169.0s … key=Dmaj r=0.83  voiced=0.65  beats=58 ✓
  V4   169.0s–211.0s … key=Dmaj r=0.88  voiced=0.64  beats=61 ✓
  V5   211.0s–251.0s … key=Dmin r=0.75  voiced=0.69  beats=133 ✓
  V6   251.0s–286.0s … key=Dmaj r=0.79  voiced=0.61  beats=60 ✓
  V7   286.0s–329.0s … key=Dmaj r=0.94  voiced=0.62  beats=68 ✓
  V8   329.0s–398.0s … key=Dmaj r=0.83  voiced=0.81  beats=202 ✓
  V9   398.0s–430.0s … key=Dmaj r=0.81  voiced=0.72  beats=47 ✓
  V10  430.0s–471.0s … key=Dmaj r=0.79  voiced=0.79  beats=62 ✓
  V11  471.0s–508.0s … key=Dmaj r=0.82  voiced=0.57  beats=48 ✓
  V12  508.0s–582.0s … key=Dmin r=0.91  voiced=0.73  beats=139 ✓
  V13  582.0s–622.0s … key=Dmin r=0.78  voiced=0.73  beats=92 ✓
  V14  622.0s–713.0s … key=Dmaj r=0.82  voiced=0.71  beats=150 ✓
  V15  713.0s–747.0s … key=Dmaj r=0.89  voiced=0.63  beats=63 ✓
  V16  747.0s–788.0s … key=Dmaj r=0.89  voiced=0.73  beats=60 ✓
  V17  788.0s–854.0s … key=Dmaj r=0.83  voiced=0.69  beats=104 ✓
  V18  854.0s–890.0s … key=Dmin r=0.67  voiced=0.71  beats=85 ✓
  V19  890.0s–937.0s … key=Dmaj r=0.86  voiced=0.60  beats=90 ✓
  V20  937.0s–970.0s … key=Dmaj r=0.52  voiced=0.65  beats=41 ✓
  V21  970.0s–1006.0s … key=Dmaj r=0.77  voiced=0.63  beats=53 ✓
  V22  1006.0s–1056.0s … key=Dmaj r=0.81  voiced=0.69  beats=79 ✓
  V23  1056.0s–1281.0s … key=Dmaj r=0.89  voiced=0.79  beats=545 ✓
  V24  1281.0s–1325.0s … key=Dmaj r=0.74  voiced=0.65  beats=105 ✓
  C    1325.0s–1407.0s … key=Dmin r=0.65  voiced=0.66  beats=168 ✓
✓ 已保存: /Users/jiaxuan/Desktop/Music Project/VariVis/backend/features/LBeethoven_WOO65_5.json
Fri Apr 24 16:31:01 AEST 2026: OK LBeethoven_WOO65_5

============================================================
处理: LBeethoven_WOO65_6
============================================================
曲目: Beethoven 24 Variations on "Venni Amore" by Righini WoO 69
作曲: Ludwig van Beethoven
段落: ['T', 'V1', 'V2', 'V3', 'V4', 'V5', 'V6', 'V7', 'V8', 'V9', 'V10', 'V11', 'V12', 'V13', 'V14', 'V15', 'V16', 'V17', 'V18', 'V19', 'V20', 'V21', 'V22', 'V23', 'V24', 'C']  (26 段)
边界(秒): [0.0, 36.0, 69.0, 107.0, 136.0, 179.0, 238.0, 277.0, 315.0, 363.0, 392.0, 444.0, 483.0, 539.0, 576.0, 672.0, 713.0, 759.0, 815.0, 866.0, 898.0, 942.0, 973.0, 1010.0, 1215.0, 1259.0, 1345.0]

正在加载 WAV: LBeethoven_WOO65_6.wav...
已加载: 1354.2s @ 48000Hz
  [ 0] T         0.0s →    36.0s  (36.0s)
  [ 1] V1       36.0s →    69.0s  (33.0s)
  [ 2] V2       69.0s →   107.0s  (38.0s)
  [ 3] V3      107.0s →   136.0s  (29.0s)
  [ 4] V4      136.0s →   179.0s  (43.0s)
  [ 5] V5      179.0s →   238.0s  (59.0s)
  [ 6] V6      238.0s →   277.0s  (39.0s)
  [ 7] V7      277.0s →   315.0s  (38.0s)
  [ 8] V8      315.0s →   363.0s  (48.0s)
  [ 9] V9      363.0s →   392.0s  (29.0s)
  [10] V10     392.0s →   444.0s  (52.0s)
  [11] V11     444.0s →   483.0s  (39.0s)
  [12] V12     483.0s →   539.0s  (56.0s)
  [13] V13     539.0s →   576.0s  (37.0s)
  [14] V14     576.0s →   672.0s  (96.0s)
  [15] V15     672.0s →   713.0s  (41.0s)
  [16] V16     713.0s →   759.0s  (46.0s)
  [17] V17     759.0s →   815.0s  (56.0s)
  [18] V18     815.0s →   866.0s  (51.0s)
  [19] V19     866.0s →   898.0s  (32.0s)
  [20] V20     898.0s →   942.0s  (44.0s)
  [21] V21     942.0s →   973.0s  (31.0s)
  [22] V22     973.0s →  1010.0s  (37.0s)
  [23] V23    1010.0s →  1215.0s  (205.0s)
  [24] V24    1215.0s →  1259.0s  (44.0s)
  [25] C      1259.0s →  1345.0s  (86.0s)

✓ 特征已保存: /Users/jiaxuan/Desktop/Music Project/VariVis/backend/features/LBeethoven_WOO65_6.json

LBeethoven_WOO65_6: 加载 WAV…
  T    0.0s–36.0s … key=Dmaj r=0.88  voiced=0.71  beats=61 ✓
  V1   36.0s–69.0s … key=Dmaj r=0.88  voiced=0.70  beats=53 ✓
  V2   69.0s–107.0s … key=Dmaj r=0.78  voiced=0.64  beats=60 ✓
  V3   107.0s–136.0s … key=Dmaj r=0.86  voiced=0.65  beats=57 ✓
  V4   136.0s–179.0s … key=Amaj r=0.88  voiced=0.58  beats=50 ✓
  V5   179.0s–238.0s … key=Amaj r=0.84  voiced=0.63  beats=93 ✓
  V6   238.0s–277.0s … key=Dmaj r=0.81  voiced=0.62  beats=98 ✓
  V7   277.0s–315.0s … key=Dmaj r=0.87  voiced=0.57  beats=42 ✓
  V8   315.0s–363.0s … key=Dmaj r=0.81  voiced=0.78  beats=88 ✓
  V9   363.0s–392.0s … key=Dmaj r=0.82  voiced=0.65  beats=47 ✓
  V10  392.0s–444.0s … key=Amaj r=0.79  voiced=0.80  beats=15 ✓
  V11  444.0s–483.0s … key=Dmaj r=0.80  voiced=0.49  beats=64 ✓
  V12  483.0s–539.0s … key=Dmin r=0.87  voiced=0.80  beats=68 ✓
  V13  539.0s–576.0s … key=Dmin r=0.71  voiced=0.70  beats=65 ✓
  V14  576.0s–672.0s … key=Dmaj r=0.80  voiced=0.73  beats=303 ✓
  V15  672.0s–713.0s … key=Dmaj r=0.89  voiced=0.69  beats=62 ✓
  V16  713.0s–759.0s … key=Dmaj r=0.91  voiced=0.65  beats=60 ✓
  V17  759.0s–815.0s … key=Dmaj r=0.80  voiced=0.65  beats=66 ✓
  V18  815.0s–866.0s … key=Dmaj r=0.77  voiced=0.68  beats=134 ✓
  V19  866.0s–898.0s … key=Dmaj r=0.83  voiced=0.66  beats=62 ✓
  V20  898.0s–942.0s … key=Dmaj r=0.76  voiced=0.60  beats=75 ✓
  V21  942.0s–973.0s … key=Dmaj r=0.88  voiced=0.64  beats=45 ✓
  V22  973.0s–1010.0s … key=Amaj r=0.82  voiced=0.65  beats=54 ✓
  V23  1010.0s–1215.0s … key=Dmaj r=0.82  voiced=0.76  beats=397 ✓
  V24  1215.0s–1259.0s … key=Dmaj r=0.82  voiced=0.71  beats=35 ✓
  C    1259.0s–1345.0s … key=Amaj r=0.72  voiced=0.66  beats=150 ✓
✓ 已保存: /Users/jiaxuan/Desktop/Music Project/VariVis/backend/features/LBeethoven_WOO65_6.json
Fri Apr 24 16:37:04 AEST 2026: OK LBeethoven_WOO65_6

============================================================
处理: LBeethoven_WOO65_7
============================================================
曲目: Beethoven 24 Variations on "Venni Amore" by Righini WoO 70
作曲: Ludwig van Beethoven
段落: ['T', 'V1', 'V2', 'V3', 'V4', 'V5', 'V6', 'V7', 'V8', 'V9', 'V10', 'V11', 'V12', 'V13', 'V14', 'V15', 'V16', 'V17', 'V18', 'V19', 'V20', 'V21', 'V22', 'V23', 'V24', 'C']  (26 段)
边界(秒): [16.0, 58.0, 87.0, 123.0, 143.0, 189.0, 231.0, 253.0, 307.0, 360.0, 400.0, 424.0, 461.0, 509.0, 550.0, 609.0, 642.0, 704.0, 770.0, 802.0, 837.0, 875.0, 911.0, 945.0, 1084.0, 1124.0, 1196.0]

正在加载 WAV: LBeethoven_WOO65_7.wav...
已加载: 1210.5s @ 48000Hz
  [ 0] T        16.0s →    58.0s  (42.0s)
  [ 1] V1       58.0s →    87.0s  (29.0s)
  [ 2] V2       87.0s →   123.0s  (36.0s)
  [ 3] V3      123.0s →   143.0s  (20.0s)
  [ 4] V4      143.0s →   189.0s  (46.0s)
  [ 5] V5      189.0s →   231.0s  (42.0s)
  [ 6] V6      231.0s →   253.0s  (22.0s)
  [ 7] V7      253.0s →   307.0s  (54.0s)
  [ 8] V8      307.0s →   360.0s  (53.0s)
  [ 9] V9      360.0s →   400.0s  (40.0s)
  [10] V10     400.0s →   424.0s  (24.0s)
  [11] V11     424.0s →   461.0s  (37.0s)
  [12] V12     461.0s →   509.0s  (48.0s)
  [13] V13     509.0s →   550.0s  (41.0s)
  [14] V14     550.0s →   609.0s  (59.0s)
  [15] V15     609.0s →   642.0s  (33.0s)
  [16] V16     642.0s →   704.0s  (62.0s)
  [17] V17     704.0s →   770.0s  (66.0s)
  [18] V18     770.0s →   802.0s  (32.0s)
  [19] V19     802.0s →   837.0s  (35.0s)
  [20] V20     837.0s →   875.0s  (38.0s)
  [21] V21     875.0s →   911.0s  (36.0s)
  [22] V22     911.0s →   945.0s  (34.0s)
  [23] V23     945.0s →  1084.0s  (139.0s)
  [24] V24    1084.0s →  1124.0s  (40.0s)
  [25] C      1124.0s →  1196.0s  (72.0s)

✓ 特征已保存: /Users/jiaxuan/Desktop/Music Project/VariVis/backend/features/LBeethoven_WOO65_7.json

LBeethoven_WOO65_7: 加载 WAV…
  T    16.0s–58.0s … key=Dmaj r=0.95  voiced=0.65  beats=71 ✓
  V1   58.0s–87.0s … key=Dmaj r=0.90  voiced=0.69  beats=50 ✓
  V2   87.0s–123.0s … key=Dmaj r=0.84  voiced=0.58  beats=59 ✓
  V3   123.0s–143.0s … key=Dmaj r=0.85  voiced=0.66  beats=46 ✓
  V4   143.0s–189.0s … key=Dmaj r=0.84  voiced=0.61  beats=55 ✓
  V5   189.0s–231.0s … key=Dmaj r=0.87  voiced=0.65  beats=128 ✓
  V6   231.0s–253.0s … key=Dmaj r=0.86  voiced=0.59  beats=65 ✓
  V7   253.0s–307.0s … key=Dmaj r=0.98  voiced=0.65  beats=62 ✓
  V8   307.0s–360.0s … key=Dmaj r=0.86  voiced=0.68  beats=135 ✓
  V9   360.0s–400.0s … key=Dmaj r=0.92  voiced=0.66  beats=47 ✓
  V10  400.0s–424.0s … key=Dmaj r=0.85  voiced=0.65  beats=61 ✓
  V11  424.0s–461.0s … key=Dmaj r=0.85  voiced=0.53  beats=67 ✓
  V12  461.0s–509.0s … key=Dmin r=0.93  voiced=0.66  beats=64 ✓
  V13  509.0s–550.0s … key=Dmin r=0.81  voiced=0.57  beats=63 ✓
  V14  550.0s–609.0s … key=Dmaj r=0.89  voiced=0.73  beats=99 ✓
  V15  609.0s–642.0s … key=Dmaj r=0.91  voiced=0.57  beats=63 ✓
  V16  642.0s–704.0s … key=Dmaj r=0.94  voiced=0.74  beats=119 ✓
  V17  704.0s–770.0s … key=Dmaj r=0.85  voiced=0.72  beats=77 ✓
  V18  770.0s–802.0s … key=Dmaj r=0.68  voiced=0.68  beats=65 ✓
  V19  802.0s–837.0s … key=Dmaj r=0.88  voiced=0.72  beats=65 ✓
  V20  837.0s–875.0s … key=Dmaj r=0.91  voiced=0.64  beats=59 ✓
  V21  875.0s–911.0s … key=Dmaj r=0.96  voiced=0.59  beats=61 ✓
  V22  911.0s–945.0s … key=Dmaj r=0.91  voiced=0.66  beats=62 ✓
  V23  945.0s–1084.0s … key=Dmaj r=0.94  voiced=0.73  beats=203 ✓
  V24  1084.0s–1124.0s … key=Dmaj r=0.89  voiced=0.54  beats=91 ✓
  C    1124.0s–1196.0s … key=Dmaj r=0.78  voiced=0.65  beats=155 ✓
✓ 已保存: /Users/jiaxuan/Desktop/Music Project/VariVis/backend/features/LBeethoven_WOO65_7.json
Fri Apr 24 16:42:10 AEST 2026: OK LBeethoven_WOO65_7

============================================================
处理: LBeethoven_WOO65_8
============================================================
曲目: Beethoven 24 Variations on "Venni Amore" by Righini WoO 71
作曲: Ludwig van Beethoven
段落: ['T', 'V1', 'V2', 'V3', 'V4', 'V5', 'V6', 'V7', 'V8', 'V9', 'V10', 'V11', 'V12', 'V13', 'V14', 'V15', 'V16', 'V17', 'V18', 'V19', 'V20', 'V21', 'V22', 'V23', 'V24', 'C']  (26 段)
边界(秒): [3.0, 37.0, 67.0, 98.0, 131.0, 180.0, 223.0, 249.0, 291.0, 339.0, 379.0, 407.0, 445.0, 508.0, 548.0, 633.0, 672.0, 721.0, 782.0, 819.0, 853.0, 893.0, 934.0, 979.0, 1144.0, 1183.0, 1256.0]

正在加载 WAV: LBeethoven_WOO65_8.wav...
已加载: 1262.3s @ 48000Hz
  [ 0] T         3.0s →    37.0s  (34.0s)
  [ 1] V1       37.0s →    67.0s  (30.0s)
  [ 2] V2       67.0s →    98.0s  (31.0s)
  [ 3] V3       98.0s →   131.0s  (33.0s)
  [ 4] V4      131.0s →   180.0s  (49.0s)
  [ 5] V5      180.0s →   223.0s  (43.0s)
  [ 6] V6      223.0s →   249.0s  (26.0s)
  [ 7] V7      249.0s →   291.0s  (42.0s)
  [ 8] V8      291.0s →   339.0s  (48.0s)
  [ 9] V9      339.0s →   379.0s  (40.0s)
  [10] V10     379.0s →   407.0s  (28.0s)
  [11] V11     407.0s →   445.0s  (38.0s)
  [12] V12     445.0s →   508.0s  (63.0s)
  [13] V13     508.0s →   548.0s  (40.0s)
  [14] V14     548.0s →   633.0s  (85.0s)
  [15] V15     633.0s →   672.0s  (39.0s)
  [16] V16     672.0s →   721.0s  (49.0s)
  [17] V17     721.0s →   782.0s  (61.0s)
  [18] V18     782.0s →   819.0s  (37.0s)
  [19] V19     819.0s →   853.0s  (34.0s)
  [20] V20     853.0s →   893.0s  (40.0s)
  [21] V21     893.0s →   934.0s  (41.0s)
  [22] V22     934.0s →   979.0s  (45.0s)
  [23] V23     979.0s →  1144.0s  (165.0s)
  [24] V24    1144.0s →  1183.0s  (39.0s)
  [25] C      1183.0s →  1256.0s  (73.0s)

✓ 特征已保存: /Users/jiaxuan/Desktop/Music Project/VariVis/backend/features/LBeethoven_WOO65_8.json

LBeethoven_WOO65_8: 加载 WAV…
  T    3.0s–37.0s … key=Dmaj r=0.88  voiced=0.81  beats=61 ✓
  V1   37.0s–67.0s … key=Dmaj r=0.97  voiced=0.71  beats=65 ✓
  V2   67.0s–98.0s … key=Dmaj r=0.73  voiced=0.66  beats=62 ✓
  V3   98.0s–131.0s … key=Dmaj r=0.86  voiced=0.64  beats=58 ✓
  V4   131.0s–180.0s … key=Dmaj r=0.83  voiced=0.60  beats=116 ✓
  V5   180.0s–223.0s … key=Dmaj r=0.81  voiced=0.71  beats=128 ✓
  V6   223.0s–249.0s … key=Dmaj r=0.84  voiced=0.55  beats=64 ✓
  V7   249.0s–291.0s … key=Dmaj r=0.94  voiced=0.58  beats=69 ✓
  V8   291.0s–339.0s … key=Dmaj r=0.89  voiced=0.78  beats=90 ✓
  V9   339.0s–379.0s … key=Dmaj r=0.86  voiced=0.45  beats=62 ✓
  V10  379.0s–407.0s … key=Amaj r=0.78  voiced=0.64  beats=54 ✓
  V11  407.0s–445.0s … key=Dmaj r=0.87  voiced=0.59  beats=66 ✓
  V12  445.0s–508.0s … key=Dmin r=0.83  voiced=0.80  beats=77 ✓
  V13  508.0s–548.0s … key=Dmin r=0.84  voiced=0.61  beats=64 ✓
  V14  548.0s–633.0s … key=Dmaj r=0.84  voiced=0.71  beats=101 ✓
  V15  633.0s–672.0s … key=Dmaj r=0.93  voiced=0.71  beats=67 ✓
  V16  672.0s–721.0s … key=Dmaj r=0.93  voiced=0.55  beats=80 ✓
  V17  721.0s–782.0s … key=Dmaj r=0.76  voiced=0.67  beats=66 ✓
  V18  782.0s–819.0s … key=Dmaj r=0.79  voiced=0.62  beats=59 ✓
  V19  819.0s–853.0s … key=Dmaj r=0.84  voiced=0.57  beats=64 ✓
  V20  853.0s–893.0s … key=Dmaj r=0.78  voiced=0.68  beats=33 ✓
  V21  893.0s–934.0s … key=Dmaj r=0.93  voiced=0.58  beats=37 ✓
  V22  934.0s–979.0s … key=Dmaj r=0.79  voiced=0.56  beats=74 ✓
  V23  979.0s–1144.0s … key=Dmaj r=0.91  voiced=0.74  beats=483 ✓
  V24  1144.0s–1183.0s … key=Dmaj r=0.82  voiced=0.59  beats=39 ✓
  C    1183.0s–1256.0s … key=Dmaj r=0.76  voiced=0.62  beats=145 ✓
✓ 已保存: /Users/jiaxuan/Desktop/Music Project/VariVis/backend/features/LBeethoven_WOO65_8.json
Fri Apr 24 16:47:34 AEST 2026: OK LBeethoven_WOO65_8

============================================================
处理: LBeethoven_OP66_1
============================================================
曲目: 12 Variations on "Ein Mädchen oder Weibchen",from Mozart's Die Zauberflöte,Op. 66
作曲: Ludwig van Beethoven
段落: ['T', 'V1', 'V2', 'V3', 'V4', 'V5', 'V6', 'V7', 'V8', 'V9', 'V10', 'V11', 'V12']  (13 段)
边界(秒): [8.0, 37.0, 69.0, 99.0, 127.0, 160.0, 190.0, 215.0, 251.0, 281.0, 315.0, 392.0, 465.0, 568.0]

正在加载 WAV: LBeethoven_OP66_1.wav...
已加载: 570.1s @ 48000Hz
  [ 0] T         8.0s →    37.0s  (29.0s)
  [ 1] V1       37.0s →    69.0s  (32.0s)
  [ 2] V2       69.0s →    99.0s  (30.0s)
  [ 3] V3       99.0s →   127.0s  (28.0s)
  [ 4] V4      127.0s →   160.0s  (33.0s)
  [ 5] V5      160.0s →   190.0s  (30.0s)
  [ 6] V6      190.0s →   215.0s  (25.0s)
  [ 7] V7      215.0s →   251.0s  (36.0s)
  [ 8] V8      251.0s →   281.0s  (30.0s)
  [ 9] V9      281.0s →   315.0s  (34.0s)
  [10] V10     315.0s →   392.0s  (77.0s)
  [11] V11     392.0s →   465.0s  (73.0s)
  [12] V12     465.0s →   568.0s  (103.0s)

✓ 特征已保存: /Users/jiaxuan/Desktop/Music Project/VariVis/backend/features/LBeethoven_OP66_1.json

LBeethoven_OP66_1: 加载 WAV…
  T    8.0s–37.0s … key=Fmin r=0.70  voiced=0.78  beats=62 ✓
  V1   37.0s–69.0s … key=Cmaj r=0.82  voiced=0.81  beats=78 ✓
  V2   69.0s–99.0s … key=Cmaj r=0.76  voiced=0.71  beats=57 ✓
  V3   99.0s–127.0s … key=Cmaj r=0.80  voiced=0.65  beats=61 ✓
  V4   127.0s–160.0s … key=Cmaj r=0.71  voiced=0.82  beats=72 ✓
  V5   160.0s–190.0s … key=Fmin r=0.70  voiced=0.67  beats=59 ✓
  V6   190.0s–215.0s … key=Fmin r=0.68  voiced=0.62  beats=62 ✓
  V7   215.0s–251.0s … key=Fmaj r=0.74  voiced=0.77  beats=82 ✓
  V8   251.0s–281.0s … key=Cmaj r=0.80  voiced=0.53  beats=66 ✓
  V9   281.0s–315.0s … key=Cmaj r=0.75  voiced=0.80  beats=53 ✓
  V10  315.0s–392.0s … key=Fmin r=0.76  voiced=0.87  beats=133 ✓
  V11  392.0s–465.0s … key=Fmin r=0.70  voiced=0.71  beats=124 ✓
  V12  465.0s–568.0s … key=Cmaj r=0.82  voiced=0.71  beats=250 ✓
✓ 已保存: /Users/jiaxuan/Desktop/Music Project/VariVis/backend/features/LBeethoven_OP66_1.json
Fri Apr 24 16:50:02 AEST 2026: OK LBeethoven_OP66_1

============================================================
处理: LBeethoven_OP66_2
============================================================
曲目: 12 Variations on "Ein Mädchen oder Weibchen",from Mozart's Die Zauberflöte,Op. 66
作曲: Ludwig van Beethoven
段落: ['T', 'V1', 'V2', 'V3', 'V4', 'V5', 'V6', 'V7', 'V8', 'V9', 'V10', 'V11', 'V12']  (13 段)
边界(秒): [1.0, 31.0, 68.0, 100.0, 129.0, 165.0, 197.0, 225.0, 269.0, 300.0, 336.0, 421.0, 480.0, 591.0]

正在加载 WAV: LBeethoven_OP66_2.wav...
已加载: 596.8s @ 48000Hz
  [ 0] T         1.0s →    31.0s  (30.0s)
  [ 1] V1       31.0s →    68.0s  (37.0s)
  [ 2] V2       68.0s →   100.0s  (32.0s)
  [ 3] V3      100.0s →   129.0s  (29.0s)
  [ 4] V4      129.0s →   165.0s  (36.0s)
  [ 5] V5      165.0s →   197.0s  (32.0s)
  [ 6] V6      197.0s →   225.0s  (28.0s)
  [ 7] V7      225.0s →   269.0s  (44.0s)
  [ 8] V8      269.0s →   300.0s  (31.0s)
  [ 9] V9      300.0s →   336.0s  (36.0s)
  [10] V10     336.0s →   421.0s  (85.0s)
  [11] V11     421.0s →   480.0s  (59.0s)
  [12] V12     480.0s →   591.0s  (111.0s)

✓ 特征已保存: /Users/jiaxuan/Desktop/Music Project/VariVis/backend/features/LBeethoven_OP66_2.json

LBeethoven_OP66_2: 加载 WAV…
  T    1.0s–31.0s … key=Cmaj r=0.81  voiced=0.51  beats=46 ✓
  V1   31.0s–68.0s … key=Cmaj r=0.71  voiced=0.77  beats=73 ✓
  V2   68.0s–100.0s … key=Cmaj r=0.76  voiced=0.61  beats=60 ✓
  V3   100.0s–129.0s … key=Cmaj r=0.75  voiced=0.63  beats=46 ✓
  V4   129.0s–165.0s … key=Cmaj r=0.77  voiced=0.72  beats=113 ✓
  V5   165.0s–197.0s … key=Cmaj r=0.66  voiced=0.59  beats=66 ✓
  V6   197.0s–225.0s … key=Cmaj r=0.75  voiced=0.49  beats=104 ✓
  V7   225.0s–269.0s … key=Cmaj r=0.78  voiced=0.80  beats=61 ✓
  V8   269.0s–300.0s … key=Cmaj r=0.75  voiced=0.39  beats=62 ✓
  V9   300.0s–336.0s … key=Cmaj r=0.79  voiced=0.69  beats=18 ✓
  V10  336.0s–421.0s … key=Fmin r=0.69  voiced=0.80  beats=97 ✓
  V11  421.0s–480.0s … key=Cmin r=0.55  voiced=0.61  beats=59 ✓
  V12  480.0s–591.0s … key=Fmaj r=0.81  voiced=0.54  beats=205 ✓
✓ 已保存: /Users/jiaxuan/Desktop/Music Project/VariVis/backend/features/LBeethoven_OP66_2.json
Fri Apr 24 16:52:32 AEST 2026: OK LBeethoven_OP66_2

============================================================
处理: LBeethoven_OP66_3
============================================================
曲目: 12 Variations on "Ein Mädchen oder Weibchen",from Mozart's Die Zauberflöte,Op. 66
作曲: Ludwig van Beethoven
段落: ['T', 'V1', 'V2', 'V3', 'V4', 'V5', 'V6', 'V7', 'V8', 'V9', 'V10', 'V11', 'V12']  (13 段)
边界(秒): [2.0, 31.0, 63.0, 92.0, 120.0, 152.0, 182.0, 205.0, 246.0, 274.0, 308.0, 387.0, 459.0, 556.0]

正在加载 WAV: LBeethoven_OP66_3.wav...
已加载: 558.4s @ 48000Hz
  [ 0] T         2.0s →    31.0s  (29.0s)
  [ 1] V1       31.0s →    63.0s  (32.0s)
  [ 2] V2       63.0s →    92.0s  (29.0s)
  [ 3] V3       92.0s →   120.0s  (28.0s)
  [ 4] V4      120.0s →   152.0s  (32.0s)
  [ 5] V5      152.0s →   182.0s  (30.0s)
  [ 6] V6      182.0s →   205.0s  (23.0s)
  [ 7] V7      205.0s →   246.0s  (41.0s)
  [ 8] V8      246.0s →   274.0s  (28.0s)
  [ 9] V9      274.0s →   308.0s  (34.0s)
  [10] V10     308.0s →   387.0s  (79.0s)
  [11] V11     387.0s →   459.0s  (72.0s)
  [12] V12     459.0s →   556.0s  (97.0s)

✓ 特征已保存: /Users/jiaxuan/Desktop/Music Project/VariVis/backend/features/LBeethoven_OP66_3.json

LBeethoven_OP66_3: 加载 WAV…
  T    2.0s–31.0s … key=Cmaj r=0.82  voiced=0.71  beats=54 ✓
  V1   31.0s–63.0s … key=Cmaj r=0.75  voiced=0.75  beats=74 ✓
  V2   63.0s–92.0s … key=Cmaj r=0.83  voiced=0.72  beats=66 ✓
  V3   92.0s–120.0s … key=Cmaj r=0.79  voiced=0.64  beats=60 ✓
  V4   120.0s–152.0s … key=Fmaj r=0.79  voiced=0.73  beats=64 ✓
  V5   152.0s–182.0s … key=Fmaj r=0.78  voiced=0.67  beats=68 ✓
  V6   182.0s–205.0s … key=Cmaj r=0.75  voiced=0.65  beats=64 ✓
  V7   205.0s–246.0s … key=Fmaj r=0.78  voiced=0.79  beats=82 ✓
  V8   246.0s–274.0s … key=Fmaj r=0.81  voiced=0.53  beats=65 ✓
  V9   274.0s–308.0s … key=Fmaj r=0.78  voiced=0.80  beats=69 ✓
  V10  308.0s–387.0s … key=Fmin r=0.69  voiced=0.80  beats=134 ✓
  V11  387.0s–459.0s … key=Fmin r=0.68  voiced=0.73  beats=150 ✓
  V12  459.0s–556.0s … key=Fmaj r=0.90  voiced=0.59  beats=206 ✓
✓ 已保存: /Users/jiaxuan/Desktop/Music Project/VariVis/backend/features/LBeethoven_OP66_3.json
Fri Apr 24 16:54:55 AEST 2026: OK LBeethoven_OP66_3

============================================================
处理: LBeethoven_OP66_4
============================================================
曲目: 12 Variations on "Ein Mädchen oder Weibchen",from Mozart's Die Zauberflöte,Op. 66
作曲: Ludwig van Beethoven
段落: ['T', 'V1', 'V2', 'V3', 'V4', 'V5', 'V6', 'V7', 'V8', 'V9', 'V10', 'V11', 'V12']  (13 段)
边界(秒): [1.0, 31.0, 66.0, 97.0, 129.0, 169.0, 201.0, 229.0, 272.0, 300.0, 339.0, 425.0, 496.0, 599.0]

正在加载 WAV: LBeethoven_OP66_4.wav...
已加载: 618.6s @ 48000Hz
  [ 0] T         1.0s →    31.0s  (30.0s)
  [ 1] V1       31.0s →    66.0s  (35.0s)
  [ 2] V2       66.0s →    97.0s  (31.0s)
  [ 3] V3       97.0s →   129.0s  (32.0s)
  [ 4] V4      129.0s →   169.0s  (40.0s)
  [ 5] V5      169.0s →   201.0s  (32.0s)
  [ 6] V6      201.0s →   229.0s  (28.0s)
  [ 7] V7      229.0s →   272.0s  (43.0s)
  [ 8] V8      272.0s →   300.0s  (28.0s)
  [ 9] V9      300.0s →   339.0s  (39.0s)
  [10] V10     339.0s →   425.0s  (86.0s)
  [11] V11     425.0s →   496.0s  (71.0s)
  [12] V12     496.0s →   599.0s  (103.0s)

✓ 特征已保存: /Users/jiaxuan/Desktop/Music Project/VariVis/backend/features/LBeethoven_OP66_4.json

LBeethoven_OP66_4: 加载 WAV…
  T    1.0s–31.0s … key=Cmaj r=0.87  voiced=0.78  beats=56 ✓
  V1   31.0s–66.0s … key=Cmaj r=0.79  voiced=0.80  beats=66 ✓
  V2   66.0s–97.0s … key=Fmaj r=0.75  voiced=0.75  beats=71 ✓
  V3   97.0s–129.0s … key=Cmaj r=0.70  voiced=0.68  beats=63 ✓
  V4   129.0s–169.0s … key=Fmaj r=0.80  voiced=0.80  beats=72 ✓
  V5   169.0s–201.0s … key=Fmaj r=0.72  voiced=0.66  beats=70 ✓
  V6   201.0s–229.0s … key=Cmaj r=0.75  voiced=0.61  beats=65 ✓
  V7   229.0s–272.0s … key=Fmaj r=0.82  voiced=0.78  beats=83 ✓
  V8   272.0s–300.0s … key=Cmaj r=0.79  voiced=0.58  beats=62 ✓
  V9   300.0s–339.0s … key=Fmaj r=0.79  voiced=0.83  beats=69 ✓
  V10  339.0s–425.0s … key=Fmin r=0.70  voiced=0.80  beats=158 ✓
  V11  425.0s–496.0s … key=Fmin r=0.63  voiced=0.73  beats=129 ✓
  V12  496.0s–599.0s … key=Fmaj r=0.86  voiced=0.68  beats=220 ✓
✓ 已保存: /Users/jiaxuan/Desktop/Music Project/VariVis/backend/features/LBeethoven_OP66_4.json
Fri Apr 24 16:57:33 AEST 2026: OK LBeethoven_OP66_4

============================================================
处理: LBeethoven_OP66_5
============================================================
曲目: 12 Variations on "Ein Mädchen oder Weibchen",from Mozart's Die Zauberflöte,Op. 66
作曲: Ludwig van Beethoven
段落: ['T', 'V1', 'V2', 'V3', 'V4', 'V5', 'V6', 'V7', 'V8', 'V9', 'V10', 'V11', 'V12']  (13 段)
边界(秒): [1.0, 34.0, 70.0, 104.0, 138.0, 179.0, 209.0, 239.0, 285.0, 314.0, 352.0, 436.0, 514.0, 627.0]

正在加载 WAV: LBeethoven_OP66_5.wav...
已加载: 631.2s @ 48000Hz
  [ 0] T         1.0s →    34.0s  (33.0s)
  [ 1] V1       34.0s →    70.0s  (36.0s)
  [ 2] V2       70.0s →   104.0s  (34.0s)
  [ 3] V3      104.0s →   138.0s  (34.0s)
  [ 4] V4      138.0s →   179.0s  (41.0s)
  [ 5] V5      179.0s →   209.0s  (30.0s)
  [ 6] V6      209.0s →   239.0s  (30.0s)
  [ 7] V7      239.0s →   285.0s  (46.0s)
  [ 8] V8      285.0s →   314.0s  (29.0s)
  [ 9] V9      314.0s →   352.0s  (38.0s)
  [10] V10     352.0s →   436.0s  (84.0s)
  [11] V11     436.0s →   514.0s  (78.0s)
  [12] V12     514.0s →   627.0s  (113.0s)

✓ 特征已保存: /Users/jiaxuan/Desktop/Music Project/VariVis/backend/features/LBeethoven_OP66_5.json

LBeethoven_OP66_5: 加载 WAV…
  T    1.0s–34.0s … key=Cmaj r=0.88  voiced=0.75  beats=67 ✓
  V1   34.0s–70.0s … key=Cmaj r=0.76  voiced=0.80  beats=73 ✓
  V2   70.0s–104.0s … key=Cmaj r=0.77  voiced=0.72  beats=55 ✓
  V3   104.0s–138.0s … key=Cmaj r=0.77  voiced=0.69  beats=61 ✓
  V4   138.0s–179.0s … key=Cmaj r=0.79  voiced=0.77  beats=75 ✓
  V5   179.0s–209.0s … key=Cmaj r=0.78  voiced=0.67  beats=65 ✓
  V6   209.0s–239.0s … key=Cmaj r=0.77  voiced=0.71  beats=73 ✓
  V7   239.0s–285.0s … key=Cmaj r=0.84  voiced=0.83  beats=75 ✓
  V8   285.0s–314.0s … key=Cmaj r=0.84  voiced=0.50  beats=63 ✓
  V9   314.0s–352.0s … key=Cmaj r=0.72  voiced=0.82  beats=51 ✓
  V10  352.0s–436.0s … key=Fmin r=0.66  voiced=0.87  beats=161 ✓
  V11  436.0s–514.0s … key=Cmin r=0.61  voiced=0.74  beats=99 ✓
  V12  514.0s–627.0s … key=Cmaj r=0.84  voiced=0.67  beats=212 ✓
✓ 已保存: /Users/jiaxuan/Desktop/Music Project/VariVis/backend/features/LBeethoven_OP66_5.json
Fri Apr 24 17:00:18 AEST 2026: OK LBeethoven_OP66_5

============================================================
处理: LBeethoven_OP66_6
============================================================
曲目: 12 Variations on "Ein Mädchen oder Weibchen",from Mozart's Die Zauberflöte,Op. 66
作曲: Ludwig van Beethoven
段落: ['T', 'V1', 'V2', 'V3', 'V4', 'V5', 'V6', 'V7', 'V8', 'V9', 'V10', 'V11', 'V12']  (13 段)
边界(秒): [1.0, 30.0, 66.0, 100.0, 130.0, 165.0, 195.0, 224.0, 266.0, 294.0, 333.0, 408.0, 468.0, 581.0]

正在加载 WAV: LBeethoven_OP66_6.wav...
已加载: 595.2s @ 48000Hz
  [ 0] T         1.0s →    30.0s  (29.0s)
  [ 1] V1       30.0s →    66.0s  (36.0s)
  [ 2] V2       66.0s →   100.0s  (34.0s)
  [ 3] V3      100.0s →   130.0s  (30.0s)
  [ 4] V4      130.0s →   165.0s  (35.0s)
  [ 5] V5      165.0s →   195.0s  (30.0s)
  [ 6] V6      195.0s →   224.0s  (29.0s)
  [ 7] V7      224.0s →   266.0s  (42.0s)
  [ 8] V8      266.0s →   294.0s  (28.0s)
  [ 9] V9      294.0s →   333.0s  (39.0s)
  [10] V10     333.0s →   408.0s  (75.0s)
  [11] V11     408.0s →   468.0s  (60.0s)
  [12] V12     468.0s →   581.0s  (113.0s)

✓ 特征已保存: /Users/jiaxuan/Desktop/Music Project/VariVis/backend/features/LBeethoven_OP66_6.json

LBeethoven_OP66_6: 加载 WAV…
  T    1.0s–30.0s … key=Cmaj r=0.86  voiced=0.72  beats=55 ✓
  V1   30.0s–66.0s … key=Cmaj r=0.77  voiced=0.77  beats=72 ✓
  V2   66.0s–100.0s … key=Fmaj r=0.78  voiced=0.66  beats=60 ✓
  V3   100.0s–130.0s … key=Cmaj r=0.73  voiced=0.59  beats=55 ✓
  V4   130.0s–165.0s … key=Fmaj r=0.78  voiced=0.71  beats=64 ✓
  V5   165.0s–195.0s … key=Fmaj r=0.72  voiced=0.57  beats=65 ✓
  V6   195.0s–224.0s … key=Fmaj r=0.69  voiced=0.51  beats=67 ✓
  V7   224.0s–266.0s … key=Fmaj r=0.76  voiced=0.74  beats=56 ✓
  V8   266.0s–294.0s … key=Fmaj r=0.74  voiced=0.38  beats=59 ✓
  V9   294.0s–333.0s … key=Cmaj r=0.66  voiced=0.68  beats=18 ✓
  V10  333.0s–408.0s … key=Fmin r=0.58  voiced=0.75  beats=163 ✓
  V11  408.0s–468.0s … key=Cmaj r=0.61  voiced=0.69  beats=110 ✓
  V12  468.0s–581.0s … key=Fmaj r=0.89  voiced=0.58  beats=215 ✓
✓ 已保存: /Users/jiaxuan/Desktop/Music Project/VariVis/backend/features/LBeethoven_OP66_6.json
Fri Apr 24 17:02:49 AEST 2026: OK LBeethoven_OP66_6

============================================================
处理: LBeethoven_OP66_7
============================================================
曲目: 12 Variations on "Ein Mädchen oder Weibchen",from Mozart's Die Zauberflöte,Op. 66
作曲: Ludwig van Beethoven
段落: ['T', 'V1', 'V2', 'V3', 'V4', 'V5', 'V6', 'V7', 'V8', 'V9', 'V10', 'V11', 'V12']  (13 段)
边界(秒): [1.0, 28.0, 62.0, 91.0, 121.0, 157.0, 187.0, 217.0, 258.0, 287.0, 316.0, 394.0, 450.0, 558.0]

正在加载 WAV: LBeethoven_OP66_7.wav...
已加载: 563.6s @ 48000Hz
  [ 0] T         1.0s →    28.0s  (27.0s)
  [ 1] V1       28.0s →    62.0s  (34.0s)
  [ 2] V2       62.0s →    91.0s  (29.0s)
  [ 3] V3       91.0s →   121.0s  (30.0s)
  [ 4] V4      121.0s →   157.0s  (36.0s)
  [ 5] V5      157.0s →   187.0s  (30.0s)
  [ 6] V6      187.0s →   217.0s  (30.0s)
  [ 7] V7      217.0s →   258.0s  (41.0s)
  [ 8] V8      258.0s →   287.0s  (29.0s)
  [ 9] V9      287.0s →   316.0s  (29.0s)
  [10] V10     316.0s →   394.0s  (78.0s)
  [11] V11     394.0s →   450.0s  (56.0s)
  [12] V12     450.0s →   558.0s  (108.0s)

✓ 特征已保存: /Users/jiaxuan/Desktop/Music Project/VariVis/backend/features/LBeethoven_OP66_7.json

LBeethoven_OP66_7: 加载 WAV…
  T    1.0s–28.0s … key=Cmaj r=0.83  voiced=0.70  beats=56 ✓
  V1   28.0s–62.0s … key=Cmaj r=0.77  voiced=0.79  beats=68 ✓
  V2   62.0s–91.0s … key=Cmaj r=0.80  voiced=0.71  beats=65 ✓
  V3   91.0s–121.0s … key=Cmaj r=0.74  voiced=0.66  beats=54 ✓
  V4   121.0s–157.0s … key=Fmaj r=0.77  voiced=0.71  beats=69 ✓
  V5   157.0s–187.0s … key=Fmaj r=0.74  voiced=0.72  beats=65 ✓
  V6   187.0s–217.0s … key=Cmaj r=0.74  voiced=0.57  beats=57 ✓
  V7   217.0s–258.0s … key=Cmaj r=0.82  voiced=0.77  beats=79 ✓
  V8   258.0s–287.0s … key=Cmaj r=0.79  voiced=0.60  beats=59 ✓
  V9   287.0s–316.0s … key=Fmaj r=0.81  voiced=0.75  beats=25 ✓
  V10  316.0s–394.0s … key=Fmin r=0.78  voiced=0.80  beats=141 ✓
  V11  394.0s–450.0s … key=Fmin r=0.66  voiced=0.81  beats=45 ✓
  V12  450.0s–558.0s … key=Fmaj r=0.88  voiced=0.67  beats=205 ✓
✓ 已保存: /Users/jiaxuan/Desktop/Music Project/VariVis/backend/features/LBeethoven_OP66_7.json
Fri Apr 24 17:05:14 AEST 2026: OK LBeethoven_OP66_7

============================================================
处理: LBeethoven_OP66_8
============================================================
曲目: 12 Variations on "Ein Mädchen oder Weibchen",from Mozart's Die Zauberflöte,Op. 66
作曲: Ludwig van Beethoven
段落: ['T', 'V1', 'V2', 'V3', 'V4', 'V5', 'V6', 'V7', 'V8', 'V9', 'V10', 'V11', 'V12']  (13 段)
边界(秒): [20.0, 52.0, 86.0, 119.0, 151.0, 193.0, 220.0, 248.0, 293.0, 321.0, 354.0, 432.0, 498.0, 605.0]

正在加载 WAV: LBeethoven_OP66_8.wav...
已加载: 611.1s @ 48000Hz
  [ 0] T        20.0s →    52.0s  (32.0s)
  [ 1] V1       52.0s →    86.0s  (34.0s)
  [ 2] V2       86.0s →   119.0s  (33.0s)
  [ 3] V3      119.0s →   151.0s  (32.0s)
  [ 4] V4      151.0s →   193.0s  (42.0s)
  [ 5] V5      193.0s →   220.0s  (27.0s)
  [ 6] V6      220.0s →   248.0s  (28.0s)
  [ 7] V7      248.0s →   293.0s  (45.0s)
  [ 8] V8      293.0s →   321.0s  (28.0s)
  [ 9] V9      321.0s →   354.0s  (33.0s)
  [10] V10     354.0s →   432.0s  (78.0s)
  [11] V11     432.0s →   498.0s  (66.0s)
  [12] V12     498.0s →   605.0s  (107.0s)

✓ 特征已保存: /Users/jiaxuan/Desktop/Music Project/VariVis/backend/features/LBeethoven_OP66_8.json

LBeethoven_OP66_8: 加载 WAV…
  T    20.0s–52.0s … key=Cmaj r=0.79  voiced=0.69  beats=57 ✓
  V1   52.0s–86.0s … key=Fmaj r=0.68  voiced=0.81  beats=70 ✓
  V2   86.0s–119.0s … key=Fmaj r=0.86  voiced=0.72  beats=56 ✓
  V3   119.0s–151.0s … key=Cmaj r=0.75  voiced=0.73  beats=67 ✓
  V4   151.0s–193.0s … key=Fmaj r=0.78  voiced=0.77  beats=93 ✓
  V5   193.0s–220.0s … key=Fmaj r=0.71  voiced=0.68  beats=56 ✓
  V6   220.0s–248.0s … key=Cmaj r=0.76  voiced=0.65  beats=66 ✓
  V7   248.0s–293.0s … key=Fmaj r=0.78  voiced=0.81  beats=70 ✓
  V8   293.0s–321.0s … key=Cmaj r=0.79  voiced=0.58  beats=64 ✓
  V9   321.0s–354.0s … key=Fmaj r=0.69  voiced=0.87  beats=63 ✓
  V10  354.0s–432.0s … key=Fmin r=0.84  voiced=0.87  beats=132 ✓
  V11  432.0s–498.0s … key=Fmin r=0.65  voiced=0.78  beats=62 ✓
  V12  498.0s–605.0s … key=Fmaj r=0.87  voiced=0.68  beats=215 ✓
✓ 已保存: /Users/jiaxuan/Desktop/Music Project/VariVis/backend/features/LBeethoven_OP66_8.json
Fri Apr 24 17:07:45 AEST 2026: OK LBeethoven_OP66_8

============================================================
处理: LBeethoven_OP66_9
============================================================
曲目: 12 Variations on "Ein Mädchen oder Weibchen",from Mozart's Die Zauberflöte,Op. 66
作曲: Ludwig van Beethoven
段落: ['T', 'V1', 'V2', 'V3', 'V4', 'V5', 'V6', 'V7', 'V8', 'V9', 'V10', 'V11', 'V12']  (13 段)
边界(秒): [0.0, 31.0, 72.0, 109.0, 140.0, 178.0, 213.0, 243.0, 291.0, 330.0, 369.0, 475.0, 558.0, 669.0]

正在加载 WAV: LBeethoven_OP66_9.wav...
已加载: 674.5s @ 48000Hz
  [ 0] T         0.0s →    31.0s  (31.0s)
  [ 1] V1       31.0s →    72.0s  (41.0s)
  [ 2] V2       72.0s →   109.0s  (37.0s)
  [ 3] V3      109.0s →   140.0s  (31.0s)
  [ 4] V4      140.0s →   178.0s  (38.0s)
  [ 5] V5      178.0s →   213.0s  (35.0s)
  [ 6] V6      213.0s →   243.0s  (30.0s)
  [ 7] V7      243.0s →   291.0s  (48.0s)
  [ 8] V8      291.0s →   330.0s  (39.0s)
  [ 9] V9      330.0s →   369.0s  (39.0s)
  [10] V10     369.0s →   475.0s  (106.0s)
  [11] V11     475.0s →   558.0s  (83.0s)
  [12] V12     558.0s →   669.0s  (111.0s)

✓ 特征已保存: /Users/jiaxuan/Desktop/Music Project/VariVis/backend/features/LBeethoven_OP66_9.json

LBeethoven_OP66_9: 加载 WAV…
  T    0.0s–31.0s … key=Cmaj r=0.77  voiced=0.71  beats=51 ✓
  V1   31.0s–72.0s … key=Cmaj r=0.74  voiced=0.81  beats=80 ✓
  V2   72.0s–109.0s … key=Fmaj r=0.80  voiced=0.67  beats=56 ✓
  V3   109.0s–140.0s … key=Cmaj r=0.77  voiced=0.69  beats=56 ✓
  V4   140.0s–178.0s … key=Fmaj r=0.72  voiced=0.70  beats=62 ✓
  V5   178.0s–213.0s … key=Fmaj r=0.71  voiced=0.62  beats=67 ✓
  V6   213.0s–243.0s … key=Fmaj r=0.77  voiced=0.64  beats=63 ✓
  V7   243.0s–291.0s … key=Fmaj r=0.87  voiced=0.82  beats=77 ✓
  V8   291.0s–330.0s … key=Fmaj r=0.81  voiced=0.57  beats=58 ✓
  V9   330.0s–369.0s … key=Fmaj r=0.76  voiced=0.78  beats=18 ✓
  V10  369.0s–475.0s … key=Fmin r=0.89  voiced=0.83  beats=185 ✓
  V11  475.0s–558.0s … key=Fmin r=0.64  voiced=0.72  beats=44 ✓
  V12  558.0s–669.0s … key=Fmaj r=0.91  voiced=0.66  beats=201 ✓
✓ 已保存: /Users/jiaxuan/Desktop/Music Project/VariVis/backend/features/LBeethoven_OP66_9.json
Fri Apr 24 17:15:49 AEST 2026: OK LBeethoven_OP66_9

============================================================
处理: LBeethoven_WOO64_1
============================================================
曲目: Six Variations on a Swiss Folk Song,WoO 64 Beethoven
作曲: Ludwig van Beethoven
段落: ['T', 'V1', 'V2', 'V3', 'V4', 'V5', 'V6', 'C']  (8 段)
边界(秒): [1.0, 23.0, 43.0, 65.0, 105.0, 124.0, 147.0, 166.0, 171.0]

正在加载 WAV: LBeethoven_WOO64_1.wav...
已加载: 174.0s @ 48000Hz
  [ 0] T         1.0s →    23.0s  (22.0s)
  [ 1] V1       23.0s →    43.0s  (20.0s)
  [ 2] V2       43.0s →    65.0s  (22.0s)
  [ 3] V3       65.0s →   105.0s  (40.0s)
  [ 4] V4      105.0s →   124.0s  (19.0s)
  [ 5] V5      124.0s →   147.0s  (23.0s)
  [ 6] V6      147.0s →   166.0s  (19.0s)
  [ 7] C       166.0s →   171.0s  (5.0s)

✓ 特征已保存: /Users/jiaxuan/Desktop/Music Project/VariVis/backend/features/LBeethoven_WOO64_1.json

LBeethoven_WOO64_1: 加载 WAV…
  T    1.0s–23.0s … key=Cmaj r=0.74  voiced=0.89  beats=36 ✓
  V1   23.0s–43.0s … key=Fmaj r=0.71  voiced=0.84  beats=37 ✓
  V2   43.0s–65.0s … key=Cmaj r=0.83  voiced=0.74  beats=48 ✓
  V3   65.0s–105.0s … key=Fmin r=0.69  voiced=0.73  beats=73 ✓
  V4   105.0s–124.0s … key=Cmaj r=0.72  voiced=0.62  beats=38 ✓
  V5   124.0s–147.0s … key=Fmaj r=0.83  voiced=0.85  beats=42 ✓
  V6   147.0s–166.0s … key=Cmaj r=0.73  voiced=0.76  beats=32 ✓
  C    166.0s–171.0s … key=Fmaj r=0.78  voiced=0.67  beats=8 ✓
✓ 已保存: /Users/jiaxuan/Desktop/Music Project/VariVis/backend/features/LBeethoven_WOO64_1.json
Fri Apr 24 17:18:24 AEST 2026: OK LBeethoven_WOO64_1

============================================================
处理: LBeethoven_WOO64_2
============================================================
曲目: Six Variations on a Swiss Folk Song,WoO 64 Beethoven
作曲: Ludwig van Beethoven
段落: ['T', 'V1', 'V2', 'V3', 'V4', 'V5', 'V6', 'C']  (8 段)
边界(秒): [1.0, 23.0, 44.0, 66.0, 90.0, 112.0, 135.0, 156.0, 166.0]

正在加载 WAV: LBeethoven_WOO64_2.wav...
已加载: 175.3s @ 48000Hz
  [ 0] T         1.0s →    23.0s  (22.0s)
  [ 1] V1       23.0s →    44.0s  (21.0s)
  [ 2] V2       44.0s →    66.0s  (22.0s)
  [ 3] V3       66.0s →    90.0s  (24.0s)
  [ 4] V4       90.0s →   112.0s  (22.0s)
  [ 5] V5      112.0s →   135.0s  (23.0s)
  [ 6] V6      135.0s →   156.0s  (21.0s)
  [ 7] C       156.0s →   166.0s  (10.0s)

✓ 特征已保存: /Users/jiaxuan/Desktop/Music Project/VariVis/backend/features/LBeethoven_WOO64_2.json

LBeethoven_WOO64_2: 加载 WAV…
  T    1.0s–23.0s … key=Cmaj r=0.73  voiced=0.82  beats=39 ✓
  V1   23.0s–44.0s … key=Fmaj r=0.70  voiced=0.78  beats=37 ✓
  V2   44.0s–66.0s … key=Cmaj r=0.84  voiced=0.82  beats=40 ✓
  V3   66.0s–90.0s … key=Fmin r=0.76  voiced=0.80  beats=37 ✓
  V4   90.0s–112.0s … key=Cmaj r=0.73  voiced=0.72  beats=40 ✓
  V5   112.0s–135.0s … key=Fmaj r=0.82  voiced=0.76  beats=40 ✓
  V6   135.0s–156.0s … key=Cmaj r=0.76  voiced=0.76  beats=32 ✓
  C    156.0s–166.0s … key=Fmaj r=0.82  voiced=0.44  beats=14 ✓
✓ 已保存: /Users/jiaxuan/Desktop/Music Project/VariVis/backend/features/LBeethoven_WOO64_2.json
Fri Apr 24 17:21:31 AEST 2026: OK LBeethoven_WOO64_2

============================================================
处理: LBeethoven_WOO64_3
============================================================
曲目: Six Variations on a Swiss Folk Song,WoO 64 Beethoven
作曲: Ludwig van Beethoven
段落: ['T', 'V1', 'V2', 'V3', 'V4', 'V5', 'V6', 'C']  (8 段)
边界(秒): [2.0, 25.0, 45.0, 68.0, 116.0, 137.0, 162.0, 181.0, 192.0]

正在加载 WAV: LBeethoven_WOO64_3.wav...
已加载: 197.4s @ 48000Hz
  [ 0] T         2.0s →    25.0s  (23.0s)
  [ 1] V1       25.0s →    45.0s  (20.0s)
  [ 2] V2       45.0s →    68.0s  (23.0s)
  [ 3] V3       68.0s →   116.0s  (48.0s)
  [ 4] V4      116.0s →   137.0s  (21.0s)
  [ 5] V5      137.0s →   162.0s  (25.0s)
  [ 6] V6      162.0s →   181.0s  (19.0s)
  [ 7] C       181.0s →   192.0s  (11.0s)

✓ 特征已保存: /Users/jiaxuan/Desktop/Music Project/VariVis/backend/features/LBeethoven_WOO64_3.json

LBeethoven_WOO64_3: 加载 WAV…
  T    2.0s–25.0s … key=Cmaj r=0.80  voiced=0.69  beats=41 ✓
  V1   25.0s–45.0s … key=Cmaj r=0.81  voiced=0.78  beats=42 ✓
  V2   45.0s–68.0s … key=Cmaj r=0.87  voiced=0.69  beats=42 ✓
  V3   68.0s–116.0s … key=Fmaj r=0.71  voiced=0.74  beats=73 ✓
  V4   116.0s–137.0s … key=Cmaj r=0.84  voiced=0.56  beats=42 ✓
  V5   137.0s–162.0s … key=Fmaj r=0.93  voiced=0.82  beats=42 ✓
  V6   162.0s–181.0s … key=Cmaj r=0.83  voiced=0.74  beats=37 ✓
  C    181.0s–192.0s … key=Fmaj r=0.93  voiced=0.68  beats=14 ✓
✓ 已保存: /Users/jiaxuan/Desktop/Music Project/VariVis/backend/features/LBeethoven_WOO64_3.json
Fri Apr 24 17:31:42 AEST 2026: OK LBeethoven_WOO64_3

============================================================
处理: LBeethoven_WOO64_4
============================================================
曲目: Six Variations on a Swiss Folk Song,WoO 64 Beethoven
作曲: Ludwig van Beethoven
段落: ['T', 'V1', 'V2', 'V3', 'V4', 'V5', 'V6', 'C']  (8 段)
边界(秒): [1.0, 21.0, 40.0, 61.0, 106.0, 124.0, 146.0, 161.0, 169.0]

正在加载 WAV: LBeethoven_WOO64_4.wav...
已加载: 174.9s @ 48000Hz
  [ 0] T         1.0s →    21.0s  (20.0s)
  [ 1] V1       21.0s →    40.0s  (19.0s)
  [ 2] V2       40.0s →    61.0s  (21.0s)
  [ 3] V3       61.0s →   106.0s  (45.0s)
  [ 4] V4      106.0s →   124.0s  (18.0s)
  [ 5] V5      124.0s →   146.0s  (22.0s)
  [ 6] V6      146.0s →   161.0s  (15.0s)
  [ 7] C       161.0s →   169.0s  (8.0s)

✓ 特征已保存: /Users/jiaxuan/Desktop/Music Project/VariVis/backend/features/LBeethoven_WOO64_4.json

LBeethoven_WOO64_4: 加载 WAV…
  T    1.0s–21.0s … key=Cmaj r=0.74  voiced=0.85  beats=34 ✓
  V1   21.0s–40.0s … key=Cmaj r=0.58  voiced=0.87  beats=39 ✓
  V2   40.0s–61.0s … key=Cmaj r=0.73  voiced=0.80  beats=41 ✓
  V3   61.0s–106.0s … key=Fmin r=0.66  voiced=0.79  beats=65 ✓
  V4   106.0s–124.0s … key=Fmin r=0.61  voiced=0.65  beats=41 ✓
  V5   124.0s–146.0s … key=Fmaj r=0.74  voiced=0.82  beats=41 ✓
  V6   146.0s–161.0s … key=Cmaj r=0.67  voiced=0.67  beats=36 ✓
  C    161.0s–169.0s … key=Fmaj r=0.80  voiced=0.59  beats=5 ✓
✓ 已保存: /Users/jiaxuan/Desktop/Music Project/VariVis/backend/features/LBeethoven_WOO64_4.json
Fri Apr 24 18:13:06 AEST 2026: OK LBeethoven_WOO64_4

============================================================
处理: LBeethoven_WOO64_5
============================================================
曲目: Six Variations on a Swiss Folk Song,WoO 64 Beethoven
作曲: Ludwig van Beethoven
段落: ['T', 'V1', 'V2', 'V3', 'V4', 'V5', 'V6', 'C']  (8 段)
边界(秒): [0.0, 25.0, 47.0, 71.0, 110.0, 131.0, 152.0, 170.0, 175.0]

正在加载 WAV: LBeethoven_WOO64_5.wav...
已加载: 177.9s @ 48000Hz
  [ 0] T         0.0s →    25.0s  (25.0s)
  [ 1] V1       25.0s →    47.0s  (22.0s)
  [ 2] V2       47.0s →    71.0s  (24.0s)
  [ 3] V3       71.0s →   110.0s  (39.0s)
  [ 4] V4      110.0s →   131.0s  (21.0s)
  [ 5] V5      131.0s →   152.0s  (21.0s)
  [ 6] V6      152.0s →   170.0s  (18.0s)
  [ 7] C       170.0s →   175.0s  (5.0s)

✓ 特征已保存: /Users/jiaxuan/Desktop/Music Project/VariVis/backend/features/LBeethoven_WOO64_5.json

LBeethoven_WOO64_5: 加载 WAV…
  T    0.0s–25.0s … key=Cmaj r=0.76  voiced=0.84  beats=42 ✓
  V1   25.0s–47.0s … key=Fmaj r=0.80  voiced=0.75  beats=35 ✓
  V2   47.0s–71.0s … key=Fmaj r=0.85  voiced=0.73  beats=40 ✓
  V3   71.0s–110.0s … key=Fmin r=0.72  voiced=0.67  beats=69 ✓
  V4   110.0s–131.0s … key=Fmaj r=0.79  voiced=0.55  beats=40 ✓
  V5   131.0s–152.0s … key=Fmaj r=0.89  voiced=0.78  beats=28 ✓
  V6   152.0s–170.0s … key=Cmaj r=0.80  voiced=0.58  beats=33 ✓
  C    170.0s–175.0s … key=Fmaj r=0.79  voiced=0.58  beats=6 ✓
✓ 已保存: /Users/jiaxuan/Desktop/Music Project/VariVis/backend/features/LBeethoven_WOO64_5.json
Fri Apr 24 18:13:55 AEST 2026: OK LBeethoven_WOO64_5

============================================================
处理: LBeethoven_WOO40_1
============================================================
曲目: Beethoven: 12 Variations on "Se vuol ballare",WoO 40
作曲: Ludwig van Beethoven
段落: ['T', 'V1', 'V2', 'V3', 'V4', 'V5', 'V6', 'V7', 'V8', 'V9', 'V10', 'V11', 'V12', 'C']  (14 段)
边界(秒): [10.0, 56.0, 98.0, 139.0, 190.0, 235.0, 281.0, 346.0, 404.0, 458.0, 515.0, 560.0, 598.0, 633.0, 731.0]

正在加载 WAV: LBeethoven_WOO40_1.wav...
已加载: 749.0s @ 48000Hz
  [ 0] T        10.0s →    56.0s  (46.0s)
  [ 1] V1       56.0s →    98.0s  (42.0s)
  [ 2] V2       98.0s →   139.0s  (41.0s)
  [ 3] V3      139.0s →   190.0s  (51.0s)
  [ 4] V4      190.0s →   235.0s  (45.0s)
  [ 5] V5      235.0s →   281.0s  (46.0s)
  [ 6] V6      281.0s →   346.0s  (65.0s)
  [ 7] V7      346.0s →   404.0s  (58.0s)
  [ 8] V8      404.0s →   458.0s  (54.0s)
  [ 9] V9      458.0s →   515.0s  (57.0s)
  [10] V10     515.0s →   560.0s  (45.0s)
  [11] V11     560.0s →   598.0s  (38.0s)
  [12] V12     598.0s →   633.0s  (35.0s)
  [13] C       633.0s →   731.0s  (98.0s)

✓ 特征已保存: /Users/jiaxuan/Desktop/Music Project/VariVis/backend/features/LBeethoven_WOO40_1.json

LBeethoven_WOO40_1: 加载 WAV…
  T    10.0s–56.0s … key=Fmaj r=0.75  voiced=0.81  beats=74 ✓
  V1   56.0s–98.0s … key=Fmaj r=0.83  voiced=0.73  beats=84 ✓
  V2   98.0s–139.0s … key=Fmaj r=0.82  voiced=0.67  beats=86 ✓
  V3   139.0s–190.0s … key=Fmaj r=0.89  voiced=0.72  beats=76 ✓
  V4   190.0s–235.0s … key=Fmaj r=0.88  voiced=0.54  beats=76 ✓
  V5   235.0s–281.0s … key=Fmaj r=0.80  voiced=0.72  beats=57 ✓
  V6   281.0s–346.0s … key=Fmin r=0.84  voiced=0.82  beats=109 ✓
  V7   346.0s–404.0s … key=Fmin r=0.83  voiced=0.79  beats=167 ✓
  V8   404.0s–458.0s … key=Fmaj r=0.82  voiced=0.67  beats=167 ✓
  V9   458.0s–515.0s … key=Fmaj r=0.87  voiced=0.72  beats=58 ✓
  V10  515.0s–560.0s … key=Fmaj r=0.81  voiced=0.75  beats=77 ✓
  V11  560.0s–598.0s … key=Fmaj r=0.82  voiced=0.53  beats=74 ✓
  V12  598.0s–633.0s … key=Fmaj r=0.74  voiced=0.61  beats=76 ✓
  C    633.0s–731.0s … key=Fmaj r=0.84  voiced=0.67  beats=196 ✓
✓ 已保存: /Users/jiaxuan/Desktop/Music Project/VariVis/backend/features/LBeethoven_WOO40_1.json
Fri Apr 24 18:16:59 AEST 2026: OK LBeethoven_WOO40_1

============================================================
处理: LBeethoven_WOO40_2
============================================================
曲目: Beethoven: 12 Variations on "Se vuol ballare",WoO 40
作曲: Ludwig van Beethoven
段落: ['T', 'V1', 'V2', 'V3', 'V4', 'V5', 'V6', 'V7', 'V8', 'V9', 'V10', 'V11', 'V12', 'C']  (14 段)
边界(秒): [2.0, 44.0, 86.0, 128.0, 183.0, 229.0, 280.0, 333.0, 389.0, 443.0, 497.0, 549.0, 599.0, 643.0, 744.0]

正在加载 WAV: LBeethoven_WOO40_2.wav...
已加载: 755.0s @ 48000Hz
  [ 0] T         2.0s →    44.0s  (42.0s)
  [ 1] V1       44.0s →    86.0s  (42.0s)
  [ 2] V2       86.0s →   128.0s  (42.0s)
  [ 3] V3      128.0s →   183.0s  (55.0s)
  [ 4] V4      183.0s →   229.0s  (46.0s)
  [ 5] V5      229.0s →   280.0s  (51.0s)
  [ 6] V6      280.0s →   333.0s  (53.0s)
  [ 7] V7      333.0s →   389.0s  (56.0s)
  [ 8] V8      389.0s →   443.0s  (54.0s)
  [ 9] V9      443.0s →   497.0s  (54.0s)
  [10] V10     497.0s →   549.0s  (52.0s)
  [11] V11     549.0s →   599.0s  (50.0s)
  [12] V12     599.0s →   643.0s  (44.0s)
  [13] C       643.0s →   744.0s  (101.0s)

✓ 特征已保存: /Users/jiaxuan/Desktop/Music Project/VariVis/backend/features/LBeethoven_WOO40_2.json

LBeethoven_WOO40_2: 加载 WAV…
  T    2.0s–44.0s … key=Fmaj r=0.82  voiced=0.82  beats=76 ✓
  V1   44.0s–86.0s … key=Cmaj r=0.79  voiced=0.76  beats=80 ✓
  V2   86.0s–128.0s … key=Fmaj r=0.85  voiced=0.62  beats=82 ✓
  V3   128.0s–183.0s … key=Fmaj r=0.89  voiced=0.81  beats=143 ✓
  V4   183.0s–229.0s … key=Fmaj r=0.86  voiced=0.66  beats=89 ✓
  V5   229.0s–280.0s … key=Cmaj r=0.77  voiced=0.78  beats=82 ✓
  V6   280.0s–333.0s … key=Fmin r=0.88  voiced=0.80  beats=87 ✓
  V7   333.0s–389.0s … key=Fmin r=0.82  voiced=0.79  beats=82 ✓
  V8   389.0s–443.0s … key=Fmaj r=0.81  voiced=0.69  beats=75 ✓
  V9   443.0s–497.0s … key=Cmaj r=0.85  voiced=0.79  beats=83 ✓
  V10  497.0s–549.0s … key=Fmaj r=0.77  voiced=0.81  beats=84 ✓
  V11  549.0s–599.0s … key=Fmaj r=0.85  voiced=0.66  beats=73 ✓
  V12  599.0s–643.0s … key=Cmaj r=0.76  voiced=0.51  beats=76 ✓
  C    643.0s–744.0s … key=Fmaj r=0.73  voiced=0.73  beats=176 ✓
✓ 已保存: /Users/jiaxuan/Desktop/Music Project/VariVis/backend/features/LBeethoven_WOO40_2.json
Fri Apr 24 18:20:10 AEST 2026: OK LBeethoven_WOO40_2

============================================================
处理: LBeethoven_WOO40_3
============================================================
曲目: Beethoven: 12 Variations on "Se vuol ballare",WoO 40
作曲: Ludwig van Beethoven
段落: ['T', 'V1', 'V2', 'V3', 'V4', 'V5', 'V6', 'V7', 'V8', 'V9', 'V10', 'V11', 'V12', 'C']  (14 段)
边界(秒): [1.0, 46.0, 85.0, 128.0, 180.0, 221.0, 260.0, 279.0, 338.0, 384.0, 435.0, 495.0, 541.0, 582.0, 675.0]

正在加载 WAV: LBeethoven_WOO40_3.wav...
已加载: 687.8s @ 48000Hz
  [ 0] T         1.0s →    46.0s  (45.0s)
  [ 1] V1       46.0s →    85.0s  (39.0s)
  [ 2] V2       85.0s →   128.0s  (43.0s)
  [ 3] V3      128.0s →   180.0s  (52.0s)
  [ 4] V4      180.0s →   221.0s  (41.0s)
  [ 5] V5      221.0s →   260.0s  (39.0s)
  [ 6] V6      260.0s →   279.0s  (19.0s)
  [ 7] V7      279.0s →   338.0s  (59.0s)
  [ 8] V8      338.0s →   384.0s  (46.0s)
  [ 9] V9      384.0s →   435.0s  (51.0s)
  [10] V10     435.0s →   495.0s  (60.0s)
  [11] V11     495.0s →   541.0s  (46.0s)
  [12] V12     541.0s →   582.0s  (41.0s)
  [13] C       582.0s →   675.0s  (93.0s)

✓ 特征已保存: /Users/jiaxuan/Desktop/Music Project/VariVis/backend/features/LBeethoven_WOO40_3.json

LBeethoven_WOO40_3: 加载 WAV…
  T    1.0s–46.0s … key=Fmaj r=0.60  voiced=0.74  beats=78 ✓
  V1   46.0s–85.0s … key=Fmaj r=0.70  voiced=0.79  beats=85 ✓
  V2   85.0s–128.0s … key=Fmaj r=0.66  voiced=0.72  beats=169 ✓
  V3   128.0s–180.0s … key=Fmaj r=0.82  voiced=0.73  beats=147 ✓
  V4   180.0s–221.0s … key=Fmaj r=0.78  voiced=0.62  beats=82 ✓
  V5   221.0s–260.0s … key=Fmaj r=0.63  voiced=0.80  beats=120 ✓
  V6   260.0s–279.0s … key=Fmaj r=0.62  voiced=0.75  beats=48 ✓
  V7   279.0s–338.0s … key=Fmin r=0.84  voiced=0.81  beats=86 ✓
  V8   338.0s–384.0s … key=Fmaj r=0.79  voiced=0.58  beats=135 ✓
  V9   384.0s–435.0s … key=Fmaj r=0.75  voiced=0.69  beats=84 ✓
  V10  435.0s–495.0s … key=Fmaj r=0.68  voiced=0.81  beats=172 ✓
  V11  495.0s–541.0s … key=Fmin r=0.68  voiced=0.61  beats=73 ✓
  V12  541.0s–582.0s … key=Fmaj r=0.73  voiced=0.47  beats=82 ✓
  C    582.0s–675.0s … key=Fmaj r=0.60  voiced=0.66  beats=172 ✓
✓ 已保存: /Users/jiaxuan/Desktop/Music Project/VariVis/backend/features/LBeethoven_WOO40_3.json
Fri Apr 24 18:23:04 AEST 2026: OK LBeethoven_WOO40_3

============================================================
处理: LBeethoven_WOO40_4
============================================================
曲目: Beethoven: 12 Variations on "Se vuol ballare",WoO 40
作曲: Ludwig van Beethoven
段落: ['T', 'V1', 'V2', 'V3', 'V4', 'V5', 'V6', 'V7', 'V8', 'V9', 'V10', 'V11', 'V12', 'C']  (14 段)
边界(秒): [3.0, 47.0, 90.0, 136.0, 188.0, 231.0, 277.0, 338.0, 401.0, 454.0, 506.0, 547.0, 584.0, 623.0, 719.0]

正在加载 WAV: LBeethoven_WOO40_4.wav...
已加载: 728.5s @ 48000Hz
  [ 0] T         3.0s →    47.0s  (44.0s)
  [ 1] V1       47.0s →    90.0s  (43.0s)
  [ 2] V2       90.0s →   136.0s  (46.0s)
  [ 3] V3      136.0s →   188.0s  (52.0s)
  [ 4] V4      188.0s →   231.0s  (43.0s)
  [ 5] V5      231.0s →   277.0s  (46.0s)
  [ 6] V6      277.0s →   338.0s  (61.0s)
  [ 7] V7      338.0s →   401.0s  (63.0s)
  [ 8] V8      401.0s →   454.0s  (53.0s)
  [ 9] V9      454.0s →   506.0s  (52.0s)
  [10] V10     506.0s →   547.0s  (41.0s)
  [11] V11     547.0s →   584.0s  (37.0s)
  [12] V12     584.0s →   623.0s  (39.0s)
  [13] C       623.0s →   719.0s  (96.0s)

✓ 特征已保存: /Users/jiaxuan/Desktop/Music Project/VariVis/backend/features/LBeethoven_WOO40_4.json

LBeethoven_WOO40_4: 加载 WAV…
  T    3.0s–47.0s … key=Fmaj r=0.71  voiced=0.88  beats=67 ✓
  V1   47.0s–90.0s … key=Fmaj r=0.76  voiced=0.80  beats=133 ✓
  V2   90.0s–136.0s … key=Fmaj r=0.79  voiced=0.72  beats=84 ✓
  V3   136.0s–188.0s … key=Fmaj r=0.93  voiced=0.83  beats=171 ✓
  V4   188.0s–231.0s … key=Fmaj r=0.88  voiced=0.65  beats=82 ✓
  V5   231.0s–277.0s … key=Fmaj r=0.70  voiced=0.71  beats=85 ✓
  V6   277.0s–338.0s … key=Fmin r=0.83  voiced=0.74  beats=85 ✓
  V7   338.0s–401.0s … key=Fmin r=0.78  voiced=0.74  beats=87 ✓
  V8   401.0s–454.0s … key=Fmaj r=0.83  voiced=0.59  beats=152 ✓
  V9   454.0s–506.0s … key=Cmaj r=0.81  voiced=0.71  beats=84 ✓
  V10  506.0s–547.0s … key=Fmaj r=0.79  voiced=0.75  beats=70 ✓
  V11  547.0s–584.0s … key=Fmaj r=0.81  voiced=0.48  beats=78 ✓
  V12  584.0s–623.0s … key=Fmaj r=0.72  voiced=0.42  beats=82 ✓
  C    623.0s–719.0s … key=Fmaj r=0.71  voiced=0.70  beats=189 ✓
✓ 已保存: /Users/jiaxuan/Desktop/Music Project/VariVis/backend/features/LBeethoven_WOO40_4.json
Fri Apr 24 18:26:08 AEST 2026: OK LBeethoven_WOO40_4

============================================================
处理: LBeethoven_WOO40_5
============================================================
曲目: Beethoven: 12 Variations on "Se vuol ballare",WoO 40
作曲: Ludwig van Beethoven
段落: ['T', 'V1', 'V2', 'V3', 'V4', 'V5', 'V6', 'V7', 'V8', 'V9', 'V10', 'V11', 'V12', 'C']  (14 段)
边界(秒): [0.0, 42.0, 84.0, 126.0, 181.0, 227.0, 278.0, 331.0, 388.0, 441.0, 496.0, 548.0, 597.0, 642.0, 743.0]

正在加载 WAV: LBeethoven_WOO40_5.wav...
已加载: 757.2s @ 48000Hz
  [ 0] T         0.0s →    42.0s  (42.0s)
  [ 1] V1       42.0s →    84.0s  (42.0s)
  [ 2] V2       84.0s →   126.0s  (42.0s)
  [ 3] V3      126.0s →   181.0s  (55.0s)
  [ 4] V4      181.0s →   227.0s  (46.0s)
  [ 5] V5      227.0s →   278.0s  (51.0s)
  [ 6] V6      278.0s →   331.0s  (53.0s)
  [ 7] V7      331.0s →   388.0s  (57.0s)
  [ 8] V8      388.0s →   441.0s  (53.0s)
  [ 9] V9      441.0s →   496.0s  (55.0s)
  [10] V10     496.0s →   548.0s  (52.0s)
  [11] V11     548.0s →   597.0s  (49.0s)
  [12] V12     597.0s →   642.0s  (45.0s)
  [13] C       642.0s →   743.0s  (101.0s)

✓ 特征已保存: /Users/jiaxuan/Desktop/Music Project/VariVis/backend/features/LBeethoven_WOO40_5.json

LBeethoven_WOO40_5: 加载 WAV…
  T    0.0s–42.0s … key=Fmaj r=0.82  voiced=0.82  beats=76 ✓
  V1   42.0s–84.0s … key=Cmaj r=0.79  voiced=0.77  beats=79 ✓
  V2   84.0s–126.0s … key=Fmaj r=0.84  voiced=0.63  beats=82 ✓
  V3   126.0s–181.0s … key=Fmaj r=0.88  voiced=0.80  beats=144 ✓
  V4   181.0s–227.0s … key=Fmaj r=0.85  voiced=0.68  beats=84 ✓
  V5   227.0s–278.0s … key=Cmaj r=0.76  voiced=0.78  beats=82 ✓
  V6   278.0s–331.0s … key=Fmin r=0.88  voiced=0.78  beats=86 ✓
  V7   331.0s–388.0s … key=Fmin r=0.82  voiced=0.80  beats=88 ✓
  V8   388.0s–441.0s … key=Fmaj r=0.81  voiced=0.66  beats=60 ✓
  V9   441.0s–496.0s … key=Cmaj r=0.84  voiced=0.79  beats=85 ✓
  V10  496.0s–548.0s … key=Fmaj r=0.77  voiced=0.81  beats=90 ✓
  V11  548.0s–597.0s … key=Fmaj r=0.85  voiced=0.66  beats=72 ✓
  V12  597.0s–642.0s … key=Cmaj r=0.77  voiced=0.53  beats=77 ✓
  C    642.0s–743.0s … key=Fmaj r=0.73  voiced=0.71  beats=174 ✓
✓ 已保存: /Users/jiaxuan/Desktop/Music Project/VariVis/backend/features/LBeethoven_WOO40_5.json
Fri Apr 24 18:29:21 AEST 2026: OK LBeethoven_WOO40_5

============================================================
处理: LBeethoven_WOO40_6
============================================================
曲目: Beethoven: 12 Variations on "Se vuol ballare",WoO 40
作曲: Ludwig van Beethoven
段落: ['T', 'V1', 'V2', 'V3', 'V4', 'V5', 'V6', 'V7', 'V8', 'V9', 'V10', 'V11', 'V12', 'C']  (14 段)
边界(秒): [0.0, 43.0, 75.0, 116.0, 166.0, 204.0, 244.0, 310.0, 363.0, 402.0, 451.0, 487.0, 529.0, 562.0, 652.0]

正在加载 WAV: LBeethoven_WOO40_6.wav...
已加载: 653.3s @ 48000Hz
  [ 0] T         0.0s →    43.0s  (43.0s)
  [ 1] V1       43.0s →    75.0s  (32.0s)
  [ 2] V2       75.0s →   116.0s  (41.0s)
  [ 3] V3      116.0s →   166.0s  (50.0s)
  [ 4] V4      166.0s →   204.0s  (38.0s)
  [ 5] V5      204.0s →   244.0s  (40.0s)
  [ 6] V6      244.0s →   310.0s  (66.0s)
  [ 7] V7      310.0s →   363.0s  (53.0s)
  [ 8] V8      363.0s →   402.0s  (39.0s)
  [ 9] V9      402.0s →   451.0s  (49.0s)
  [10] V10     451.0s →   487.0s  (36.0s)
  [11] V11     487.0s →   529.0s  (42.0s)
  [12] V12     529.0s →   562.0s  (33.0s)
  [13] C       562.0s →   652.0s  (90.0s)

✓ 特征已保存: /Users/jiaxuan/Desktop/Music Project/VariVis/backend/features/LBeethoven_WOO40_6.json

LBeethoven_WOO40_6: 加载 WAV…
  T    0.0s–43.0s … key=Fmaj r=0.94  voiced=0.82  beats=82 ✓
  V1   43.0s–75.0s … key=Fmaj r=0.83  voiced=0.72  beats=83 ✓
  V2   75.0s–116.0s … key=Fmaj r=0.81  voiced=0.72  beats=83 ✓
  V3   116.0s–166.0s … key=Fmaj r=0.94  voiced=0.71  beats=164 ✓
  V4   166.0s–204.0s … key=Fmaj r=0.89  voiced=0.63  beats=81 ✓
  V5   204.0s–244.0s … key=Fmaj r=0.78  voiced=0.77  beats=86 ✓
  V6   244.0s–310.0s … key=Fmin r=0.84  voiced=0.89  beats=135 ✓
  V7   310.0s–363.0s … key=Fmin r=0.78  voiced=0.91  beats=83 ✓
  V8   363.0s–402.0s … key=Fmaj r=0.83  voiced=0.76  beats=64 ✓
  V9   402.0s–451.0s … key=Fmaj r=0.90  voiced=0.65  beats=80 ✓
  V10  451.0s–487.0s … key=Fmaj r=0.80  voiced=0.75  beats=76 ✓
  V11  487.0s–529.0s … key=Fmaj r=0.82  voiced=0.59  beats=82 ✓
  V12  529.0s–562.0s … key=Fmaj r=0.69  voiced=0.51  beats=76 ✓
  C    562.0s–652.0s … key=Fmaj r=0.77  voiced=0.72  beats=179 ✓
✓ 已保存: /Users/jiaxuan/Desktop/Music Project/VariVis/backend/features/LBeethoven_WOO40_6.json
Fri Apr 24 18:32:07 AEST 2026: OK LBeethoven_WOO40_6

============================================================
处理: LBeethoven_WOO40_7
============================================================
曲目: Beethoven: 12 Variations on "Se vuol ballare",WoO 40
作曲: Ludwig van Beethoven
段落: ['T', 'V1', 'V2', 'V3', 'V4', 'V5', 'V6', 'V7', 'V8', 'V9', 'V10', 'V11', 'V12', 'C']  (14 段)
边界(秒): [1.0, 40.0, 78.0, 115.0, 161.0, 199.0, 240.0, 288.0, 339.0, 381.0, 426.0, 470.0, 509.0, 546.0, 632.0]

正在加载 WAV: LBeethoven_WOO40_7.wav...
已加载: 641.2s @ 48000Hz
  [ 0] T         1.0s →    40.0s  (39.0s)
  [ 1] V1       40.0s →    78.0s  (38.0s)
  [ 2] V2       78.0s →   115.0s  (37.0s)
  [ 3] V3      115.0s →   161.0s  (46.0s)
  [ 4] V4      161.0s →   199.0s  (38.0s)
  [ 5] V5      199.0s →   240.0s  (41.0s)
  [ 6] V6      240.0s →   288.0s  (48.0s)
  [ 7] V7      288.0s →   339.0s  (51.0s)
  [ 8] V8      339.0s →   381.0s  (42.0s)
  [ 9] V9      381.0s →   426.0s  (45.0s)
  [10] V10     426.0s →   470.0s  (44.0s)
  [11] V11     470.0s →   509.0s  (39.0s)
  [12] V12     509.0s →   546.0s  (37.0s)
  [13] C       546.0s →   632.0s  (86.0s)

✓ 特征已保存: /Users/jiaxuan/Desktop/Music Project/VariVis/backend/features/LBeethoven_WOO40_7.json

LBeethoven_WOO40_7: 加载 WAV…
  T    1.0s–40.0s … key=Fmaj r=0.81  voiced=0.65  beats=75 ✓
  V1   40.0s–78.0s … key=Fmaj r=0.83  voiced=0.72  beats=81 ✓
  V2   78.0s–115.0s … key=Fmaj r=0.83  voiced=0.53  beats=84 ✓
  V3   115.0s–161.0s … key=Fmaj r=0.94  voiced=0.78  beats=82 ✓
  V4   161.0s–199.0s … key=Fmaj r=0.90  voiced=0.60  beats=82 ✓
  V5   199.0s–240.0s … key=Fmaj r=0.77  voiced=0.73  beats=82 ✓
  V6   240.0s–288.0s … key=Fmin r=0.89  voiced=0.75  beats=113 ✓
  V7   288.0s–339.0s … key=Fmin r=0.85  voiced=0.81  beats=69 ✓
  V8   339.0s–381.0s … key=Fmaj r=0.82  voiced=0.62  beats=64 ✓
  V9   381.0s–426.0s … key=Fmaj r=0.84  voiced=0.62  beats=70 ✓
  V10  426.0s–470.0s … key=Fmaj r=0.86  voiced=0.80  beats=81 ✓
  V11  470.0s–509.0s … key=Fmaj r=0.85  voiced=0.61  beats=74 ✓
  V12  509.0s–546.0s … key=Cmaj r=0.77  voiced=0.62  beats=82 ✓
  C    546.0s–632.0s … key=Fmaj r=0.74  voiced=0.58  beats=176 ✓
✓ 已保存: /Users/jiaxuan/Desktop/Music Project/VariVis/backend/features/LBeethoven_WOO40_7.json
Fri Apr 24 18:34:48 AEST 2026: OK LBeethoven_WOO40_7

============================================================
处理: LBeethoven_WOO40_8
============================================================
曲目: Beethoven: 12 Variations on "Se vuol ballare",WoO 40
作曲: Ludwig van Beethoven
段落: ['T', 'V1', 'V2', 'V3', 'V4', 'V5', 'V6', 'V7', 'V8', 'V9', 'V10', 'V11', 'V12', 'C']  (14 段)
边界(秒): [1.0, 40.0, 76.0, 111.0, 154.0, 191.0, 228.0, 277.0, 326.0, 369.0, 411.0, 453.0, 492.0, 527.0, 611.0]

正在加载 WAV: LBeethoven_WOO40_8.wav...
已加载: 621.9s @ 48000Hz
  [ 0] T         1.0s →    40.0s  (39.0s)
  [ 1] V1       40.0s →    76.0s  (36.0s)
  [ 2] V2       76.0s →   111.0s  (35.0s)
  [ 3] V3      111.0s →   154.0s  (43.0s)
  [ 4] V4      154.0s →   191.0s  (37.0s)
  [ 5] V5      191.0s →   228.0s  (37.0s)
  [ 6] V6      228.0s →   277.0s  (49.0s)
  [ 7] V7      277.0s →   326.0s  (49.0s)
  [ 8] V8      326.0s →   369.0s  (43.0s)
  [ 9] V9      369.0s →   411.0s  (42.0s)
  [10] V10     411.0s →   453.0s  (42.0s)
  [11] V11     453.0s →   492.0s  (39.0s)
  [12] V12     492.0s →   527.0s  (35.0s)
  [13] C       527.0s →   611.0s  (84.0s)

✓ 特征已保存: /Users/jiaxuan/Desktop/Music Project/VariVis/backend/features/LBeethoven_WOO40_8.json

LBeethoven_WOO40_8: 加载 WAV…
  T    1.0s–40.0s … key=Fmaj r=0.76  voiced=0.84  beats=76 ✓
  V1   40.0s–76.0s … key=Fmaj r=0.83  voiced=0.62  beats=83 ✓
  V2   76.0s–111.0s … key=Fmaj r=0.78  voiced=0.56  beats=82 ✓
  V3   111.0s–154.0s … key=Fmaj r=0.95  voiced=0.58  beats=81 ✓
  V4   154.0s–191.0s … key=Fmaj r=0.86  voiced=0.58  beats=84 ✓
  V5   191.0s–228.0s … key=Fmaj r=0.80  voiced=0.71  beats=83 ✓
  V6   228.0s–277.0s … key=Fmin r=0.89  voiced=0.88  beats=77 ✓
  V7   277.0s–326.0s … key=Fmin r=0.84  voiced=0.79  beats=81 ✓
  V8   326.0s–369.0s … key=Fmaj r=0.82  voiced=0.60  beats=80 ✓
  V9   369.0s–411.0s … key=Fmaj r=0.83  voiced=0.58  beats=83 ✓
  V10  411.0s–453.0s … key=Fmaj r=0.85  voiced=0.77  beats=80 ✓
  V11  453.0s–492.0s … key=Fmaj r=0.86  voiced=0.62  beats=75 ✓
  V12  492.0s–527.0s … key=Cmaj r=0.78  voiced=0.51  beats=81 ✓
  C    527.0s–611.0s … key=Fmaj r=0.82  voiced=0.69  beats=178 ✓
✓ 已保存: /Users/jiaxuan/Desktop/Music Project/VariVis/backend/features/LBeethoven_WOO40_8.json
Fri Apr 24 18:37:23 AEST 2026: OK LBeethoven_WOO40_8

============================================================
处理: LBeethoven_WOO45_1
============================================================
曲目: 12 Variations on a Theme from Handel's Judas Maccabaeus,WoO 45
作曲: Ludwig van Beethoven
段落: ['T', 'V1', 'V2', 'V3', 'V4', 'V5', 'V6', 'V7', 'V8', 'V9', 'V10', 'V11', 'V12']  (13 段)
边界(秒): [7.0, 49.0, 84.0, 121.0, 162.0, 213.0, 258.0, 299.0, 330.0, 367.0, 410.0, 450.0, 647.0, 707.0]

正在加载 WAV: LBeethoven_WOO45_1.wav...
已加载: 716.3s @ 48000Hz
  [ 0] T         7.0s →    49.0s  (42.0s)
  [ 1] V1       49.0s →    84.0s  (35.0s)
  [ 2] V2       84.0s →   121.0s  (37.0s)
  [ 3] V3      121.0s →   162.0s  (41.0s)
  [ 4] V4      162.0s →   213.0s  (51.0s)
  [ 5] V5      213.0s →   258.0s  (45.0s)
  [ 6] V6      258.0s →   299.0s  (41.0s)
  [ 7] V7      299.0s →   330.0s  (31.0s)
  [ 8] V8      330.0s →   367.0s  (37.0s)
  [ 9] V9      367.0s →   410.0s  (43.0s)
  [10] V10     410.0s →   450.0s  (40.0s)
  [11] V11     450.0s →   647.0s  (197.0s)
  [12] V12     647.0s →   707.0s  (60.0s)

✓ 特征已保存: /Users/jiaxuan/Desktop/Music Project/VariVis/backend/features/LBeethoven_WOO45_1.json

LBeethoven_WOO45_1: 加载 WAV…
  T    7.0s–49.0s … key=Gmaj r=0.82  voiced=0.69  beats=95 ✓
  V1   49.0s–84.0s … key=Gmaj r=0.92  voiced=0.80  beats=95 ✓
  V2   84.0s–121.0s … key=Gmaj r=0.77  voiced=0.79  beats=80 ✓
  V3   121.0s–162.0s … key=Gmaj r=0.80  voiced=0.75  beats=89 ✓
  V4   162.0s–213.0s … key=Gmin r=0.73  voiced=0.80  beats=109 ✓
  V5   213.0s–258.0s … key=Gmaj r=0.82  voiced=0.83  beats=87 ✓
  V6   258.0s–299.0s … key=Gmaj r=0.92  voiced=0.71  beats=99 ✓
  V7   299.0s–330.0s … key=Gmaj r=0.60  voiced=0.61  beats=78 ✓
  V8   330.0s–367.0s … key=Gmin r=0.73  voiced=0.65  beats=48 ✓
  V9   367.0s–410.0s … key=Gmaj r=0.72  voiced=0.76  beats=45 ✓
  V10  410.0s–450.0s … key=Gmaj r=0.76  voiced=0.77  beats=90 ✓
  V11  450.0s–647.0s … key=Gmaj r=0.89  voiced=0.82  beats=418 ✓
  V12  647.0s–707.0s … key=Gmaj r=0.79  voiced=0.68  beats=119 ✓
✓ 已保存: /Users/jiaxuan/Desktop/Music Project/VariVis/backend/features/LBeethoven_WOO45_1.json
Fri Apr 24 18:40:20 AEST 2026: OK LBeethoven_WOO45_1

============================================================
处理: LBeethoven_WOO45_2
============================================================
曲目: 12 Variations on a Theme from Handel's Judas Maccabaeus,WoO 45
作曲: Ludwig van Beethoven
段落: ['T', 'V1', 'V2', 'V3', 'V4', 'V5', 'V6', 'V7', 'V8', 'V9', 'V10', 'V11', 'V12']  (13 段)
边界(秒): [1.0, 49.0, 95.0, 142.0, 192.0, 245.0, 302.0, 348.0, 388.0, 432.0, 482.0, 534.0, 754.0, 827.0]

正在加载 WAV: LBeethoven_WOO45_2.wav...
已加载: 832.0s @ 48000Hz
  [ 0] T         1.0s →    49.0s  (48.0s)
  [ 1] V1       49.0s →    95.0s  (46.0s)
  [ 2] V2       95.0s →   142.0s  (47.0s)
  [ 3] V3      142.0s →   192.0s  (50.0s)
  [ 4] V4      192.0s →   245.0s  (53.0s)
  [ 5] V5      245.0s →   302.0s  (57.0s)
  [ 6] V6      302.0s →   348.0s  (46.0s)
  [ 7] V7      348.0s →   388.0s  (40.0s)
  [ 8] V8      388.0s →   432.0s  (44.0s)
  [ 9] V9      432.0s →   482.0s  (50.0s)
  [10] V10     482.0s →   534.0s  (52.0s)
  [11] V11     534.0s →   754.0s  (220.0s)
  [12] V12     754.0s →   827.0s  (73.0s)

✓ 特征已保存: /Users/jiaxuan/Desktop/Music Project/VariVis/backend/features/LBeethoven_WOO45_2.json

LBeethoven_WOO45_2: 加载 WAV…
  T    1.0s–49.0s … key=Gmaj r=0.84  voiced=0.68  beats=78 ✓
  V1   49.0s–95.0s … key=Gmaj r=0.93  voiced=0.81  beats=97 ✓
  V2   95.0s–142.0s … key=Gmaj r=0.93  voiced=0.76  beats=96 ✓
  V3   142.0s–192.0s … key=Gmaj r=0.92  voiced=0.76  beats=95 ✓
  V4   192.0s–245.0s … key=Gmin r=0.86  voiced=0.73  beats=85 ✓
  V5   245.0s–302.0s … key=Gmaj r=0.92  voiced=0.86  beats=119 ✓
  V6   302.0s–348.0s … key=Gmaj r=0.93  voiced=0.75  beats=89 ✓
  V7   348.0s–388.0s … key=Gmaj r=0.92  voiced=0.68  beats=92 ✓
  V8   388.0s–432.0s … key=Gmin r=0.74  voiced=0.70  beats=49 ✓
  V9   432.0s–482.0s … key=Gmaj r=0.83  voiced=0.74  beats=44 ✓
  V10  482.0s–534.0s … key=Gmaj r=0.96  voiced=0.71  beats=102 ✓
  V11  534.0s–754.0s … key=Gmaj r=0.90  voiced=0.81  beats=488 ✓
  V12  754.0s–827.0s … key=Gmaj r=0.96  voiced=0.70  beats=224 ✓
✓ 已保存: /Users/jiaxuan/Desktop/Music Project/VariVis/backend/features/LBeethoven_WOO45_2.json
Fri Apr 24 18:43:50 AEST 2026: OK LBeethoven_WOO45_2

============================================================
处理: LBeethoven_WOO45_3
============================================================
曲目: 12 Variations on a Theme from Handel's Judas Maccabaeus,WoO 45
作曲: Ludwig van Beethoven
段落: ['T', 'V1', 'V2', 'V3', 'V4', 'V5', 'V6', 'V7', 'V8', 'V9', 'V10', 'V11', 'V12']  (13 段)
边界(秒): [1.0, 47.0, 88.0, 131.0, 176.0, 224.0, 271.0, 316.0, 358.0, 403.0, 451.0, 494.0, 658.0, 723.0]

正在加载 WAV: LBeethoven_WOO45_3.wav...
已加载: 768.3s @ 48000Hz
  [ 0] T         1.0s →    47.0s  (46.0s)
  [ 1] V1       47.0s →    88.0s  (41.0s)
  [ 2] V2       88.0s →   131.0s  (43.0s)
  [ 3] V3      131.0s →   176.0s  (45.0s)
  [ 4] V4      176.0s →   224.0s  (48.0s)
  [ 5] V5      224.0s →   271.0s  (47.0s)
  [ 6] V6      271.0s →   316.0s  (45.0s)
  [ 7] V7      316.0s →   358.0s  (42.0s)
  [ 8] V8      358.0s →   403.0s  (45.0s)
  [ 9] V9      403.0s →   451.0s  (48.0s)
  [10] V10     451.0s →   494.0s  (43.0s)
  [11] V11     494.0s →   658.0s  (164.0s)
  [12] V12     658.0s →   723.0s  (65.0s)

✓ 特征已保存: /Users/jiaxuan/Desktop/Music Project/VariVis/backend/features/LBeethoven_WOO45_3.json

LBeethoven_WOO45_3: 加载 WAV…
  T    1.0s–47.0s … key=Gmaj r=0.85  voiced=0.73  beats=95 ✓
  V1   47.0s–88.0s … key=Gmaj r=0.94  voiced=0.83  beats=97 ✓
  V2   88.0s–131.0s … key=Gmaj r=0.88  voiced=0.68  beats=92 ✓
  V3   131.0s–176.0s … key=Gmaj r=0.84  voiced=0.74  beats=93 ✓
  V4   176.0s–224.0s … key=Gmin r=0.73  voiced=0.79  beats=92 ✓
  V5   224.0s–271.0s … key=Gmaj r=0.91  voiced=0.83  beats=112 ✓
  V6   271.0s–316.0s … key=Gmaj r=0.91  voiced=0.65  beats=99 ✓
  V7   316.0s–358.0s … key=Gmaj r=0.79  voiced=0.65  beats=87 ✓
  V8   358.0s–403.0s … key=Gmin r=0.77  voiced=0.69  beats=55 ✓
  V9   403.0s–451.0s … key=Gmaj r=0.87  voiced=0.71  beats=93 ✓
  V10  451.0s–494.0s … key=Gmaj r=0.92  voiced=0.52  beats=88 ✓
  V11  494.0s–658.0s … key=Gmaj r=0.90  voiced=0.79  beats=499 ✓
  V12  658.0s–723.0s … key=Gmaj r=0.91  voiced=0.68  beats=211 ✓
✓ 已保存: /Users/jiaxuan/Desktop/Music Project/VariVis/backend/features/LBeethoven_WOO45_3.json
Fri Apr 24 18:46:54 AEST 2026: OK LBeethoven_WOO45_3

============================================================
处理: LBeethoven_WOO45_4
============================================================
曲目: 12 Variations on a Theme from Handel's Judas Maccabaeus,WoO 45
作曲: Ludwig van Beethoven
段落: ['T', 'V1', 'V2', 'V3', 'V4', 'V5', 'V6', 'V7', 'V8', 'V9', 'V10', 'V11', 'V12']  (13 段)
边界(秒): [4.0, 46.0, 89.0, 132.0, 183.0, 231.0, 282.0, 325.0, 370.0, 416.0, 450.0, 497.0, 677.0, 743.0]

正在加载 WAV: LBeethoven_WOO45_4.wav...
已加载: 749.0s @ 48000Hz
  [ 0] T         4.0s →    46.0s  (42.0s)
  [ 1] V1       46.0s →    89.0s  (43.0s)
  [ 2] V2       89.0s →   132.0s  (43.0s)
  [ 3] V3      132.0s →   183.0s  (51.0s)
  [ 4] V4      183.0s →   231.0s  (48.0s)
  [ 5] V5      231.0s →   282.0s  (51.0s)
  [ 6] V6      282.0s →   325.0s  (43.0s)
  [ 7] V7      325.0s →   370.0s  (45.0s)
  [ 8] V8      370.0s →   416.0s  (46.0s)
  [ 9] V9      416.0s →   450.0s  (34.0s)
  [10] V10     450.0s →   497.0s  (47.0s)
  [11] V11     497.0s →   677.0s  (180.0s)
  [12] V12     677.0s →   743.0s  (66.0s)

✓ 特征已保存: /Users/jiaxuan/Desktop/Music Project/VariVis/backend/features/LBeethoven_WOO45_4.json

LBeethoven_WOO45_4: 加载 WAV…
  T    4.0s–46.0s … key=Gmaj r=0.82  voiced=0.65  beats=73 ✓
  V1   46.0s–89.0s … key=Gmaj r=0.92  voiced=0.73  beats=98 ✓
  V2   89.0s–132.0s … key=Gmaj r=0.90  voiced=0.66  beats=90 ✓
  V3   132.0s–183.0s … key=Gmaj r=0.85  voiced=0.63  beats=113 ✓
  V4   183.0s–231.0s … key=Gmin r=0.81  voiced=0.60  beats=75 ✓
  V5   231.0s–282.0s … key=Gmaj r=0.96  voiced=0.78  beats=117 ✓
  V6   282.0s–325.0s … key=Gmaj r=0.90  voiced=0.58  beats=94 ✓
  V7   325.0s–370.0s … key=Gmaj r=0.91  voiced=0.50  beats=91 ✓
  V8   370.0s–416.0s … key=Gmin r=0.79  voiced=0.62  beats=97 ✓
  V9   416.0s–450.0s … key=Gmaj r=0.88  voiced=0.70  beats=63 ✓
  V10  450.0s–497.0s … key=Gmaj r=0.95  voiced=0.52  beats=94 ✓
  V11  497.0s–677.0s … key=Gmaj r=0.93  voiced=0.78  beats=339 ✓
  V12  677.0s–743.0s … key=Gmaj r=0.92  voiced=0.61  beats=122 ✓
✓ 已保存: /Users/jiaxuan/Desktop/Music Project/VariVis/backend/features/LBeethoven_WOO45_4.json
Fri Apr 24 18:50:01 AEST 2026: OK LBeethoven_WOO45_4

============================================================
处理: LBeethoven_WOO45_5
============================================================
曲目: 12 Variations on a Theme from Handel's Judas Maccabaeus,WoO 45
作曲: Ludwig van Beethoven
段落: ['T', 'V1', 'V2', 'V3', 'V4', 'V5', 'V6', 'V7', 'V8', 'V9', 'V10', 'V11', 'V12']  (13 段)
边界(秒): [0.0, 50.0, 95.0, 140.0, 187.0, 237.0, 292.0, 340.0, 387.0, 435.0, 492.0, 538.0, 762.0, 830.0]

正在加载 WAV: LBeethoven_WOO45_5.wav...
已加载: 835.2s @ 48000Hz
  [ 0] T         0.0s →    50.0s  (50.0s)
  [ 1] V1       50.0s →    95.0s  (45.0s)
  [ 2] V2       95.0s →   140.0s  (45.0s)
  [ 3] V3      140.0s →   187.0s  (47.0s)
  [ 4] V4      187.0s →   237.0s  (50.0s)
  [ 5] V5      237.0s →   292.0s  (55.0s)
  [ 6] V6      292.0s →   340.0s  (48.0s)
  [ 7] V7      340.0s →   387.0s  (47.0s)
  [ 8] V8      387.0s →   435.0s  (48.0s)
  [ 9] V9      435.0s →   492.0s  (57.0s)
  [10] V10     492.0s →   538.0s  (46.0s)
  [11] V11     538.0s →   762.0s  (224.0s)
  [12] V12     762.0s →   830.0s  (68.0s)

✓ 特征已保存: /Users/jiaxuan/Desktop/Music Project/VariVis/backend/features/LBeethoven_WOO45_5.json

LBeethoven_WOO45_5: 加载 WAV…
  T    0.0s–50.0s … key=Gmaj r=0.75  voiced=0.70  beats=68 ✓
  V1   50.0s–95.0s … key=Gmaj r=0.93  voiced=0.78  beats=93 ✓
  V2   95.0s–140.0s … key=Dmaj r=0.83  voiced=0.63  beats=89 ✓
  V3   140.0s–187.0s … key=Dmaj r=0.83  voiced=0.74  beats=100 ✓
  V4   187.0s–237.0s … key=Dmaj r=0.55  voiced=0.75  beats=97 ✓
  V5   237.0s–292.0s … key=Gmaj r=0.79  voiced=0.85  beats=163 ✓
  V6   292.0s–340.0s … key=Dmaj r=0.77  voiced=0.72  beats=95 ✓
  V7   340.0s–387.0s … key=Dmaj r=0.78  voiced=0.67  beats=102 ✓
  V8   387.0s–435.0s … key=Gmin r=0.75  voiced=0.65  beats=90 ✓
  V9   435.0s–492.0s … key=Dmaj r=0.78  voiced=0.72  beats=88 ✓
  V10  492.0s–538.0s … key=Dmaj r=0.82  voiced=0.49  beats=93 ✓
  V11  538.0s–762.0s … key=Dmaj r=0.82  voiced=0.80  beats=414 ✓
  V12  762.0s–830.0s … key=Dmaj r=0.77  voiced=0.64  beats=224 ✓
✓ 已保存: /Users/jiaxuan/Desktop/Music Project/VariVis/backend/features/LBeethoven_WOO45_5.json
Fri Apr 24 18:53:32 AEST 2026: OK LBeethoven_WOO45_5

============================================================
处理: LBeethoven_WOO45_6
============================================================
曲目: 12 Variations on a Theme from Handel's Judas Maccabaeus,WoO 45
作曲: Ludwig van Beethoven
段落: ['T', 'V1', 'V2', 'V3', 'V4', 'V5', 'V6', 'V7', 'V8', 'V9', 'V10', 'V11', 'V12']  (13 段)
边界(秒): [1.0, 45.0, 87.0, 128.0, 171.0, 220.0, 270.0, 313.0, 353.0, 398.0, 447.0, 489.0, 685.0, 742.0]

正在加载 WAV: LBeethoven_WOO45_6.wav...
已加载: 746.4s @ 48000Hz
  [ 0] T         1.0s →    45.0s  (44.0s)
  [ 1] V1       45.0s →    87.0s  (42.0s)
  [ 2] V2       87.0s →   128.0s  (41.0s)
  [ 3] V3      128.0s →   171.0s  (43.0s)
  [ 4] V4      171.0s →   220.0s  (49.0s)
  [ 5] V5      220.0s →   270.0s  (50.0s)
  [ 6] V6      270.0s →   313.0s  (43.0s)
  [ 7] V7      313.0s →   353.0s  (40.0s)
  [ 8] V8      353.0s →   398.0s  (45.0s)
  [ 9] V9      398.0s →   447.0s  (49.0s)
  [10] V10     447.0s →   489.0s  (42.0s)
  [11] V11     489.0s →   685.0s  (196.0s)
  [12] V12     685.0s →   742.0s  (57.0s)

✓ 特征已保存: /Users/jiaxuan/Desktop/Music Project/VariVis/backend/features/LBeethoven_WOO45_6.json

LBeethoven_WOO45_6: 加载 WAV…
  T    1.0s–45.0s … key=Gmaj r=0.86  voiced=0.66  beats=69 ✓
  V1   45.0s–87.0s … key=Gmaj r=0.95  voiced=0.78  beats=95 ✓
  V2   87.0s–128.0s … key=Gmaj r=0.84  voiced=0.66  beats=71 ✓
  V3   128.0s–171.0s … key=Gmaj r=0.89  voiced=0.68  beats=88 ✓
  V4   171.0s–220.0s … key=Gmin r=0.75  voiced=0.65  beats=71 ✓
  V5   220.0s–270.0s … key=Gmaj r=0.82  voiced=0.78  beats=118 ✓
  V6   270.0s–313.0s … key=Gmaj r=0.93  voiced=0.70  beats=53 ✓
  V7   313.0s–353.0s … key=Gmaj r=0.87  voiced=0.58  beats=91 ✓
  V8   353.0s–398.0s … key=Gmin r=0.80  voiced=0.65  beats=51 ✓
  V9   398.0s–447.0s … key=Gmaj r=0.83  voiced=0.70  beats=64 ✓
  V10  447.0s–489.0s … key=Gmaj r=0.88  voiced=0.53  beats=92 ✓
  V11  489.0s–685.0s … key=Gmaj r=0.87  voiced=0.78  beats=395 ✓
  V12  685.0s–742.0s … key=Gmaj r=0.85  voiced=0.67  beats=108 ✓
✓ 已保存: /Users/jiaxuan/Desktop/Music Project/VariVis/backend/features/LBeethoven_WOO45_6.json
Fri Apr 24 18:56:38 AEST 2026: OK LBeethoven_WOO45_6

============================================================
处理: LBeethoven_WOO45_7
============================================================
曲目: 12 Variations on a Theme from Handel's Judas Maccabaeus,WoO 45
作曲: Ludwig van Beethoven
段落: ['T', 'V1', 'V2', 'V3', 'V4', 'V5', 'V6', 'V7', 'V8', 'V9', 'V10', 'V11', 'V12']  (13 段)
边界(秒): [2.0, 46.0, 83.0, 122.0, 165.0, 222.0, 271.0, 310.0, 347.0, 392.0, 437.0, 479.0, 681.0, 736.0]

正在加载 WAV: LBeethoven_WOO45_7.wav...
已加载: 743.7s @ 48000Hz
  [ 0] T         2.0s →    46.0s  (44.0s)
  [ 1] V1       46.0s →    83.0s  (37.0s)
  [ 2] V2       83.0s →   122.0s  (39.0s)
  [ 3] V3      122.0s →   165.0s  (43.0s)
  [ 4] V4      165.0s →   222.0s  (57.0s)
  [ 5] V5      222.0s →   271.0s  (49.0s)
  [ 6] V6      271.0s →   310.0s  (39.0s)
  [ 7] V7      310.0s →   347.0s  (37.0s)
  [ 8] V8      347.0s →   392.0s  (45.0s)
  [ 9] V9      392.0s →   437.0s  (45.0s)
  [10] V10     437.0s →   479.0s  (42.0s)
  [11] V11     479.0s →   681.0s  (202.0s)
  [12] V12     681.0s →   736.0s  (55.0s)

✓ 特征已保存: /Users/jiaxuan/Desktop/Music Project/VariVis/backend/features/LBeethoven_WOO45_7.json

LBeethoven_WOO45_7: 加载 WAV…
  T    2.0s–46.0s … key=Gmaj r=0.73  voiced=0.80  beats=94 ✓
  V1   46.0s–83.0s … key=Gmaj r=0.85  voiced=0.85  beats=88 ✓
  V2   83.0s–122.0s … key=Gmaj r=0.82  voiced=0.67  beats=91 ✓
  V3   122.0s–165.0s … key=Gmaj r=0.78  voiced=0.79  beats=86 ✓
  V4   165.0s–222.0s … key=Gmin r=0.69  voiced=0.75  beats=126 ✓
  V5   222.0s–271.0s … key=Gmaj r=0.82  voiced=0.80  beats=99 ✓
  V6   271.0s–310.0s … key=Gmaj r=0.95  voiced=0.69  beats=64 ✓
  V7   310.0s–347.0s … key=Gmaj r=0.86  voiced=0.61  beats=102 ✓
  V8   347.0s–392.0s … key=Gmin r=0.84  voiced=0.72  beats=80 ✓
  V9   392.0s–437.0s … key=Gmaj r=0.81  voiced=0.74  beats=89 ✓
  V10  437.0s–479.0s … key=Gmaj r=0.83  voiced=0.53  beats=92 ✓
  V11  479.0s–681.0s … key=Gmaj r=0.79  voiced=0.82  beats=447 ✓
  V12  681.0s–736.0s … key=Gmaj r=0.87  voiced=0.61  beats=117 ✓
✓ 已保存: /Users/jiaxuan/Desktop/Music Project/VariVis/backend/features/LBeethoven_WOO45_7.json
Fri Apr 24 18:59:45 AEST 2026: OK LBeethoven_WOO45_7

============================================================
处理: LBeethoven_WOO45_8
============================================================
曲目: 12 Variations on a Theme from Handel's Judas Maccabaeus,WoO 45
作曲: Ludwig van Beethoven
段落: ['T', 'V1', 'V2', 'V3', 'V4', 'V5', 'V6', 'V7', 'V8', 'V9', 'V10', 'V11', 'V12']  (13 段)
边界(秒): [24.0, 73.0, 118.0, 162.0, 212.0, 261.0, 309.0, 355.0, 391.0, 434.0, 478.0, 522.0, 705.0, 762.0]

正在加载 WAV: LBeethoven_WOO45_8.wav...
已加载: 791.4s @ 48000Hz
  [ 0] T        24.0s →    73.0s  (49.0s)
  [ 1] V1       73.0s →   118.0s  (45.0s)
  [ 2] V2      118.0s →   162.0s  (44.0s)
  [ 3] V3      162.0s →   212.0s  (50.0s)
  [ 4] V4      212.0s →   261.0s  (49.0s)
  [ 5] V5      261.0s →   309.0s  (48.0s)
  [ 6] V6      309.0s →   355.0s  (46.0s)
  [ 7] V7      355.0s →   391.0s  (36.0s)
  [ 8] V8      391.0s →   434.0s  (43.0s)
  [ 9] V9      434.0s →   478.0s  (44.0s)
  [10] V10     478.0s →   522.0s  (44.0s)
  [11] V11     522.0s →   705.0s  (183.0s)
  [12] V12     705.0s →   762.0s  (57.0s)

✓ 特征已保存: /Users/jiaxuan/Desktop/Music Project/VariVis/backend/features/LBeethoven_WOO45_8.json

LBeethoven_WOO45_8: 加载 WAV…
  T    24.0s–73.0s … key=Gmaj r=0.65  voiced=0.74  beats=98 ✓
  V1   73.0s–118.0s … key=Gmaj r=0.91  voiced=0.73  beats=96 ✓
  V2   118.0s–162.0s … key=Gmaj r=0.85  voiced=0.70  beats=93 ✓
  V3   162.0s–212.0s … key=Gmaj r=0.73  voiced=0.78  beats=103 ✓
  V4   212.0s–261.0s … key=Gmin r=0.79  voiced=0.75  beats=106 ✓
  V5   261.0s–309.0s … key=Gmaj r=0.83  voiced=0.80  beats=64 ✓
  V6   309.0s–355.0s … key=Gmaj r=0.82  voiced=0.66  beats=47 ✓
  V7   355.0s–391.0s … key=Cmaj r=0.56  voiced=0.59  beats=93 ✓
  V8   391.0s–434.0s … key=A#maj r=0.69  voiced=0.57  beats=50 ✓
  V9   434.0s–478.0s … key=Gmaj r=0.64  voiced=0.67  beats=41 ✓
  V10  478.0s–522.0s … key=Gmaj r=0.77  voiced=0.62  beats=96 ✓
  V11  522.0s–705.0s … key=Gmaj r=0.87  voiced=0.79  beats=409 ✓
  V12  705.0s–762.0s … key=Gmaj r=0.74  voiced=0.61  beats=81 ✓
✓ 已保存: /Users/jiaxuan/Desktop/Music Project/VariVis/backend/features/LBeethoven_WOO45_8.json
Fri Apr 24 19:02:52 AEST 2026: OK LBeethoven_WOO45_8

============================================================
处理: LBeethoven_WOO72_1
============================================================
曲目: 8 Variations on ＂Une fièvre brûlante＂ in C Major,WoO 72
作曲: Ludwig van Beethoven
段落: ['T', 'V1', 'V2', 'V3', 'V4', 'V5', 'V6', 'V7', 'V8', 'C']  (10 段)
边界(秒): [2.0, 40.0, 75.0, 106.0, 138.0, 178.0, 220.0, 260.0, 303.0, 364.0, 408.0]

正在加载 WAV: LBeethoven_WOO72_1.wav...
已加载: 415.1s @ 48000Hz
  [ 0] T         2.0s →    40.0s  (38.0s)
  [ 1] V1       40.0s →    75.0s  (35.0s)
  [ 2] V2       75.0s →   106.0s  (31.0s)
  [ 3] V3      106.0s →   138.0s  (32.0s)
  [ 4] V4      138.0s →   178.0s  (40.0s)
  [ 5] V5      178.0s →   220.0s  (42.0s)
  [ 6] V6      220.0s →   260.0s  (40.0s)
  [ 7] V7      260.0s →   303.0s  (43.0s)
  [ 8] V8      303.0s →   364.0s  (61.0s)
  [ 9] C       364.0s →   408.0s  (44.0s)

✓ 特征已保存: /Users/jiaxuan/Desktop/Music Project/VariVis/backend/features/LBeethoven_WOO72_1.json

LBeethoven_WOO72_1: 加载 WAV…
  T    2.0s–40.0s … key=Cmaj r=0.92  voiced=0.84  beats=78 ✓
  V1   40.0s–75.0s … key=Cmaj r=0.94  voiced=0.81  beats=82 ✓
  V2   75.0s–106.0s … key=Cmaj r=0.77  voiced=0.59  beats=73 ✓
  V3   106.0s–138.0s … key=Cmaj r=0.91  voiced=0.65  beats=96 ✓
  V4   138.0s–178.0s … key=Cmin r=0.81  voiced=0.77  beats=98 ✓
  V5   178.0s–220.0s … key=Cmaj r=0.81  voiced=0.82  beats=78 ✓
  V6   220.0s–260.0s … key=Cmaj r=0.75  voiced=0.53  beats=93 ✓
  V7   260.0s–303.0s … key=Cmaj r=0.94  voiced=0.64  beats=76 ✓
  V8   303.0s–364.0s … key=Cmaj r=0.92  voiced=0.73  beats=127 ✓
  C    364.0s–408.0s … key=G#maj r=0.73  voiced=0.65  beats=50 ✓
✓ 已保存: /Users/jiaxuan/Desktop/Music Project/VariVis/backend/features/LBeethoven_WOO72_1.json
Fri Apr 24 19:04:37 AEST 2026: OK LBeethoven_WOO72_1

============================================================
处理: LBeethoven_WOO72_2
============================================================
曲目: 8 Variations on ＂Une fièvre brûlante＂ in C Major,WoO 72
作曲: Ludwig van Beethoven
段落: ['T', 'V1', 'V2', 'V3', 'V4', 'V5', 'V6', 'V7', 'V8', 'C']  (10 段)
边界(秒): [0.0, 44.0, 82.0, 117.0, 155.0, 205.0, 248.0, 288.0, 332.0, 393.0, 423.0]

正在加载 WAV: LBeethoven_WOO72_2.wav...
已加载: 427.0s @ 48000Hz
  [ 0] T         0.0s →    44.0s  (44.0s)
  [ 1] V1       44.0s →    82.0s  (38.0s)
  [ 2] V2       82.0s →   117.0s  (35.0s)
  [ 3] V3      117.0s →   155.0s  (38.0s)
  [ 4] V4      155.0s →   205.0s  (50.0s)
  [ 5] V5      205.0s →   248.0s  (43.0s)
  [ 6] V6      248.0s →   288.0s  (40.0s)
  [ 7] V7      288.0s →   332.0s  (44.0s)
  [ 8] V8      332.0s →   393.0s  (61.0s)
  [ 9] C       393.0s →   423.0s  (30.0s)

✓ 特征已保存: /Users/jiaxuan/Desktop/Music Project/VariVis/backend/features/LBeethoven_WOO72_2.json

LBeethoven_WOO72_2: 加载 WAV…
  T    0.0s–44.0s … key=Cmaj r=0.85  voiced=0.82  beats=82 ✓
  V1   44.0s–82.0s … key=Cmaj r=0.81  voiced=0.77  beats=91 ✓
  V2   82.0s–117.0s … key=Cmaj r=0.82  voiced=0.75  beats=80 ✓
  V3   117.0s–155.0s … key=Cmaj r=0.86  voiced=0.66  beats=94 ✓
  V4   155.0s–205.0s … key=Cmin r=0.77  voiced=0.69  beats=93 ✓
  V5   205.0s–248.0s … key=Cmaj r=0.78  voiced=0.77  beats=89 ✓
  V6   248.0s–288.0s … key=Cmaj r=0.80  voiced=0.56  beats=93 ✓
  V7   288.0s–332.0s … key=Cmaj r=0.82  voiced=0.65  beats=89 ✓
  V8   332.0s–393.0s … key=Cmaj r=0.81  voiced=0.66  beats=130 ✓
  C    393.0s–423.0s … key=Cmaj r=0.74  voiced=0.39  beats=70 ✓
✓ 已保存: /Users/jiaxuan/Desktop/Music Project/VariVis/backend/features/LBeethoven_WOO72_2.json
Fri Apr 24 19:06:25 AEST 2026: OK LBeethoven_WOO72_2

============================================================
处理: LBeethoven_WOO72_3
============================================================
曲目: 8 Variations on ＂Une fièvre brûlante＂ in C Major,WoO 72
作曲: Ludwig van Beethoven
段落: ['T', 'V1', 'V2', 'V3', 'V4', 'V5', 'V6', 'V7', 'V8', 'C']  (10 段)
边界(秒): [0.0, 39.0, 75.0, 112.0, 149.0, 200.0, 240.0, 275.0, 315.0, 366.0, 401.0]

正在加载 WAV: LBeethoven_WOO72_3.wav...
已加载: 412.8s @ 48000Hz
  [ 0] T         0.0s →    39.0s  (39.0s)
  [ 1] V1       39.0s →    75.0s  (36.0s)
  [ 2] V2       75.0s →   112.0s  (37.0s)
  [ 3] V3      112.0s →   149.0s  (37.0s)
  [ 4] V4      149.0s →   200.0s  (51.0s)
  [ 5] V5      200.0s →   240.0s  (40.0s)
  [ 6] V6      240.0s →   275.0s  (35.0s)
  [ 7] V7      275.0s →   315.0s  (40.0s)
  [ 8] V8      315.0s →   366.0s  (51.0s)
  [ 9] C       366.0s →   401.0s  (35.0s)

✓ 特征已保存: /Users/jiaxuan/Desktop/Music Project/VariVis/backend/features/LBeethoven_WOO72_3.json

LBeethoven_WOO72_3: 加载 WAV…
  T    0.0s–39.0s … key=Cmaj r=0.85  voiced=0.84  beats=85 ✓
  V1   39.0s–75.0s … key=Cmaj r=0.82  voiced=0.84  beats=51 ✓
  V2   75.0s–112.0s … key=Cmaj r=0.82  voiced=0.85  beats=83 ✓
  V3   112.0s–149.0s … key=Cmaj r=0.92  voiced=0.71  beats=92 ✓
  V4   149.0s–200.0s … key=D#maj r=0.83  voiced=0.80  beats=95 ✓
  V5   200.0s–240.0s … key=Cmaj r=0.76  voiced=0.77  beats=84 ✓
  V6   240.0s–275.0s … key=Cmaj r=0.87  voiced=0.61  beats=91 ✓
  V7   275.0s–315.0s … key=Cmaj r=0.85  voiced=0.70  beats=76 ✓
  V8   315.0s–366.0s … key=Cmaj r=0.87  voiced=0.76  beats=117 ✓
  C    366.0s–401.0s … key=Cmin r=0.82  voiced=0.65  beats=60 ✓
✓ 已保存: /Users/jiaxuan/Desktop/Music Project/VariVis/backend/features/LBeethoven_WOO72_3.json
Fri Apr 24 19:08:09 AEST 2026: OK LBeethoven_WOO72_3

============================================================
处理: LBeethoven_WOO72_4
============================================================
曲目: 8 Variations on ＂Une fièvre brûlante＂ in C Major,WoO 72
作曲: Ludwig van Beethoven
段落: ['T', 'V1', 'V2', 'V3', 'V4', 'V5', 'V6', 'V7', 'V8', 'C']  (10 段)
边界(秒): [0.0, 38.0, 74.0, 111.0, 149.0, 198.0, 237.0, 272.0, 312.0, 362.0, 396.0]

正在加载 WAV: LBeethoven_WOO72_4.wav...
已加载: 401.3s @ 48000Hz
  [ 0] T         0.0s →    38.0s  (38.0s)
  [ 1] V1       38.0s →    74.0s  (36.0s)
  [ 2] V2       74.0s →   111.0s  (37.0s)
  [ 3] V3      111.0s →   149.0s  (38.0s)
  [ 4] V4      149.0s →   198.0s  (49.0s)
  [ 5] V5      198.0s →   237.0s  (39.0s)
  [ 6] V6      237.0s →   272.0s  (35.0s)
  [ 7] V7      272.0s →   312.0s  (40.0s)
  [ 8] V8      312.0s →   362.0s  (50.0s)
  [ 9] C       362.0s →   396.0s  (34.0s)

✓ 特征已保存: /Users/jiaxuan/Desktop/Music Project/VariVis/backend/features/LBeethoven_WOO72_4.json

LBeethoven_WOO72_4: 加载 WAV…
  T    0.0s–38.0s … key=Cmaj r=0.75  voiced=0.86  beats=86 ✓
  V1   38.0s–74.0s … key=Cmaj r=0.72  voiced=0.83  beats=74 ✓
  V2   74.0s–111.0s … key=Cmaj r=0.68  voiced=0.84  beats=82 ✓
  V3   111.0s–149.0s … key=Cmaj r=0.87  voiced=0.73  beats=97 ✓
  V4   149.0s–198.0s … key=D#maj r=0.77  voiced=0.80  beats=86 ✓
  V5   198.0s–237.0s … key=Cmaj r=0.70  voiced=0.79  beats=87 ✓
  V6   237.0s–272.0s … key=Cmaj r=0.68  voiced=0.59  beats=92 ✓
  V7   272.0s–312.0s … key=Cmaj r=0.79  voiced=0.68  beats=73 ✓
  V8   312.0s–362.0s … key=Cmaj r=0.77  voiced=0.75  beats=117 ✓
  C    362.0s–396.0s … key=Cmin r=0.74  voiced=0.63  beats=59 ✓
✓ 已保存: /Users/jiaxuan/Desktop/Music Project/VariVis/backend/features/LBeethoven_WOO72_4.json
Fri Apr 24 19:09:52 AEST 2026: OK LBeethoven_WOO72_4

============================================================
处理: LBeethoven_WOO72_5
============================================================
曲目: 8 Variations on ＂Une fièvre brûlante＂ in C Major,WoO 72
作曲: Ludwig van Beethoven
段落: ['T', 'V1', 'V2', 'V3', 'V4', 'V5', 'V6', 'V7', 'V8', 'C']  (10 段)
边界(秒): [4.0, 38.0, 71.0, 106.0, 144.0, 195.0, 236.0, 270.0, 304.0, 350.0, 382.0]

正在加载 WAV: LBeethoven_WOO72_5.wav...
已加载: 385.0s @ 48000Hz
  [ 0] T         4.0s →    38.0s  (34.0s)
  [ 1] V1       38.0s →    71.0s  (33.0s)
  [ 2] V2       71.0s →   106.0s  (35.0s)
  [ 3] V3      106.0s →   144.0s  (38.0s)
  [ 4] V4      144.0s →   195.0s  (51.0s)
  [ 5] V5      195.0s →   236.0s  (41.0s)
  [ 6] V6      236.0s →   270.0s  (34.0s)
  [ 7] V7      270.0s →   304.0s  (34.0s)
  [ 8] V8      304.0s →   350.0s  (46.0s)
  [ 9] C       350.0s →   382.0s  (32.0s)

✓ 特征已保存: /Users/jiaxuan/Desktop/Music Project/VariVis/backend/features/LBeethoven_WOO72_5.json

LBeethoven_WOO72_5: 加载 WAV…
  T    4.0s–38.0s … key=Cmaj r=0.77  voiced=0.78  beats=57 ✓
  V1   38.0s–71.0s … key=Cmaj r=0.73  voiced=0.87  beats=85 ✓
  V2   71.0s–106.0s … key=Cmin r=0.66  voiced=0.74  beats=84 ✓
  V3   106.0s–144.0s … key=Cmaj r=0.72  voiced=0.77  beats=92 ✓
  V4   144.0s–195.0s … key=D#maj r=0.76  voiced=0.83  beats=98 ✓
  V5   195.0s–236.0s … key=Cmaj r=0.64  voiced=0.76  beats=91 ✓
  V6   236.0s–270.0s … key=Cmin r=0.60  voiced=0.60  beats=86 ✓
  V7   270.0s–304.0s … key=Cmin r=0.57  voiced=0.54  beats=27 ✓
  V8   304.0s–350.0s … key=Cmin r=0.66  voiced=0.78  beats=127 ✓
  C    350.0s–382.0s … key=G#maj r=0.75  voiced=0.66  beats=55 ✓
✓ 已保存: /Users/jiaxuan/Desktop/Music Project/VariVis/backend/features/LBeethoven_WOO72_5.json
Fri Apr 24 19:11:31 AEST 2026: OK LBeethoven_WOO72_5
/Users/jiaxuan/Desktop/Music Project/VariVis/backend/.venv/lib/python3.11/site-packages/librosa/core/spectrum.py:266: UserWarning: n_fft=2048 is too large for input signal of length=0
  warnings.warn(
/Users/jiaxuan/Desktop/Music Project/VariVis/backend/.venv/lib/python3.11/site-packages/librosa/core/pitch.py:103: UserWarning: Trying to estimate tuning from empty frequency set.
  return pitch_tuning(

============================================================
处理: LBeethoven_WOO72_6
============================================================
曲目: 8 Variations on ＂Une fièvre brûlante＂ in C Major,WoO 72
作曲: Ludwig van Beethoven
段落: ['T', 'V1', 'V2', 'V3', 'V4', 'V5', 'V6', 'V7', 'V8', 'C']  (10 段)
边界(秒): [1.0, 65.0, 117.0, 169.0, 220.0, 288.0, 339.0, 387.0, 434.0, 492.0, 528.0]

正在加载 WAV: LBeethoven_WOO72_6.wav...
已加载: 406.2s @ 48000Hz
  [ 0] T         1.0s →    65.0s  (64.0s)
  [ 1] V1       65.0s →   117.0s  (52.0s)
  [ 2] V2      117.0s →   169.0s  (52.0s)
  [ 3] V3      169.0s →   220.0s  (51.0s)
  [ 4] V4      220.0s →   288.0s  (68.0s)
  [ 5] V5      288.0s →   339.0s  (51.0s)
  [ 6] V6      339.0s →   387.0s  (48.0s)
  [ 7] V7      387.0s →   434.0s  (47.0s)
  [ 8] V8      434.0s →   492.0s  (58.0s)  ⚠ 时长过短(58.00s)，特征可能不稳定
Traceback (most recent call last):
  File "/Users/jiaxuan/Desktop/Music Project/VariVis/backend/extract_features.py", line 541, in <module>
    main()
  File "/Users/jiaxuan/Desktop/Music Project/VariVis/backend/extract_features.py", line 529, in main
    data = process_file(args.target, args.frames, args.sr)
           ^^^^^^^^^^^^^^^^^^^^^^^^^^^^^^^^^^^^^^^^^^^^^^^
  File "/Users/jiaxuan/Desktop/Music Project/VariVis/backend/extract_features.py", line 429, in process_file
    feats = extract_segment_features(y_seg, sr, label, compressed_frames)
            ^^^^^^^^^^^^^^^^^^^^^^^^^^^^^^^^^^^^^^^^^^^^^^^^^^^^^^^^^^^^^
  File "/Users/jiaxuan/Desktop/Music Project/VariVis/backend/extract_features.py", line 172, in extract_segment_features
    chroma_cqt = librosa.feature.chroma_cqt(y=y, sr=sr, bins_per_octave=36)
                 ^^^^^^^^^^^^^^^^^^^^^^^^^^^^^^^^^^^^^^^^^^^^^^^^^^^^^^^^^^
  File "/Users/jiaxuan/Desktop/Music Project/VariVis/backend/.venv/lib/python3.11/site-packages/librosa/feature/spectral.py", line 1388, in chroma_cqt
    cqt_func[cqt_mode](
  File "/Users/jiaxuan/Desktop/Music Project/VariVis/backend/.venv/lib/python3.11/site-packages/librosa/core/constantq.py", line 171, in cqt
    return vqt(
           ^^^^
  File "/Users/jiaxuan/Desktop/Music Project/VariVis/backend/.venv/lib/python3.11/site-packages/librosa/core/constantq.py", line 980, in vqt
    y, sr, hop_length = __early_downsample(
                        ^^^^^^^^^^^^^^^^^^^
  File "/Users/jiaxuan/Desktop/Music Project/VariVis/backend/.venv/lib/python3.11/site-packages/librosa/core/constantq.py", line 1173, in __early_downsample
    raise ParameterError(
librosa.util.exceptions.ParameterError: Input signal length=0 is too short for 7-octave CQT
Fri Apr 24 19:12:27 AEST 2026: FAIL extract LBeethoven_WOO72_6

============================================================
处理: LBeethoven_WOO28_1
============================================================
曲目: Variations on "Là ci darem la mano",WoO 28
作曲: Ludwig van Beethoven
段落: ['T', 'V1', 'V2', 'V3', 'V4', 'V5', 'V6', 'V7', 'V8', 'C']  (10 段)
边界(秒): [2.0, 50.0, 88.0, 131.0, 194.0, 232.0, 280.0, 353.0, 401.0, 461.0, 550.0]

正在加载 WAV: LBeethoven_WOO28_1.wav...
已加载: 555.1s @ 48000Hz
  [ 0] T         2.0s →    50.0s  (48.0s)
  [ 1] V1       50.0s →    88.0s  (38.0s)
  [ 2] V2       88.0s →   131.0s  (43.0s)
  [ 3] V3      131.0s →   194.0s  (63.0s)
  [ 4] V4      194.0s →   232.0s  (38.0s)
  [ 5] V5      232.0s →   280.0s  (48.0s)
  [ 6] V6      280.0s →   353.0s  (73.0s)
  [ 7] V7      353.0s →   401.0s  (48.0s)
  [ 8] V8      401.0s →   461.0s  (60.0s)
  [ 9] C       461.0s →   550.0s  (89.0s)

✓ 特征已保存: /Users/jiaxuan/Desktop/Music Project/VariVis/backend/features/LBeethoven_WOO28_1.json

LBeethoven_WOO28_1: 加载 WAV…
  T    2.0s–50.0s … key=Gmaj r=0.68  voiced=0.77  beats=98 ✓
  V1   50.0s–88.0s … key=Gmaj r=0.70  voiced=0.70  beats=98 ✓
  V2   88.0s–131.0s … key=F#maj r=0.71  voiced=0.65  beats=97 ✓
  V3   131.0s–194.0s … key=Gmaj r=0.74  voiced=0.79  beats=169 ✓
  V4   194.0s–232.0s … key=Gmaj r=0.78  voiced=0.74  beats=88 ✓
  V5   232.0s–280.0s … key=Gmaj r=0.56  voiced=0.68  beats=110 ✓
  V6   280.0s–353.0s … key=Cmin r=0.67  voiced=0.78  beats=99 ✓
  V7   353.0s–401.0s … key=Gmaj r=0.80  voiced=0.70  beats=100 ✓
  V8   401.0s–461.0s … key=Gmaj r=0.75  voiced=0.61  beats=118 ✓
  C    461.0s–550.0s … key=Gmaj r=0.72  voiced=0.70  beats=149 ✓
✓ 已保存: /Users/jiaxuan/Desktop/Music Project/VariVis/backend/features/LBeethoven_WOO28_1.json
Fri Apr 24 19:14:48 AEST 2026: OK LBeethoven_WOO28_1

============================================================
处理: LBeethoven_WOO28_2
============================================================
曲目: Variations on "Là ci darem la mano",WoO 28
作曲: Ludwig van Beethoven
段落: ['T', 'V1', 'V2', 'V3', 'V4', 'V5', 'V6', 'V7', 'V8', 'C']  (10 段)
边界(秒): [4.0, 54.0, 101.0, 147.0, 208.0, 248.0, 299.0, 367.0, 413.0, 483.0, 570.0]

正在加载 WAV: LBeethoven_WOO28_2.wav...
已加载: 572.1s @ 48000Hz
  [ 0] T         4.0s →    54.0s  (50.0s)
  [ 1] V1       54.0s →   101.0s  (47.0s)
  [ 2] V2      101.0s →   147.0s  (46.0s)
  [ 3] V3      147.0s →   208.0s  (61.0s)
  [ 4] V4      208.0s →   248.0s  (40.0s)
  [ 5] V5      248.0s →   299.0s  (51.0s)
  [ 6] V6      299.0s →   367.0s  (68.0s)
  [ 7] V7      367.0s →   413.0s  (46.0s)
  [ 8] V8      413.0s →   483.0s  (70.0s)
  [ 9] C       483.0s →   570.0s  (87.0s)

✓ 特征已保存: /Users/jiaxuan/Desktop/Music Project/VariVis/backend/features/LBeethoven_WOO28_2.json

LBeethoven_WOO28_2: 加载 WAV…
  T    4.0s–54.0s … key=Gmaj r=0.72  voiced=0.74  beats=135 ✓
  V1   54.0s–101.0s … key=Cmaj r=0.73  voiced=0.75  beats=98 ✓
  V2   101.0s–147.0s … key=Cmaj r=0.88  voiced=0.74  beats=99 ✓
  V3   147.0s–208.0s … key=Cmaj r=0.84  voiced=0.74  beats=102 ✓
  V4   208.0s–248.0s … key=Gmaj r=0.72  voiced=0.73  beats=83 ✓
  V5   248.0s–299.0s … key=Cmaj r=0.74  voiced=0.72  beats=101 ✓
  V6   299.0s–367.0s … key=Cmin r=0.81  voiced=0.76  beats=183 ✓
  V7   367.0s–413.0s … key=Cmaj r=0.73  voiced=0.74  beats=52 ✓
  V8   413.0s–483.0s … key=Cmaj r=0.80  voiced=0.70  beats=126 ✓
  C    483.0s–570.0s … key=Cmaj r=0.83  voiced=0.64  beats=246 ✓
✓ 已保存: /Users/jiaxuan/Desktop/Music Project/VariVis/backend/features/LBeethoven_WOO28_2.json
Fri Apr 24 19:17:13 AEST 2026: OK LBeethoven_WOO28_2

============================================================
处理: LBeethoven_WOO28_3
============================================================
曲目: Variations on "Là ci darem la mano",WoO 28
作曲: Ludwig van Beethoven
段落: ['T', 'V1', 'V2', 'V3', 'V4', 'V5', 'V6', 'V7', 'V8', 'C']  (10 段)
边界(秒): [2.0, 52.0, 92.0, 132.0, 193.0, 232.0, 278.0, 364.0, 406.0, 468.0, 555.0]

正在加载 WAV: LBeethoven_WOO28_3.wav...
已加载: 564.1s @ 48000Hz
  [ 0] T         2.0s →    52.0s  (50.0s)
  [ 1] V1       52.0s →    92.0s  (40.0s)
  [ 2] V2       92.0s →   132.0s  (40.0s)
  [ 3] V3      132.0s →   193.0s  (61.0s)
  [ 4] V4      193.0s →   232.0s  (39.0s)
  [ 5] V5      232.0s →   278.0s  (46.0s)
  [ 6] V6      278.0s →   364.0s  (86.0s)
  [ 7] V7      364.0s →   406.0s  (42.0s)
  [ 8] V8      406.0s →   468.0s  (62.0s)
  [ 9] C       468.0s →   555.0s  (87.0s)

✓ 特征已保存: /Users/jiaxuan/Desktop/Music Project/VariVis/backend/features/LBeethoven_WOO28_3.json

LBeethoven_WOO28_3: 加载 WAV…
  T    2.0s–52.0s … key=Gmaj r=0.67  voiced=0.79  beats=100 ✓
  V1   52.0s–92.0s … key=Gmaj r=0.59  voiced=0.68  beats=95 ✓
  V2   92.0s–132.0s … key=Gmaj r=0.83  voiced=0.75  beats=97 ✓
  V3   132.0s–193.0s … key=Cmaj r=0.75  voiced=0.79  beats=175 ✓
  V4   193.0s–232.0s … key=Gmaj r=0.76  voiced=0.80  beats=91 ✓
  V5   232.0s–278.0s … key=Cmaj r=0.70  voiced=0.70  beats=99 ✓
  V6   278.0s–364.0s … key=A#maj r=0.62  voiced=0.87  beats=181 ✓
  V7   364.0s–406.0s … key=Gmaj r=0.64  voiced=0.74  beats=103 ✓
  V8   406.0s–468.0s … key=Bmin r=0.73  voiced=0.72  beats=118 ✓
  C    468.0s–555.0s … key=Cmaj r=0.85  voiced=0.77  beats=171 ✓
✓ 已保存: /Users/jiaxuan/Desktop/Music Project/VariVis/backend/features/LBeethoven_WOO28_3.json
Fri Apr 24 19:19:35 AEST 2026: OK LBeethoven_WOO28_3

============================================================
处理: LBeethoven_WOO28_4
============================================================
曲目: Variations on "Là ci darem la mano",WoO 28
作曲: Ludwig van Beethoven
段落: ['T', 'V1', 'V2', 'V3', 'V4', 'V5', 'V6', 'V7', 'V8', 'C']  (10 段)
边界(秒): [1.0, 50.0, 97.0, 143.0, 198.0, 238.0, 289.0, 350.0, 400.0, 468.0, 553.0]

正在加载 WAV: LBeethoven_WOO28_4.wav...
已加载: 562.5s @ 48000Hz
  [ 0] T         1.0s →    50.0s  (49.0s)
  [ 1] V1       50.0s →    97.0s  (47.0s)
  [ 2] V2       97.0s →   143.0s  (46.0s)
  [ 3] V3      143.0s →   198.0s  (55.0s)
  [ 4] V4      198.0s →   238.0s  (40.0s)
  [ 5] V5      238.0s →   289.0s  (51.0s)
  [ 6] V6      289.0s →   350.0s  (61.0s)
  [ 7] V7      350.0s →   400.0s  (50.0s)
  [ 8] V8      400.0s →   468.0s  (68.0s)
  [ 9] C       468.0s →   553.0s  (85.0s)

✓ 特征已保存: /Users/jiaxuan/Desktop/Music Project/VariVis/backend/features/LBeethoven_WOO28_4.json

LBeethoven_WOO28_4: 加载 WAV…
  T    1.0s–50.0s … key=Gmaj r=0.88  voiced=0.73  beats=99 ✓
  V1   50.0s–97.0s … key=Gmaj r=0.86  voiced=0.75  beats=100 ✓
  V2   97.0s–143.0s … key=Gmaj r=0.88  voiced=0.76  beats=99 ✓
  V3   143.0s–198.0s … key=Cmaj r=0.83  voiced=0.72  beats=67 ✓
  V4   198.0s–238.0s … key=Gmaj r=0.85  voiced=0.74  beats=93 ✓
  V5   238.0s–289.0s … key=Gmaj r=0.79  voiced=0.70  beats=101 ✓
  V6   289.0s–350.0s … key=D#maj r=0.82  voiced=0.78  beats=131 ✓
  V7   350.0s–400.0s … key=Gmaj r=0.74  voiced=0.71  beats=103 ✓
  V8   400.0s–468.0s … key=Gmaj r=0.83  voiced=0.70  beats=120 ✓
  C    468.0s–553.0s … key=Cmaj r=0.92  voiced=0.68  beats=137 ✓
✓ 已保存: /Users/jiaxuan/Desktop/Music Project/VariVis/backend/features/LBeethoven_WOO28_4.json
Fri Apr 24 19:21:56 AEST 2026: OK LBeethoven_WOO28_4

============================================================
处理: LBeethoven_WOO28_5
============================================================
曲目: Variations on "Là ci darem la mano",WoO 28
作曲: Ludwig van Beethoven
段落: ['T', 'V1', 'V2', 'V3', 'V4', 'V5', 'V6', 'V7', 'V8', 'C']  (10 段)
边界(秒): [0.0, 49.0, 86.0, 130.0, 177.0, 209.0, 253.0, 320.0, 362.0, 420.0, 497.0]

正在加载 WAV: LBeethoven_WOO28_5.wav...
已加载: 504.4s @ 48000Hz
  [ 0] T         0.0s →    49.0s  (49.0s)
  [ 1] V1       49.0s →    86.0s  (37.0s)
  [ 2] V2       86.0s →   130.0s  (44.0s)
  [ 3] V3      130.0s →   177.0s  (47.0s)
  [ 4] V4      177.0s →   209.0s  (32.0s)
  [ 5] V5      209.0s →   253.0s  (44.0s)
  [ 6] V6      253.0s →   320.0s  (67.0s)
  [ 7] V7      320.0s →   362.0s  (42.0s)
  [ 8] V8      362.0s →   420.0s  (58.0s)
  [ 9] C       420.0s →   497.0s  (77.0s)

✓ 特征已保存: /Users/jiaxuan/Desktop/Music Project/VariVis/backend/features/LBeethoven_WOO28_5.json

LBeethoven_WOO28_5: 加载 WAV…
  T    0.0s–49.0s … key=Fmaj r=0.81  voiced=0.83  beats=94 ✓
  V1   49.0s–86.0s … key=A#maj r=0.89  voiced=0.79  beats=86 ✓
  V2   86.0s–130.0s … key=A#maj r=0.89  voiced=0.82  beats=97 ✓
  V3   130.0s–177.0s … key=A#maj r=0.94  voiced=0.87  beats=48 ✓
  V4   177.0s–209.0s … key=A#maj r=0.82  voiced=0.83  beats=94 ✓
  V5   209.0s–253.0s … key=A#maj r=0.85  voiced=0.83  beats=126 ✓
  V6   253.0s–320.0s … key=A#min r=0.78  voiced=0.90  beats=68 ✓
  V7   320.0s–362.0s … key=A#maj r=0.85  voiced=0.84  beats=42 ✓
  V8   362.0s–420.0s … key=Fmaj r=0.83  voiced=0.73  beats=117 ✓
  C    420.0s–497.0s … key=A#maj r=0.99  voiced=0.81  beats=97 ✓
✓ 已保存: /Users/jiaxuan/Desktop/Music Project/VariVis/backend/features/LBeethoven_WOO28_5.json
Fri Apr 24 19:24:03 AEST 2026: OK LBeethoven_WOO28_5

============================================================
处理: LBeethoven_WOO28_6
============================================================
曲目: Variations on "Là ci darem la mano",WoO 28
作曲: Ludwig van Beethoven
段落: ['T', 'V1', 'V2', 'V3', 'V4', 'V5', 'V6', 'V7', 'V8', 'C']  (10 段)
边界(秒): [1.0, 47.0, 82.0, 118.0, 161.0, 198.0, 237.0, 286.0, 330.0, 387.0, 718.0]

正在加载 WAV: LBeethoven_WOO28_6.wav...
已加载: 723.4s @ 48000Hz
  [ 0] T         1.0s →    47.0s  (46.0s)
  [ 1] V1       47.0s →    82.0s  (35.0s)
  [ 2] V2       82.0s →   118.0s  (36.0s)
  [ 3] V3      118.0s →   161.0s  (43.0s)
  [ 4] V4      161.0s →   198.0s  (37.0s)
  [ 5] V5      198.0s →   237.0s  (39.0s)
  [ 6] V6      237.0s →   286.0s  (49.0s)
  [ 7] V7      286.0s →   330.0s  (44.0s)
  [ 8] V8      330.0s →   387.0s  (57.0s)
  [ 9] C       387.0s →   718.0s  (331.0s)

✓ 特征已保存: /Users/jiaxuan/Desktop/Music Project/VariVis/backend/features/LBeethoven_WOO28_6.json

LBeethoven_WOO28_6: 加载 WAV…
  T    1.0s–47.0s … key=Gmaj r=0.86  voiced=0.70  beats=98 ✓
  V1   47.0s–82.0s … key=Gmaj r=0.84  voiced=0.66  beats=109 ✓
  V2   82.0s–118.0s … key=Gmaj r=0.90  voiced=0.55  beats=86 ✓
  V3   118.0s–161.0s … key=Gmaj r=0.90  voiced=0.60  beats=65 ✓
  V4   161.0s–198.0s … key=Gmaj r=0.83  voiced=0.59  beats=93 ✓
  V5   198.0s–237.0s … key=Cmaj r=0.77  voiced=0.71  beats=98 ✓
  V6   237.0s–286.0s … key=D#maj r=0.85  voiced=0.73  beats=108 ✓
  V7   286.0s–330.0s … key=Gmaj r=0.83  voiced=0.63  beats=97 ✓
  V8   330.0s–387.0s … key=Gmaj r=0.87  voiced=0.52  beats=126 ✓
  C    387.0s–718.0s … key=Fmaj r=0.73  voiced=0.60  beats=730 ✓
✓ 已保存: /Users/jiaxuan/Desktop/Music Project/VariVis/backend/features/LBeethoven_WOO28_6.json
Fri Apr 24 19:27:06 AEST 2026: OK LBeethoven_WOO28_6

============================================================
处理: LBeethoven_WOO28_7
============================================================
曲目: Variations on "Là ci darem la mano",WoO 28
作曲: Ludwig van Beethoven
段落: ['T', 'V1', 'V2', 'V3', 'V4', 'V5', 'V6', 'V7', 'V8', 'C']  (10 段)
边界(秒): [1.0, 58.0, 104.0, 156.0, 233.0, 264.0, 322.0, 394.0, 449.0, 529.0, 619.0]

正在加载 WAV: LBeethoven_WOO28_7.wav...
已加载: 655.4s @ 48000Hz
  [ 0] T         1.0s →    58.0s  (57.0s)
  [ 1] V1       58.0s →   104.0s  (46.0s)
  [ 2] V2      104.0s →   156.0s  (52.0s)
  [ 3] V3      156.0s →   233.0s  (77.0s)
  [ 4] V4      233.0s →   264.0s  (31.0s)
  [ 5] V5      264.0s →   322.0s  (58.0s)
  [ 6] V6      322.0s →   394.0s  (72.0s)
  [ 7] V7      394.0s →   449.0s  (55.0s)
  [ 8] V8      449.0s →   529.0s  (80.0s)
  [ 9] C       529.0s →   619.0s  (90.0s)

✓ 特征已保存: /Users/jiaxuan/Desktop/Music Project/VariVis/backend/features/LBeethoven_WOO28_7.json

LBeethoven_WOO28_7: 加载 WAV…
  T    1.0s–58.0s … key=Gmaj r=0.76  voiced=0.70  beats=114 ✓
  V1   58.0s–104.0s … key=Gmaj r=0.54  voiced=0.74  beats=104 ✓
  V2   104.0s–156.0s … key=Gmaj r=0.86  voiced=0.65  beats=98 ✓
  V3   156.0s–233.0s … key=Gmaj r=0.68  voiced=0.67  beats=211 ✓
  V4   233.0s–264.0s … key=Gmaj r=0.78  voiced=0.59  beats=49 ✓
  V5   264.0s–322.0s … key=Cmaj r=0.57  voiced=0.64  beats=103 ✓
  V6   322.0s–394.0s … key=D#maj r=0.75  voiced=0.72  beats=122 ✓
  V7   394.0s–449.0s … key=Gmaj r=0.59  voiced=0.64  beats=110 ✓
  V8   449.0s–529.0s … key=Gmaj r=0.84  voiced=0.67  beats=131 ✓
  C    529.0s–619.0s … key=Cmaj r=0.84  voiced=0.67  beats=176 ✓
✓ 已保存: /Users/jiaxuan/Desktop/Music Project/VariVis/backend/features/LBeethoven_WOO28_7.json
Fri Apr 24 19:29:44 AEST 2026: OK LBeethoven_WOO28_7

============================================================
处理: LBeethoven_WOO28_8
============================================================
曲目: Variations on "Là ci darem la mano",WoO 28
作曲: Ludwig van Beethoven
段落: ['T', 'V1', 'V2', 'V3', 'V4', 'V5', 'V6', 'V7', 'V8', 'C']  (10 段)
边界(秒): [3.0, 57.0, 99.0, 146.0, 219.0, 250.0, 309.0, 396.0, 442.0, 506.0, 594.0]

正在加载 WAV: LBeethoven_WOO28_8.wav...
已加载: 598.0s @ 48000Hz
  [ 0] T         3.0s →    57.0s  (54.0s)
  [ 1] V1       57.0s →    99.0s  (42.0s)
  [ 2] V2       99.0s →   146.0s  (47.0s)
  [ 3] V3      146.0s →   219.0s  (73.0s)
  [ 4] V4      219.0s →   250.0s  (31.0s)
  [ 5] V5      250.0s →   309.0s  (59.0s)
  [ 6] V6      309.0s →   396.0s  (87.0s)
  [ 7] V7      396.0s →   442.0s  (46.0s)
  [ 8] V8      442.0s →   506.0s  (64.0s)
  [ 9] C       506.0s →   594.0s  (88.0s)

✓ 特征已保存: /Users/jiaxuan/Desktop/Music Project/VariVis/backend/features/LBeethoven_WOO28_8.json

LBeethoven_WOO28_8: 加载 WAV…
  T    3.0s–57.0s … key=Gmaj r=0.83  voiced=0.79  beats=99 ✓
  V1   57.0s–99.0s … key=Cmaj r=0.81  voiced=0.79  beats=95 ✓
  V2   99.0s–146.0s … key=Gmaj r=0.92  voiced=0.72  beats=99 ✓
  V3   146.0s–219.0s … key=Cmaj r=0.83  voiced=0.85  beats=163 ✓
  V4   219.0s–250.0s … key=Gmaj r=0.85  voiced=0.63  beats=98 ✓
  V5   250.0s–309.0s … key=Gmaj r=0.87  voiced=0.80  beats=102 ✓
  V6   309.0s–396.0s … key=Cmin r=0.80  voiced=0.80  beats=217 ✓
  V7   396.0s–442.0s … key=Gmaj r=0.87  voiced=0.71  beats=72 ✓
  V8   442.0s–506.0s … key=Gmaj r=0.86  voiced=0.68  beats=128 ✓
  C    506.0s–594.0s … key=Cmaj r=0.95  voiced=0.71  beats=157 ✓
✓ 已保存: /Users/jiaxuan/Desktop/Music Project/VariVis/backend/features/LBeethoven_WOO28_8.json
Fri Apr 24 19:32:13 AEST 2026: OK LBeethoven_WOO28_8

============================================================
处理: LBeethoven_WOO74_1
============================================================
曲目: 6 Variations on 'Ich denke dein',WoO 74 "Lied mit Veränderungen"
作曲: Ludwig van Beethoven
段落: ['T', 'V1', 'V2', 'V3', 'V4', 'V5', 'V6', 'C']  (8 段)
边界(秒): [0.0, 39.0, 75.0, 110.0, 167.0, 203.0, 251.0, 285.0, 330.0]

正在加载 WAV: LBeethoven_WOO74_1.wav...
已加载: 334.5s @ 48000Hz
  [ 0] T         0.0s →    39.0s  (39.0s)
  [ 1] V1       39.0s →    75.0s  (36.0s)
  [ 2] V2       75.0s →   110.0s  (35.0s)
  [ 3] V3      110.0s →   167.0s  (57.0s)
  [ 4] V4      167.0s →   203.0s  (36.0s)
  [ 5] V5      203.0s →   251.0s  (48.0s)
  [ 6] V6      251.0s →   285.0s  (34.0s)
  [ 7] C       285.0s →   330.0s  (45.0s)

✓ 特征已保存: /Users/jiaxuan/Desktop/Music Project/VariVis/backend/features/LBeethoven_WOO74_1.json

LBeethoven_WOO74_1: 加载 WAV…
  T    0.0s–39.0s … key=Dmaj r=0.76  voiced=0.73  beats=110 ✓
  V1   39.0s–75.0s … key=Dmaj r=0.75  voiced=0.75  beats=121 ✓
  V2   75.0s–110.0s … key=Dmaj r=0.76  voiced=0.68  beats=59 ✓
  V3   110.0s–167.0s … key=Dmaj r=0.80  voiced=0.85  beats=100 ✓
  V4   167.0s–203.0s … key=Dmaj r=0.74  voiced=0.64  beats=52 ✓
  V5   203.0s–251.0s … key=Dmin r=0.83  voiced=0.69  beats=59 ✓
  V6   251.0s–285.0s … key=Dmaj r=0.78  voiced=0.71  beats=108 ✓
  C    285.0s–330.0s … key=Dmaj r=0.88  voiced=0.77  beats=102 ✓
✓ 已保存: /Users/jiaxuan/Desktop/Music Project/VariVis/backend/features/LBeethoven_WOO74_1.json
Fri Apr 24 19:33:37 AEST 2026: OK LBeethoven_WOO74_1

============================================================
处理: LBeethoven_WOO74_2
============================================================
曲目: 6 Variations on 'Ich denke dein',WoO 74 "Lied mit Veränderungen"
作曲: Ludwig van Beethoven
段落: ['T', 'V1', 'V2', 'V3', 'V4', 'V5', 'V6', 'C']  (8 段)
边界(秒): [2.0, 44.0, 79.0, 118.0, 171.0, 206.0, 265.0, 298.0, 339.0]

正在加载 WAV: LBeethoven_WOO74_2.wav...
已加载: 349.6s @ 48000Hz
  [ 0] T         2.0s →    44.0s  (42.0s)
  [ 1] V1       44.0s →    79.0s  (35.0s)
  [ 2] V2       79.0s →   118.0s  (39.0s)
  [ 3] V3      118.0s →   171.0s  (53.0s)
  [ 4] V4      171.0s →   206.0s  (35.0s)
  [ 5] V5      206.0s →   265.0s  (59.0s)
  [ 6] V6      265.0s →   298.0s  (33.0s)
  [ 7] C       298.0s →   339.0s  (41.0s)

✓ 特征已保存: /Users/jiaxuan/Desktop/Music Project/VariVis/backend/features/LBeethoven_WOO74_2.json

LBeethoven_WOO74_2: 加载 WAV…
  T    2.0s–44.0s … key=Amaj r=0.80  voiced=0.86  beats=60 ✓
  V1   44.0s–79.0s … key=Dmaj r=0.81  voiced=0.69  beats=59 ✓
  V2   79.0s–118.0s … key=Amaj r=0.78  voiced=0.77  beats=50 ✓
  V3   118.0s–171.0s … key=Dmaj r=0.81  voiced=0.82  beats=133 ✓
  V4   171.0s–206.0s … key=Dmaj r=0.71  voiced=0.59  beats=59 ✓
  V5   206.0s–265.0s … key=Dmin r=0.67  voiced=0.68  beats=109 ✓
  V6   265.0s–298.0s … key=Dmaj r=0.78  voiced=0.63  beats=115 ✓
  C    298.0s–339.0s … key=Dmaj r=0.87  voiced=0.58  beats=74 ✓
✓ 已保存: /Users/jiaxuan/Desktop/Music Project/VariVis/backend/features/LBeethoven_WOO74_2.json
Fri Apr 24 19:35:04 AEST 2026: OK LBeethoven_WOO74_2

============================================================
处理: LBeethoven_WOO74_3
============================================================
曲目: 6 Variations on 'Ich denke dein',WoO 74 "Lied mit Veränderungen"
作曲: Ludwig van Beethoven
段落: ['T', 'V1', 'V2', 'V3', 'V4', 'V5', 'V6', 'C']  (8 段)
边界(秒): [1.0, 54.0, 98.0, 139.0, 197.0, 235.0, 291.0, 322.0, 359.0]

正在加载 WAV: LBeethoven_WOO74_3.wav...
已加载: 364.6s @ 48000Hz
  [ 0] T         1.0s →    54.0s  (53.0s)
  [ 1] V1       54.0s →    98.0s  (44.0s)
  [ 2] V2       98.0s →   139.0s  (41.0s)
  [ 3] V3      139.0s →   197.0s  (58.0s)
  [ 4] V4      197.0s →   235.0s  (38.0s)
  [ 5] V5      235.0s →   291.0s  (56.0s)
  [ 6] V6      291.0s →   322.0s  (31.0s)
  [ 7] C       322.0s →   359.0s  (37.0s)

✓ 特征已保存: /Users/jiaxuan/Desktop/Music Project/VariVis/backend/features/LBeethoven_WOO74_3.json

LBeethoven_WOO74_3: 加载 WAV…
  T    1.0s–54.0s … key=Dmaj r=0.85  voiced=0.74  beats=128 ✓
  V1   54.0s–98.0s … key=Dmaj r=0.88  voiced=0.67  beats=63 ✓
  V2   98.0s–139.0s … key=Dmaj r=0.86  voiced=0.75  beats=64 ✓
  V3   139.0s–197.0s … key=Dmaj r=0.88  voiced=0.80  beats=128 ✓
  V4   197.0s–235.0s … key=Dmaj r=0.89  voiced=0.63  beats=62 ✓
  V5   235.0s–291.0s … key=Dmin r=0.79  voiced=0.75  beats=128 ✓
  V6   291.0s–322.0s … key=Dmaj r=0.94  voiced=0.70  beats=60 ✓
  C    322.0s–359.0s … key=Dmaj r=0.95  voiced=0.62  beats=69 ✓
✓ 已保存: /Users/jiaxuan/Desktop/Music Project/VariVis/backend/features/LBeethoven_WOO74_3.json
Fri Apr 24 19:36:36 AEST 2026: OK LBeethoven_WOO74_3

============================================================
处理: LBeethoven_WOO74_4
============================================================
曲目: 6 Variations on 'Ich denke dein',WoO 74 "Lied mit Veränderungen"
作曲: Ludwig van Beethoven
段落: ['T', 'V1', 'V2', 'V3', 'V4', 'V5', 'V6', 'C']  (8 段)
边界(秒): [1.0, 43.0, 83.0, 126.0, 197.0, 237.0, 304.0, 341.0, 389.0]

正在加载 WAV: LBeethoven_WOO74_4.wav...
已加载: 396.2s @ 48000Hz
  [ 0] T         1.0s →    43.0s  (42.0s)
  [ 1] V1       43.0s →    83.0s  (40.0s)
  [ 2] V2       83.0s →   126.0s  (43.0s)
  [ 3] V3      126.0s →   197.0s  (71.0s)
  [ 4] V4      197.0s →   237.0s  (40.0s)
  [ 5] V5      237.0s →   304.0s  (67.0s)
  [ 6] V6      304.0s →   341.0s  (37.0s)
  [ 7] C       341.0s →   389.0s  (48.0s)

✓ 特征已保存: /Users/jiaxuan/Desktop/Music Project/VariVis/backend/features/LBeethoven_WOO74_4.json

LBeethoven_WOO74_4: 加载 WAV…
  T    1.0s–43.0s … key=Dmaj r=0.89  voiced=0.79  beats=61 ✓
  V1   43.0s–83.0s … key=Dmaj r=0.90  voiced=0.76  beats=57 ✓
  V2   83.0s–126.0s … key=Dmaj r=0.87  voiced=0.67  beats=114 ✓
  V3   126.0s–197.0s … key=Dmaj r=0.92  voiced=0.83  beats=103 ✓
  V4   197.0s–237.0s … key=Dmaj r=0.81  voiced=0.57  beats=53 ✓
  V5   237.0s–304.0s … key=Dmin r=0.80  voiced=0.64  beats=188 ✓
  V6   304.0s–341.0s … key=Dmaj r=0.85  voiced=0.67  beats=111 ✓
  C    341.0s–389.0s … key=Dmaj r=0.93  voiced=0.71  beats=138 ✓
✓ 已保存: /Users/jiaxuan/Desktop/Music Project/VariVis/backend/features/LBeethoven_WOO74_4.json
Fri Apr 24 19:38:15 AEST 2026: OK LBeethoven_WOO74_4

============================================================
处理: LBeethoven_WOO74_5
============================================================
Traceback (most recent call last):
  File "/Users/jiaxuan/Desktop/Music Project/VariVis/backend/extract_features.py", line 541, in <module>
    main()
  File "/Users/jiaxuan/Desktop/Music Project/VariVis/backend/extract_features.py", line 529, in main
    data = process_file(args.target, args.frames, args.sr)
           ^^^^^^^^^^^^^^^^^^^^^^^^^^^^^^^^^^^^^^^^^^^^^^^
  File "/Users/jiaxuan/Desktop/Music Project/VariVis/backend/extract_features.py", line 391, in process_file
    boundaries_sec = [mmss_to_seconds(b) for b in boundary_raw]
                     ^^^^^^^^^^^^^^^^^^^^^^^^^^^^^^^^^^^^^^^^^^
  File "/Users/jiaxuan/Desktop/Music Project/VariVis/backend/extract_features.py", line 391, in <listcomp>
    boundaries_sec = [mmss_to_seconds(b) for b in boundary_raw]
                      ^^^^^^^^^^^^^^^^^^
  File "/Users/jiaxuan/Desktop/Music Project/VariVis/backend/extract_features.py", line 72, in mmss_to_seconds
    minutes = int(value)
              ^^^^^^^^^^
ValueError: invalid literal for int() with base 10: '[0.39'
Fri Apr 24 19:38:16 AEST 2026: FAIL extract LBeethoven_WOO74_5

============================================================
处理: LBeethoven_WOO66_1
============================================================
曲目: Beethoven: 13 Variations on 'Es war einmal ein alter Mann',WoO 66
作曲: Ludwig van Beethoven
段落: ['T', 'V1', 'V2', 'V3', 'V4', 'V5', 'V6', 'V7', 'V8', 'V9', 'V10', 'V11', 'V12', 'V13']  (14 段)
边界(秒): [0.0, 43.0, 84.0, 126.0, 169.0, 211.0, 260.0, 320.0, 373.0, 425.0, 464.0, 507.0, 552.0, 656.0, 716.0]

正在加载 WAV: LBeethoven_WOO66_1.wav...
已加载: 727.9s @ 48000Hz
  [ 0] T         0.0s →    43.0s  (43.0s)
  [ 1] V1       43.0s →    84.0s  (41.0s)
  [ 2] V2       84.0s →   126.0s  (42.0s)
  [ 3] V3      126.0s →   169.0s  (43.0s)
  [ 4] V4      169.0s →   211.0s  (42.0s)
  [ 5] V5      211.0s →   260.0s  (49.0s)
  [ 6] V6      260.0s →   320.0s  (60.0s)
  [ 7] V7      320.0s →   373.0s  (53.0s)
  [ 8] V8      373.0s →   425.0s  (52.0s)
  [ 9] V9      425.0s →   464.0s  (39.0s)
  [10] V10     464.0s →   507.0s  (43.0s)
  [11] V11     507.0s →   552.0s  (45.0s)
  [12] V12     552.0s →   656.0s  (104.0s)
  [13] V13     656.0s →   716.0s  (60.0s)

✓ 特征已保存: /Users/jiaxuan/Desktop/Music Project/VariVis/backend/features/LBeethoven_WOO66_1.json

LBeethoven_WOO66_1: 加载 WAV…
  T    0.0s–43.0s … key=Emaj r=0.71  voiced=0.67  beats=72 ✓
  V1   43.0s–84.0s … key=Amaj r=0.71  voiced=0.73  beats=87 ✓
  V2   84.0s–126.0s … key=Emaj r=0.79  voiced=0.68  beats=67 ✓
  V3   126.0s–169.0s … key=Amaj r=0.82  voiced=0.69  beats=105 ✓
  V4   169.0s–211.0s … key=Emaj r=0.78  voiced=0.77  beats=70 ✓
  V5   211.0s–260.0s … key=Emaj r=0.76  voiced=0.70  beats=82 ✓
  V6   260.0s–320.0s … key=Emin r=0.74  voiced=0.85  beats=74 ✓
  V7   320.0s–373.0s … key=Emaj r=0.75  voiced=0.60  beats=69 ✓
  V8   373.0s–425.0s … key=Emaj r=0.68  voiced=0.73  beats=71 ✓
  V9   425.0s–464.0s … key=Emaj r=0.79  voiced=0.62  beats=85 ✓
  V10  464.0s–507.0s … key=Amaj r=0.77  voiced=0.78  beats=109 ✓
  V11  507.0s–552.0s … key=Emaj r=0.75  voiced=0.67  beats=110 ✓
  V12  552.0s–656.0s … key=Emaj r=0.70  voiced=0.72  beats=178 ✓
  V13  656.0s–716.0s … key=Emaj r=0.79  voiced=0.55  beats=73 ✓
✓ 已保存: /Users/jiaxuan/Desktop/Music Project/VariVis/backend/features/LBeethoven_WOO66_1.json
Fri Apr 24 19:41:15 AEST 2026: OK LBeethoven_WOO66_1

============================================================
处理: LBeethoven_WOO66_2
============================================================
曲目: Beethoven: 13 Variations on 'Es war einmal ein alter Mann',WoO 66
作曲: Ludwig van Beethoven
段落: ['T', 'V1', 'V2', 'V3', 'V4', 'V5', 'V6', 'V7', 'V8', 'V9', 'V10', 'V11', 'V12', 'V14']  (14 段)
边界(秒): [0.0, 41.0, 81.0, 125.0, 172.0, 216.0, 271.0, 341.0, 399.0, 454.0, 504.0, 548.0, 604.0, 713.0, 776.0]

正在加载 WAV: LBeethoven_WOO66_2.wav...
已加载: 779.1s @ 48000Hz
  [ 0] T         0.0s →    41.0s  (41.0s)
  [ 1] V1       41.0s →    81.0s  (40.0s)
  [ 2] V2       81.0s →   125.0s  (44.0s)
  [ 3] V3      125.0s →   172.0s  (47.0s)
  [ 4] V4      172.0s →   216.0s  (44.0s)
  [ 5] V5      216.0s →   271.0s  (55.0s)
  [ 6] V6      271.0s →   341.0s  (70.0s)
  [ 7] V7      341.0s →   399.0s  (58.0s)
  [ 8] V8      399.0s →   454.0s  (55.0s)
  [ 9] V9      454.0s →   504.0s  (50.0s)
  [10] V10     504.0s →   548.0s  (44.0s)
  [11] V11     548.0s →   604.0s  (56.0s)
  [12] V12     604.0s →   713.0s  (109.0s)
  [13] V14     713.0s →   776.0s  (63.0s)

✓ 特征已保存: /Users/jiaxuan/Desktop/Music Project/VariVis/backend/features/LBeethoven_WOO66_2.json

LBeethoven_WOO66_2: 加载 WAV…
  T    0.0s–41.0s … key=Emaj r=0.76  voiced=0.73  beats=68 ✓
  V1   41.0s–81.0s … key=Emaj r=0.80  voiced=0.77  beats=70 ✓
  V2   81.0s–125.0s … key=Emaj r=0.76  voiced=0.75  beats=141 ✓
  V3   125.0s–172.0s … key=Amaj r=0.80  voiced=0.77  beats=136 ✓
  V4   172.0s–216.0s … key=Emaj r=0.81  voiced=0.73  beats=75 ✓
  V5   216.0s–271.0s … key=Emaj r=0.81  voiced=0.67  beats=88 ✓
  V6   271.0s–341.0s … key=Amin r=0.70  voiced=0.77  beats=156 ✓
  V7   341.0s–399.0s … key=Emaj r=0.80  voiced=0.70  beats=117 ✓
  V8   399.0s–454.0s … key=Emaj r=0.74  voiced=0.71  beats=78 ✓
  V9   454.0s–504.0s … key=Emaj r=0.78  voiced=0.72  beats=102 ✓
  V10  504.0s–548.0s … key=Amaj r=0.75  voiced=0.76  beats=144 ✓
  V11  548.0s–604.0s … key=Emaj r=0.77  voiced=0.57  beats=71 ✓
  V12  604.0s–713.0s … key=Emaj r=0.76  voiced=0.79  beats=174 ✓
  V14  713.0s–776.0s … key=Emaj r=0.84  voiced=0.64  beats=151 ✓
✓ 已保存: /Users/jiaxuan/Desktop/Music Project/VariVis/backend/features/LBeethoven_WOO66_2.json
Fri Apr 24 19:44:30 AEST 2026: OK LBeethoven_WOO66_2

============================================================
处理: LBeethoven_WOO66_3
============================================================
曲目: Beethoven: 13 Variations on 'Es war einmal ein alter Mann',WoO 66
作曲: Ludwig van Beethoven
段落: ['T', 'V1', 'V2', 'V3', 'V4', 'V5', 'V6', 'V7', 'V8', 'V9', 'V10', 'V11', 'V12', 'V15']  (14 段)
边界(秒): [0.0, 46.0, 93.0, 136.0, 184.0, 230.0, 283.0, 365.0, 431.0, 486.0, 536.0, 599.0, 664.0, 826.0, 886.0]

正在加载 WAV: LBeethoven_WOO66_3.wav...
已加载: 896.0s @ 48000Hz
  [ 0] T         0.0s →    46.0s  (46.0s)
  [ 1] V1       46.0s →    93.0s  (47.0s)
  [ 2] V2       93.0s →   136.0s  (43.0s)
  [ 3] V3      136.0s →   184.0s  (48.0s)
  [ 4] V4      184.0s →   230.0s  (46.0s)
  [ 5] V5      230.0s →   283.0s  (53.0s)
  [ 6] V6      283.0s →   365.0s  (82.0s)
  [ 7] V7      365.0s →   431.0s  (66.0s)
  [ 8] V8      431.0s →   486.0s  (55.0s)
  [ 9] V9      486.0s →   536.0s  (50.0s)
  [10] V10     536.0s →   599.0s  (63.0s)
  [11] V11     599.0s →   664.0s  (65.0s)
  [12] V12     664.0s →   826.0s  (162.0s)
  [13] V15     826.0s →   886.0s  (60.0s)

✓ 特征已保存: /Users/jiaxuan/Desktop/Music Project/VariVis/backend/features/LBeethoven_WOO66_3.json

LBeethoven_WOO66_3: 加载 WAV…
  T    0.0s–46.0s … key=Emaj r=0.78  voiced=0.70  beats=146 ✓
  V1   46.0s–93.0s … key=Emaj r=0.71  voiced=0.76  beats=107 ✓
  V2   93.0s–136.0s … key=Emaj r=0.79  voiced=0.77  beats=71 ✓
  V3   136.0s–184.0s … key=Emaj r=0.78  voiced=0.71  beats=147 ✓
  V4   184.0s–230.0s … key=Emaj r=0.80  voiced=0.65  beats=76 ✓
  V5   230.0s–283.0s … key=Emaj r=0.81  voiced=0.67  beats=83 ✓
  V6   283.0s–365.0s … key=Emaj r=0.67  voiced=0.72  beats=178 ✓
  V7   365.0s–431.0s … key=Emaj r=0.83  voiced=0.66  beats=119 ✓
  V8   431.0s–486.0s … key=Emaj r=0.77  voiced=0.67  beats=78 ✓
  V9   486.0s–536.0s … key=Emaj r=0.79  voiced=0.65  beats=113 ✓
  V10  536.0s–599.0s … key=Amaj r=0.77  voiced=0.73  beats=149 ✓
  V11  599.0s–664.0s … key=Emaj r=0.83  voiced=0.65  beats=118 ✓
  V12  664.0s–826.0s … key=Emaj r=0.77  voiced=0.73  beats=395 ✓
  V15  826.0s–886.0s … key=Emaj r=0.83  voiced=0.63  beats=148 ✓
✓ 已保存: /Users/jiaxuan/Desktop/Music Project/VariVis/backend/features/LBeethoven_WOO66_3.json
Fri Apr 24 19:48:42 AEST 2026: OK LBeethoven_WOO66_3

============================================================
处理: LBeethoven_WOO66_4
============================================================
曲目: Beethoven: 13 Variations on 'Es war einmal ein alter Mann',WoO 66
作曲: Ludwig van Beethoven
段落: ['T', 'V1', 'V2', 'V3', 'V4', 'V5', 'V6', 'V7', 'V8', 'V9', 'V10', 'V11', 'V12', 'V16']  (14 段)
边界(秒): [6.0, 51.0, 97.0, 142.0, 194.0, 242.0, 297.0, 380.0, 425.0, 476.0, 517.0, 564.0, 606.0, 703.0, 769.0]

正在加载 WAV: LBeethoven_WOO66_4.wav...
已加载: 772.8s @ 48000Hz
  [ 0] T         6.0s →    51.0s  (45.0s)
  [ 1] V1       51.0s →    97.0s  (46.0s)
  [ 2] V2       97.0s →   142.0s  (45.0s)
  [ 3] V3      142.0s →   194.0s  (52.0s)
  [ 4] V4      194.0s →   242.0s  (48.0s)
  [ 5] V5      242.0s →   297.0s  (55.0s)
  [ 6] V6      297.0s →   380.0s  (83.0s)
  [ 7] V7      380.0s →   425.0s  (45.0s)
  [ 8] V8      425.0s →   476.0s  (51.0s)
  [ 9] V9      476.0s →   517.0s  (41.0s)
  [10] V10     517.0s →   564.0s  (47.0s)
  [11] V11     564.0s →   606.0s  (42.0s)
  [12] V12     606.0s →   703.0s  (97.0s)
  [13] V16     703.0s →   769.0s  (66.0s)

✓ 特征已保存: /Users/jiaxuan/Desktop/Music Project/VariVis/backend/features/LBeethoven_WOO66_4.json

LBeethoven_WOO66_4: 加载 WAV…
  T    6.0s–51.0s … key=Amaj r=0.78  voiced=0.74  beats=77 ✓
  V1   51.0s–97.0s … key=Amaj r=0.85  voiced=0.80  beats=78 ✓
  V2   97.0s–142.0s … key=Amin r=0.75  voiced=0.76  beats=48 ✓
  V3   142.0s–194.0s … key=Amaj r=0.86  voiced=0.77  beats=77 ✓
  V4   194.0s–242.0s … key=Amaj r=0.79  voiced=0.76  beats=78 ✓
  V5   242.0s–297.0s … key=Emaj r=0.78  voiced=0.83  beats=173 ✓
  V6   297.0s–380.0s … key=Emin r=0.77  voiced=0.80  beats=78 ✓
  V7   380.0s–425.0s … key=Amaj r=0.78  voiced=0.62  beats=74 ✓
  V8   425.0s–476.0s … key=Amaj r=0.78  voiced=0.76  beats=73 ✓
  V9   476.0s–517.0s … key=Amaj r=0.89  voiced=0.69  beats=45 ✓
  V10  517.0s–564.0s … key=Amaj r=0.84  voiced=0.80  beats=140 ✓
  V11  564.0s–606.0s … key=Amaj r=0.70  voiced=0.58  beats=73 ✓
  V12  606.0s–703.0s … key=Amaj r=0.81  voiced=0.77  beats=190 ✓
  V16  703.0s–769.0s … key=Amaj r=0.79  voiced=0.68  beats=155 ✓
✓ 已保存: /Users/jiaxuan/Desktop/Music Project/VariVis/backend/features/LBeethoven_WOO66_4.json
Fri Apr 24 20:07:21 AEST 2026: OK LBeethoven_WOO66_4

============================================================
处理: LBeethoven_WOO66_5
============================================================
曲目: Beethoven: 13 Variations on 'Es war einmal ein alter Mann',WoO 66
作曲: Ludwig van Beethoven
段落: ['T', 'V1', 'V2', 'V3', 'V4', 'V5', 'V6', 'V7', 'V8', 'V9', 'V10', 'V11', 'V12', 'V17']  (14 段)
边界(秒): [0.0, 42.0, 85.0, 126.0, 170.0, 207.0, 259.0, 331.0, 381.0, 435.0, 478.0, 523.0, 566.0, 675.0, 731.0]

正在加载 WAV: LBeethoven_WOO66_5.wav...
已加载: 733.9s @ 48000Hz
  [ 0] T         0.0s →    42.0s  (42.0s)
  [ 1] V1       42.0s →    85.0s  (43.0s)
  [ 2] V2       85.0s →   126.0s  (41.0s)
  [ 3] V3      126.0s →   170.0s  (44.0s)
  [ 4] V4      170.0s →   207.0s  (37.0s)
  [ 5] V5      207.0s →   259.0s  (52.0s)
  [ 6] V6      259.0s →   331.0s  (72.0s)
  [ 7] V7      331.0s →   381.0s  (50.0s)
  [ 8] V8      381.0s →   435.0s  (54.0s)
  [ 9] V9      435.0s →   478.0s  (43.0s)
  [10] V10     478.0s →   523.0s  (45.0s)
  [11] V11     523.0s →   566.0s  (43.0s)
  [12] V12     566.0s →   675.0s  (109.0s)
  [13] V17     675.0s →   731.0s  (56.0s)

✓ 特征已保存: /Users/jiaxuan/Desktop/Music Project/VariVis/backend/features/LBeethoven_WOO66_5.json

LBeethoven_WOO66_5: 加载 WAV…
  T    0.0s–42.0s … key=Emaj r=0.86  voiced=0.59  beats=72 ✓
  V1   42.0s–85.0s … key=Amaj r=0.81  voiced=0.70  beats=101 ✓
  V2   85.0s–126.0s … key=Emaj r=0.84  voiced=0.72  beats=68 ✓
  V3   126.0s–170.0s … key=Amaj r=0.87  voiced=0.66  beats=76 ✓
  V4   170.0s–207.0s … key=Emaj r=0.85  voiced=0.68  beats=70 ✓
  V5   207.0s–259.0s … key=Emaj r=0.87  voiced=0.64  beats=85 ✓
  V6   259.0s–331.0s … key=Emin r=0.74  voiced=0.76  beats=184 ✓
  V7   331.0s–381.0s … key=Emaj r=0.87  voiced=0.58  beats=81 ✓
  V8   381.0s–435.0s … key=Emaj r=0.80  voiced=0.70  beats=73 ✓
  V9   435.0s–478.0s … key=Emaj r=0.85  voiced=0.63  beats=97 ✓
  V10  478.0s–523.0s … key=Amaj r=0.87  voiced=0.71  beats=145 ✓
  V11  523.0s–566.0s … key=Emaj r=0.85  voiced=0.44  beats=78 ✓
  V12  566.0s–675.0s … key=Emaj r=0.79  voiced=0.67  beats=190 ✓
  V17  675.0s–731.0s … key=Emaj r=0.88  voiced=0.49  beats=147 ✓
✓ 已保存: /Users/jiaxuan/Desktop/Music Project/VariVis/backend/features/LBeethoven_WOO66_5.json
Fri Apr 24 21:29:09 AEST 2026: OK LBeethoven_WOO66_5

============================================================
处理: LBeethoven_WOO66_6
============================================================
曲目: Beethoven: 13 Variations on 'Es war einmal ein alter Mann',WoO 66
作曲: Ludwig van Beethoven
段落: ['T', 'V1', 'V2', 'V3', 'V4', 'V5', 'V6', 'V7', 'V8', 'V9', 'V10', 'V11', 'V12', 'V18']  (14 段)
边界(秒): [0.0, 43.0, 84.0, 126.0, 168.0, 211.0, 260.0, 320.0, 373.0, 425.0, 464.0, 507.0, 550.0, 656.0, 715.0]

正在加载 WAV: LBeethoven_WOO66_6.wav...
已加载: 721.3s @ 48000Hz
  [ 0] T         0.0s →    43.0s  (43.0s)
  [ 1] V1       43.0s →    84.0s  (41.0s)
  [ 2] V2       84.0s →   126.0s  (42.0s)
  [ 3] V3      126.0s →   168.0s  (42.0s)
  [ 4] V4      168.0s →   211.0s  (43.0s)
  [ 5] V5      211.0s →   260.0s  (49.0s)
  [ 6] V6      260.0s →   320.0s  (60.0s)
  [ 7] V7      320.0s →   373.0s  (53.0s)
  [ 8] V8      373.0s →   425.0s  (52.0s)
  [ 9] V9      425.0s →   464.0s  (39.0s)
  [10] V10     464.0s →   507.0s  (43.0s)
  [11] V11     507.0s →   550.0s  (43.0s)
  [12] V12     550.0s →   656.0s  (106.0s)
  [13] V18     656.0s →   715.0s  (59.0s)

✓ 特征已保存: /Users/jiaxuan/Desktop/Music Project/VariVis/backend/features/LBeethoven_WOO66_6.json

LBeethoven_WOO66_6: 加载 WAV…
  T    0.0s–43.0s … key=Emaj r=0.71  voiced=0.66  beats=63 ✓
  V1   43.0s–84.0s … key=Amaj r=0.71  voiced=0.71  beats=93 ✓
  V2   84.0s–126.0s … key=Emaj r=0.79  voiced=0.69  beats=91 ✓
  V3   126.0s–168.0s … key=Amaj r=0.82  voiced=0.70  beats=105 ✓
  V4   168.0s–211.0s … key=Emaj r=0.77  voiced=0.75  beats=144 ✓
  V5   211.0s–260.0s … key=Emaj r=0.76  voiced=0.70  beats=82 ✓
  V6   260.0s–320.0s … key=Emin r=0.75  voiced=0.85  beats=77 ✓
  V7   320.0s–373.0s … key=Emaj r=0.75  voiced=0.59  beats=65 ✓
  V8   373.0s–425.0s … key=Emaj r=0.67  voiced=0.73  beats=71 ✓
  V9   425.0s–464.0s … key=Emaj r=0.79  voiced=0.60  beats=84 ✓
  V10  464.0s–507.0s … key=Amaj r=0.77  voiced=0.78  beats=42 ✓
  V11  507.0s–550.0s … key=Emaj r=0.75  voiced=0.69  beats=111 ✓
  V12  550.0s–656.0s … key=Emaj r=0.70  voiced=0.72  beats=176 ✓
  V18  656.0s–715.0s … key=Emaj r=0.80  voiced=0.56  beats=74 ✓
✓ 已保存: /Users/jiaxuan/Desktop/Music Project/VariVis/backend/features/LBeethoven_WOO66_6.json
Fri Apr 24 21:32:02 AEST 2026: OK LBeethoven_WOO66_6

============================================================
处理: LBeethoven_WOO66_7
============================================================
曲目: Beethoven: 13 Variations on 'Es war einmal ein alter Mann',WoO 66
作曲: Ludwig van Beethoven
段落: ['T', 'V1', 'V2', 'V3', 'V4', 'V5', 'V6', 'V7', 'V8', 'V9', 'V10', 'V11', 'V12', 'V19']  (14 段)
边界(秒): [0.0, 62.0, 129.0, 193.0, 261.0, 325.0, 390.0, 470.0, 537.0, 615.0, 683.0, 745.0, 813.0, 952.0, 1023.0]

正在加载 WAV: LBeethoven_WOO66_7.wav...
已加载: 1029.1s @ 48000Hz
  [ 0] T         0.0s →    62.0s  (62.0s)
  [ 1] V1       62.0s →   129.0s  (67.0s)
  [ 2] V2      129.0s →   193.0s  (64.0s)
  [ 3] V3      193.0s →   261.0s  (68.0s)
  [ 4] V4      261.0s →   325.0s  (64.0s)
  [ 5] V5      325.0s →   390.0s  (65.0s)
  [ 6] V6      390.0s →   470.0s  (80.0s)
  [ 7] V7      470.0s →   537.0s  (67.0s)
  [ 8] V8      537.0s →   615.0s  (78.0s)
  [ 9] V9      615.0s →   683.0s  (68.0s)
  [10] V10     683.0s →   745.0s  (62.0s)
  [11] V11     745.0s →   813.0s  (68.0s)
  [12] V12     813.0s →   952.0s  (139.0s)
  [13] V19     952.0s →  1023.0s  (71.0s)

✓ 特征已保存: /Users/jiaxuan/Desktop/Music Project/VariVis/backend/features/LBeethoven_WOO66_7.json

LBeethoven_WOO66_7: 加载 WAV…
  T    0.0s–62.0s … key=Emaj r=0.83  voiced=0.78  beats=115 ✓
  V1   62.0s–129.0s … key=Emaj r=0.83  voiced=0.82  beats=110 ✓
  V2   129.0s–193.0s … key=Emaj r=0.88  voiced=0.80  beats=121 ✓
  V3   193.0s–261.0s … key=Amaj r=0.89  voiced=0.82  beats=134 ✓
  V4   261.0s–325.0s … key=Emaj r=0.88  voiced=0.78  beats=158 ✓
  V5   325.0s–390.0s … key=Emaj r=0.91  voiced=0.81  beats=179 ✓
  V6   390.0s–470.0s … key=Emin r=0.74  voiced=0.83  beats=159 ✓
  V7   470.0s–537.0s … key=Emaj r=0.90  voiced=0.76  beats=210 ✓
  V8   537.0s–615.0s … key=Emaj r=0.85  voiced=0.82  beats=148 ✓
  V9   615.0s–683.0s … key=Emaj r=0.89  voiced=0.84  beats=88 ✓
  V10  683.0s–745.0s … key=Amaj r=0.85  voiced=0.80  beats=106 ✓
  V11  745.0s–813.0s … key=Emaj r=0.85  voiced=0.81  beats=94 ✓
  V12  813.0s–952.0s … key=Emaj r=0.84  voiced=0.79  beats=333 ✓
  V19  952.0s–1023.0s … key=Emaj r=0.90  voiced=0.73  beats=143 ✓
✓ 已保存: /Users/jiaxuan/Desktop/Music Project/VariVis/backend/features/LBeethoven_WOO66_7.json
Fri Apr 24 21:36:15 AEST 2026: OK LBeethoven_WOO66_7

============================================================
处理: LBeethoven_WOO66_8
============================================================
曲目: Beethoven: 13 Variations on 'Es war einmal ein alter Mann',WoO 66
作曲: Ludwig van Beethoven
段落: ['T', 'V1', 'V2', 'V3', 'V4', 'V5', 'V6', 'V7', 'V8', 'V9', 'V10', 'V11', 'V12', 'V20']  (14 段)
边界(秒): [0.0, 73.0, 143.0, 213.0, 286.0, 356.0, 435.0, 520.0, 611.0, 697.0, 764.0, 843.0, 923.0, 1117.0, 1200.0]

正在加载 WAV: LBeethoven_WOO66_8.wav...
已加载: 1203.2s @ 44100Hz
  [ 0] T         0.0s →    73.0s  (73.0s)
  [ 1] V1       73.0s →   143.0s  (70.0s)
  [ 2] V2      143.0s →   213.0s  (70.0s)
  [ 3] V3      213.0s →   286.0s  (73.0s)
  [ 4] V4      286.0s →   356.0s  (70.0s)
  [ 5] V5      356.0s →   435.0s  (79.0s)
  [ 6] V6      435.0s →   520.0s  (85.0s)
  [ 7] V7      520.0s →   611.0s  (91.0s)
  [ 8] V8      611.0s →   697.0s  (86.0s)
  [ 9] V9      697.0s →   764.0s  (67.0s)
  [10] V10     764.0s →   843.0s  (79.0s)
  [11] V11     843.0s →   923.0s  (80.0s)
  [12] V12     923.0s →  1117.0s  (194.0s)
  [13] V20    1117.0s →  1200.0s  (83.0s)

✓ 特征已保存: /Users/jiaxuan/Desktop/Music Project/VariVis/backend/features/LBeethoven_WOO66_8.json

LBeethoven_WOO66_8: 加载 WAV…
  T    0.0s–73.0s … key=Amaj r=0.83  voiced=0.72  beats=128 ✓
  V1   73.0s–143.0s … key=Emaj r=0.83  voiced=0.83  beats=144 ✓
  V2   143.0s–213.0s … key=Emaj r=0.88  voiced=0.79  beats=135 ✓
  V3   213.0s–286.0s … key=Amaj r=0.91  voiced=0.79  beats=144 ✓
  V4   286.0s–356.0s … key=Emaj r=0.89  voiced=0.77  beats=138 ✓
  V5   356.0s–435.0s … key=Emaj r=0.89  voiced=0.72  beats=168 ✓
  V6   435.0s–520.0s … key=Emin r=0.75  voiced=0.77  beats=180 ✓
  V7   520.0s–611.0s … key=Emaj r=0.93  voiced=0.78  beats=200 ✓
  V8   611.0s–697.0s … key=Emaj r=0.79  voiced=0.79  beats=279 ✓
  V9   697.0s–764.0s … key=Emaj r=0.88  voiced=0.75  beats=171 ✓
  V10  764.0s–843.0s … key=Amaj r=0.85  voiced=0.73  beats=144 ✓
  V11  843.0s–923.0s … key=Emaj r=0.81  voiced=0.70  beats=228 ✓
  V12  923.0s–1117.0s … key=Emaj r=0.86  voiced=0.80  beats=342 ✓
  V20  1117.0s–1200.0s … key=Emaj r=0.89  voiced=0.65  beats=148 ✓
✓ 已保存: /Users/jiaxuan/Desktop/Music Project/VariVis/backend/features/LBeethoven_WOO66_8.json
Fri Apr 24 21:40:51 AEST 2026: OK LBeethoven_WOO66_8

============================================================
处理: LBeethoven_WOO76_1
============================================================
曲目: 8 Variations on 'Tändeln und Scherzen',WoO 76
作曲: Ludwig van Beethoven
段落: ['T', 'V1', 'V2', 'V3', 'V4', 'V5', 'V6', 'V7', 'V8', 'C']  (10 段)
边界(秒): [6.0, 44.0, 82.0, 123.0, 156.0, 197.0, 232.0, 273.0, 412.0, 494.0, 529.0]

正在加载 WAV: LBeethoven_WOO76_1.wav...
已加载: 532.4s @ 48000Hz
  [ 0] T         6.0s →    44.0s  (38.0s)
  [ 1] V1       44.0s →    82.0s  (38.0s)
  [ 2] V2       82.0s →   123.0s  (41.0s)
  [ 3] V3      123.0s →   156.0s  (33.0s)
  [ 4] V4      156.0s →   197.0s  (41.0s)
  [ 5] V5      197.0s →   232.0s  (35.0s)
  [ 6] V6      232.0s →   273.0s  (41.0s)
  [ 7] V7      273.0s →   412.0s  (139.0s)
  [ 8] V8      412.0s →   494.0s  (82.0s)
  [ 9] C       494.0s →   529.0s  (35.0s)

✓ 特征已保存: /Users/jiaxuan/Desktop/Music Project/VariVis/backend/features/LBeethoven_WOO76_1.json

LBeethoven_WOO76_1: 加载 WAV…
  T    6.0s–44.0s … key=Fmaj r=0.80  voiced=0.75  beats=63 ✓
  V1   44.0s–82.0s … key=Fmaj r=0.89  voiced=0.70  beats=77 ✓
  V2   82.0s–123.0s … key=Fmaj r=0.82  voiced=0.70  beats=119 ✓
  V3   123.0s–156.0s … key=Fmaj r=0.75  voiced=0.58  beats=63 ✓
  V4   156.0s–197.0s … key=Fmaj r=0.92  voiced=0.51  beats=147 ✓
  V5   197.0s–232.0s … key=Dmin r=0.70  voiced=0.40  beats=35 ✓
  V6   232.0s–273.0s … key=A#maj r=0.82  voiced=0.66  beats=67 ✓
  V7   273.0s–412.0s … key=Fmaj r=0.82  voiced=0.83  beats=400 ✓
  V8   412.0s–494.0s … key=Cmaj r=0.78  voiced=0.63  beats=137 ✓
  C    494.0s–529.0s … key=Fmaj r=0.86  voiced=0.77  beats=66 ✓
✓ 已保存: /Users/jiaxuan/Desktop/Music Project/VariVis/backend/features/LBeethoven_WOO76_1.json
Fri Apr 24 21:43:05 AEST 2026: OK LBeethoven_WOO76_1

============================================================
处理: LBeethoven_WOO76_2
============================================================
曲目: 8 Variations on 'Tändeln und Scherzen',WoO 76
作曲: Ludwig van Beethoven
段落: ['T', 'V1', 'V2', 'V3', 'V4', 'V5', 'V6', 'V7', 'V8', 'C']  (10 段)
边界(秒): [0.0, 37.0, 71.0, 105.0, 139.0, 176.0, 216.0, 257.0, 366.0, 455.0, 487.0]

正在加载 WAV: LBeethoven_WOO76_2.wav...
已加载: 498.9s @ 48000Hz
  [ 0] T         0.0s →    37.0s  (37.0s)
  [ 1] V1       37.0s →    71.0s  (34.0s)
  [ 2] V2       71.0s →   105.0s  (34.0s)
  [ 3] V3      105.0s →   139.0s  (34.0s)
  [ 4] V4      139.0s →   176.0s  (37.0s)
  [ 5] V5      176.0s →   216.0s  (40.0s)
  [ 6] V6      216.0s →   257.0s  (41.0s)
  [ 7] V7      257.0s →   366.0s  (109.0s)
  [ 8] V8      366.0s →   455.0s  (89.0s)
  [ 9] C       455.0s →   487.0s  (32.0s)

✓ 特征已保存: /Users/jiaxuan/Desktop/Music Project/VariVis/backend/features/LBeethoven_WOO76_2.json

LBeethoven_WOO76_2: 加载 WAV…
  T    0.0s–37.0s … key=Cmaj r=0.75  voiced=0.82  beats=46 ✓
  V1   37.0s–71.0s … key=Fmaj r=0.84  voiced=0.64  beats=74 ✓
  V2   71.0s–105.0s … key=Fmaj r=0.81  voiced=0.73  beats=53 ✓
  V3   105.0s–139.0s … key=Cmaj r=0.82  voiced=0.61  beats=69 ✓
  V4   139.0s–176.0s … key=Fmaj r=0.84  voiced=0.55  beats=95 ✓
  V5   176.0s–216.0s … key=Dmin r=0.75  voiced=0.50  beats=7 ✓
  V6   216.0s–257.0s … key=A#maj r=0.78  voiced=0.84  beats=62 ✓
  V7   257.0s–366.0s … key=Fmaj r=0.83  voiced=0.83  beats=171 ✓
  V8   366.0s–455.0s … key=Cmaj r=0.75  voiced=0.66  beats=107 ✓
  C    455.0s–487.0s … key=Fmaj r=0.88  voiced=0.84  beats=18 ✓
✓ 已保存: /Users/jiaxuan/Desktop/Music Project/VariVis/backend/features/LBeethoven_WOO76_2.json
Fri Apr 24 21:45:09 AEST 2026: OK LBeethoven_WOO76_2

============================================================
处理: LBeethoven_WOO76_3
============================================================
曲目: 8 Variations on 'Tändeln und Scherzen',WoO 76
作曲: Ludwig van Beethoven
段落: ['T', 'V1', 'V2', 'V3', 'V4', 'V5', 'V6', 'V7', 'V8', 'C']  (10 段)
边界(秒): [0.0, 38.0, 76.0, 117.0, 150.0, 191.0, 226.0, 267.0, 406.0, 488.0, 522.0]

正在加载 WAV: LBeethoven_WOO76_3.wav...
已加载: 525.5s @ 48000Hz
  [ 0] T         0.0s →    38.0s  (38.0s)
  [ 1] V1       38.0s →    76.0s  (38.0s)
  [ 2] V2       76.0s →   117.0s  (41.0s)
  [ 3] V3      117.0s →   150.0s  (33.0s)
  [ 4] V4      150.0s →   191.0s  (41.0s)
  [ 5] V5      191.0s →   226.0s  (35.0s)
  [ 6] V6      226.0s →   267.0s  (41.0s)
  [ 7] V7      267.0s →   406.0s  (139.0s)
  [ 8] V8      406.0s →   488.0s  (82.0s)
  [ 9] C       488.0s →   522.0s  (34.0s)

✓ 特征已保存: /Users/jiaxuan/Desktop/Music Project/VariVis/backend/features/LBeethoven_WOO76_3.json

LBeethoven_WOO76_3: 加载 WAV…
  T    0.0s–38.0s … key=Fmaj r=0.81  voiced=0.76  beats=63 ✓
  V1   38.0s–76.0s … key=Fmaj r=0.89  voiced=0.69  beats=77 ✓
  V2   76.0s–117.0s … key=Fmaj r=0.82  voiced=0.68  beats=120 ✓
  V3   117.0s–150.0s … key=Fmaj r=0.75  voiced=0.58  beats=71 ✓
  V4   150.0s–191.0s … key=Fmaj r=0.91  voiced=0.53  beats=79 ✓
  V5   191.0s–226.0s … key=Dmin r=0.70  voiced=0.40  beats=38 ✓
  V6   226.0s–267.0s … key=A#maj r=0.82  voiced=0.69  beats=56 ✓
  V7   267.0s–406.0s … key=Fmaj r=0.82  voiced=0.81  beats=231 ✓
  V8   406.0s–488.0s … key=Cmaj r=0.79  voiced=0.64  beats=136 ✓
  C    488.0s–522.0s … key=Fmaj r=0.86  voiced=0.79  beats=126 ✓
✓ 已保存: /Users/jiaxuan/Desktop/Music Project/VariVis/backend/features/LBeethoven_WOO76_3.json
Fri Apr 24 21:47:24 AEST 2026: OK LBeethoven_WOO76_3

============================================================
处理: LBeethoven_WOO76_4
============================================================
曲目: 8 Variations on 'Tändeln und Scherzen',WoO 76
作曲: Ludwig van Beethoven
段落: ['T', 'V1', 'V2', 'V3', 'V4', 'V5', 'V6', 'V7', 'V8', 'C']  (10 段)
边界(秒): [1.0, 35.0, 65.0, 101.0, 137.0, 177.0, 219.0, 264.0, 364.0, 464.0, 489.0]

正在加载 WAV: LBeethoven_WOO76_4.wav...
已加载: 495.1s @ 48000Hz
  [ 0] T         1.0s →    35.0s  (34.0s)
  [ 1] V1       35.0s →    65.0s  (30.0s)
  [ 2] V2       65.0s →   101.0s  (36.0s)
  [ 3] V3      101.0s →   137.0s  (36.0s)
  [ 4] V4      137.0s →   177.0s  (40.0s)
  [ 5] V5      177.0s →   219.0s  (42.0s)
  [ 6] V6      219.0s →   264.0s  (45.0s)
  [ 7] V7      264.0s →   364.0s  (100.0s)
  [ 8] V8      364.0s →   464.0s  (100.0s)
  [ 9] C       464.0s →   489.0s  (25.0s)

✓ 特征已保存: /Users/jiaxuan/Desktop/Music Project/VariVis/backend/features/LBeethoven_WOO76_4.json

LBeethoven_WOO76_4: 加载 WAV…
  T    1.0s–35.0s … key=Fmaj r=0.83  voiced=0.68  beats=68 ✓
  V1   35.0s–65.0s … key=Fmaj r=0.89  voiced=0.77  beats=38 ✓
  V2   65.0s–101.0s … key=Fmaj r=0.84  voiced=0.72  beats=59 ✓
  V3   101.0s–137.0s … key=Fmaj r=0.79  voiced=0.70  beats=42 ✓
  V4   137.0s–177.0s … key=Fmaj r=0.87  voiced=0.61  beats=79 ✓
  V5   177.0s–219.0s … key=Dmin r=0.74  voiced=0.64  beats=84 ✓
  V6   219.0s–264.0s … key=A#maj r=0.82  voiced=0.74  beats=51 ✓
  V7   264.0s–364.0s … key=Fmaj r=0.85  voiced=0.82  beats=204 ✓
  V8   364.0s–464.0s … key=Cmaj r=0.81  voiced=0.74  beats=201 ✓
  C    464.0s–489.0s … key=Fmaj r=0.93  voiced=0.84  beats=3 ✓
✓ 已保存: /Users/jiaxuan/Desktop/Music Project/VariVis/backend/features/LBeethoven_WOO76_4.json
Fri Apr 24 21:49:29 AEST 2026: OK LBeethoven_WOO76_4

============================================================
处理: LBeethoven_WOO76_5
============================================================
曲目: 8 Variations on 'Tändeln und Scherzen',WoO 76
作曲: Ludwig van Beethoven
段落: ['T', 'V1', 'V2', 'V3', 'V4', 'V5', 'V6', 'V7', 'V8', 'C']  (10 段)
边界(秒): [8.0, 43.0, 79.0, 114.0, 152.0, 197.0, 241.0, 291.0, 407.0, 495.0, 524.0]

正在加载 WAV: LBeethoven_WOO76_5.wav...
已加载: 542.5s @ 48000Hz
  [ 0] T         8.0s →    43.0s  (35.0s)
  [ 1] V1       43.0s →    79.0s  (36.0s)
  [ 2] V2       79.0s →   114.0s  (35.0s)
  [ 3] V3      114.0s →   152.0s  (38.0s)
  [ 4] V4      152.0s →   197.0s  (45.0s)
  [ 5] V5      197.0s →   241.0s  (44.0s)
  [ 6] V6      241.0s →   291.0s  (50.0s)
  [ 7] V7      291.0s →   407.0s  (116.0s)
  [ 8] V8      407.0s →   495.0s  (88.0s)
  [ 9] C       495.0s →   524.0s  (29.0s)

✓ 特征已保存: /Users/jiaxuan/Desktop/Music Project/VariVis/backend/features/LBeethoven_WOO76_5.json

LBeethoven_WOO76_5: 加载 WAV…
  T    8.0s–43.0s … key=Fmaj r=0.89  voiced=0.79  beats=76 ✓
  V1   43.0s–79.0s … key=Fmaj r=0.84  voiced=0.74  beats=81 ✓
  V2   79.0s–114.0s … key=Fmaj r=0.79  voiced=0.78  beats=82 ✓
  V3   114.0s–152.0s … key=Fmaj r=0.73  voiced=0.57  beats=80 ✓
  V4   152.0s–197.0s … key=Fmaj r=0.92  voiced=0.63  beats=82 ✓
  V5   197.0s–241.0s … key=Dmin r=0.66  voiced=0.67  beats=14 ✓
  V6   241.0s–291.0s … key=A#maj r=0.83  voiced=0.74  beats=79 ✓
  V7   291.0s–407.0s … key=Fmaj r=0.84  voiced=0.79  beats=252 ✓
  V8   407.0s–495.0s … key=Cmaj r=0.86  voiced=0.71  beats=99 ✓
  C    495.0s–524.0s … key=Fmaj r=0.88  voiced=0.79  beats=40 ✓
✓ 已保存: /Users/jiaxuan/Desktop/Music Project/VariVis/backend/features/LBeethoven_WOO76_5.json
Fri Apr 24 21:51:41 AEST 2026: OK LBeethoven_WOO76_5

============================================================
处理: LBeethoven_WOO76_6
============================================================
曲目: 8 Variations on 'Tändeln und Scherzen',WoO 76
作曲: Ludwig van Beethoven
段落: ['T', 'V1', 'V2', 'V3', 'V4', 'V5', 'V6', 'V7', 'V8', 'C']  (10 段)
边界(秒): [0.0, 38.0, 74.0, 113.0, 152.0, 194.0, 240.0, 284.0, 406.0, 506.0, 539.0]

正在加载 WAV: LBeethoven_WOO76_6.wav...
已加载: 548.2s @ 48000Hz
  [ 0] T         0.0s →    38.0s  (38.0s)
  [ 1] V1       38.0s →    74.0s  (36.0s)
  [ 2] V2       74.0s →   113.0s  (39.0s)
  [ 3] V3      113.0s →   152.0s  (39.0s)
  [ 4] V4      152.0s →   194.0s  (42.0s)
  [ 5] V5      194.0s →   240.0s  (46.0s)
  [ 6] V6      240.0s →   284.0s  (44.0s)
  [ 7] V7      284.0s →   406.0s  (122.0s)
  [ 8] V8      406.0s →   506.0s  (100.0s)
  [ 9] C       506.0s →   539.0s  (33.0s)

✓ 特征已保存: /Users/jiaxuan/Desktop/Music Project/VariVis/backend/features/LBeethoven_WOO76_6.json

LBeethoven_WOO76_6: 加载 WAV…
  T    0.0s–38.0s … key=Emaj r=0.70  voiced=0.65  beats=75 ✓
  V1   38.0s–74.0s … key=Emaj r=0.73  voiced=0.71  beats=78 ✓
  V2   74.0s–113.0s … key=Emaj r=0.72  voiced=0.74  beats=79 ✓
  V3   113.0s–152.0s … key=Emin r=0.63  voiced=0.54  beats=75 ✓
  V4   152.0s–194.0s … key=Emaj r=0.79  voiced=0.58  beats=79 ✓
  V5   194.0s–240.0s … key=C#min r=0.77  voiced=0.54  beats=69 ✓
  V6   240.0s–284.0s … key=Amin r=0.75  voiced=0.70  beats=68 ✓
  V7   284.0s–406.0s … key=Emaj r=0.81  voiced=0.79  beats=197 ✓
  V8   406.0s–506.0s … key=Bmaj r=0.67  voiced=0.64  beats=218 ✓
  C    506.0s–539.0s … key=Emaj r=0.82  voiced=0.85  beats=39 ✓
✓ 已保存: /Users/jiaxuan/Desktop/Music Project/VariVis/backend/features/LBeethoven_WOO76_6.json
Fri Apr 24 21:54:01 AEST 2026: OK LBeethoven_WOO76_6

============================================================
处理: LBeethoven_WOO76_7
============================================================
曲目: 8 Variations on 'Tändeln und Scherzen',WoO 76
作曲: Ludwig van Beethoven
段落: ['T', 'V1', 'V2', 'V3', 'V4', 'V5', 'V6', 'C']  (8 段)
边界(秒): [0.0, 37.0, 71.0, 105.0, 139.0, 176.0, 215.0, 256.0, 366.0, 455.0, 487.0]

正在加载 WAV: LBeethoven_WOO76_7.wav...
已加载: 659.0s @ 48000Hz
Traceback (most recent call last):
  File "/Users/jiaxuan/Desktop/Music Project/VariVis/backend/extract_features.py", line 541, in <module>
    main()
  File "/Users/jiaxuan/Desktop/Music Project/VariVis/backend/extract_features.py", line 529, in main
    data = process_file(args.target, args.frames, args.sr)
           ^^^^^^^^^^^^^^^^^^^^^^^^^^^^^^^^^^^^^^^^^^^^^^^
  File "/Users/jiaxuan/Desktop/Music Project/VariVis/backend/extract_features.py", line 406, in process_file
    raise ValueError(
ValueError: boundary数量(11)应等于label数量(8)+1
Fri Apr 24 21:54:04 AEST 2026: FAIL extract LBeethoven_WOO76_7

============================================================
处理: LBeethoven_WOO76_8
============================================================
曲目: 8 Variations on 'Tändeln und Scherzen',WoO 76
作曲: Ludwig van Beethoven
段落: ['T', 'V1', 'V2', 'V3', 'V4', 'V5', 'V6', 'C']  (8 段)
边界(秒): [8.0, 42.0, 78.0, 113.0, 151.0, 196.0, 241.0, 289.0, 405.0, 494.0, 526.0]

正在加载 WAV: LBeethoven_WOO76_8.wav...
已加载: 542.5s @ 48000Hz
Traceback (most recent call last):
  File "/Users/jiaxuan/Desktop/Music Project/VariVis/backend/extract_features.py", line 541, in <module>
    main()
  File "/Users/jiaxuan/Desktop/Music Project/VariVis/backend/extract_features.py", line 529, in main
    data = process_file(args.target, args.frames, args.sr)
           ^^^^^^^^^^^^^^^^^^^^^^^^^^^^^^^^^^^^^^^^^^^^^^^
  File "/Users/jiaxuan/Desktop/Music Project/VariVis/backend/extract_features.py", line 406, in process_file
    raise ValueError(
ValueError: boundary数量(11)应等于label数量(8)+1
Fri Apr 24 21:54:06 AEST 2026: FAIL extract LBeethoven_WOO76_8

============================================================
处理: LBeethoven_WOO75_1
============================================================
曲目: 7 Variations on 'Kind,willst du ruhig schlafen',WoO 75
作曲: Ludwig van Beethoven
段落: ['T', 'V1', 'V2', 'V3', 'V4', 'V5', 'V6', 'V7', 'C']  (9 段)
边界(秒): [6.0, 64.0, 125.0, 188.0, 253.0, 321.0, 389.0, 472.0, 563.0, 653.0]

正在加载 WAV: LBeethoven_WOO75_1.wav...
已加载: 655.6s @ 48000Hz
  [ 0] T         6.0s →    64.0s  (58.0s)
  [ 1] V1       64.0s →   125.0s  (61.0s)
  [ 2] V2      125.0s →   188.0s  (63.0s)
  [ 3] V3      188.0s →   253.0s  (65.0s)
  [ 4] V4      253.0s →   321.0s  (68.0s)
  [ 5] V5      321.0s →   389.0s  (68.0s)
  [ 6] V6      389.0s →   472.0s  (83.0s)
  [ 7] V7      472.0s →   563.0s  (91.0s)
  [ 8] C       563.0s →   653.0s  (90.0s)

✓ 特征已保存: /Users/jiaxuan/Desktop/Music Project/VariVis/backend/features/LBeethoven_WOO75_1.json

LBeethoven_WOO75_1: 加载 WAV…
  T    6.0s–64.0s … key=Fmaj r=0.72  voiced=0.67  beats=98 ✓
  V1   64.0s–125.0s … key=Fmaj r=0.69  voiced=0.78  beats=130 ✓
  V2   125.0s–188.0s … key=Fmaj r=0.83  voiced=0.68  beats=100 ✓
  V3   188.0s–253.0s … key=Fmaj r=0.78  voiced=0.66  beats=99 ✓
  V4   253.0s–321.0s … key=Fmaj r=0.63  voiced=0.69  beats=109 ✓
  V5   321.0s–389.0s … key=Fmaj r=0.69  voiced=0.69  beats=187 ✓
  V6   389.0s–472.0s … key=Fmin r=0.78  voiced=0.76  beats=181 ✓
  V7   472.0s–563.0s … key=Fmaj r=0.68  voiced=0.67  beats=193 ✓
  C    563.0s–653.0s … key=Fmaj r=0.48  voiced=0.60  beats=210 ✓
✓ 已保存: /Users/jiaxuan/Desktop/Music Project/VariVis/backend/features/LBeethoven_WOO75_1.json
Fri Apr 24 21:56:51 AEST 2026: OK LBeethoven_WOO75_1

============================================================
处理: LBeethoven_WOO75_2
============================================================
曲目: 7 Variations on 'Kind,willst du ruhig schlafen',WoO 75
作曲: Ludwig van Beethoven
段落: ['T', 'V1', 'V2', 'V3', 'V4', 'V5', 'V6', 'V7', 'C']  (9 段)
边界(秒): [0.0, 60.0, 118.0, 183.0, 246.0, 317.0, 383.0, 456.0, 541.0, 626.0]

正在加载 WAV: LBeethoven_WOO75_2.wav...
已加载: 627.9s @ 48000Hz
  [ 0] T         0.0s →    60.0s  (60.0s)
  [ 1] V1       60.0s →   118.0s  (58.0s)
  [ 2] V2      118.0s →   183.0s  (65.0s)
  [ 3] V3      183.0s →   246.0s  (63.0s)
  [ 4] V4      246.0s →   317.0s  (71.0s)
  [ 5] V5      317.0s →   383.0s  (66.0s)
  [ 6] V6      383.0s →   456.0s  (73.0s)
  [ 7] V7      456.0s →   541.0s  (85.0s)
  [ 8] C       541.0s →   626.0s  (85.0s)

✓ 特征已保存: /Users/jiaxuan/Desktop/Music Project/VariVis/backend/features/LBeethoven_WOO75_2.json

LBeethoven_WOO75_2: 加载 WAV…
  T    0.0s–60.0s … key=Fmaj r=0.82  voiced=0.72  beats=85 ✓
  V1   60.0s–118.0s … key=Fmaj r=0.80  voiced=0.73  beats=85 ✓
  V2   118.0s–183.0s … key=Fmaj r=0.90  voiced=0.68  beats=206 ✓
  V3   183.0s–246.0s … key=Fmaj r=0.82  voiced=0.63  beats=86 ✓
  V4   246.0s–317.0s … key=Fmaj r=0.78  voiced=0.66  beats=110 ✓
  V5   317.0s–383.0s … key=Fmaj r=0.77  voiced=0.69  beats=99 ✓
  V6   383.0s–456.0s … key=Fmin r=0.74  voiced=0.67  beats=182 ✓
  V7   456.0s–541.0s … key=Fmaj r=0.79  voiced=0.59  beats=206 ✓
  C    541.0s–626.0s … key=Fmaj r=0.75  voiced=0.60  beats=222 ✓
✓ 已保存: /Users/jiaxuan/Desktop/Music Project/VariVis/backend/features/LBeethoven_WOO75_2.json
Fri Apr 24 21:59:33 AEST 2026: OK LBeethoven_WOO75_2

============================================================
处理: LBeethoven_WOO75_3
============================================================
曲目: 7 Variations on 'Kind,willst du ruhig schlafen',WoO 75
作曲: Ludwig van Beethoven
段落: ['T', 'V1', 'V2', 'V3', 'V4', 'V5', 'V6', 'V7', 'C']  (9 段)
边界(秒): [1.0, 57.0, 119.0, 185.0, 252.0, 334.0, 403.0, 487.0, 613.0, 729.0]

正在加载 WAV: LBeethoven_WOO75_3.wav...
已加载: 737.1s @ 48000Hz
  [ 0] T         1.0s →    57.0s  (56.0s)
  [ 1] V1       57.0s →   119.0s  (62.0s)
  [ 2] V2      119.0s →   185.0s  (66.0s)
  [ 3] V3      185.0s →   252.0s  (67.0s)
  [ 4] V4      252.0s →   334.0s  (82.0s)
  [ 5] V5      334.0s →   403.0s  (69.0s)
  [ 6] V6      403.0s →   487.0s  (84.0s)
  [ 7] V7      487.0s →   613.0s  (126.0s)
  [ 8] C       613.0s →   729.0s  (116.0s)

✓ 特征已保存: /Users/jiaxuan/Desktop/Music Project/VariVis/backend/features/LBeethoven_WOO75_3.json

LBeethoven_WOO75_3: 加载 WAV…
  T    1.0s–57.0s … key=Cmaj r=0.81  voiced=0.74  beats=85 ✓
  V1   57.0s–119.0s … key=Cmaj r=0.79  voiced=0.76  beats=209 ✓
  V2   119.0s–185.0s … key=Cmaj r=0.86  voiced=0.77  beats=198 ✓
  V3   185.0s–252.0s … key=Fmaj r=0.84  voiced=0.70  beats=158 ✓
  V4   252.0s–334.0s … key=Cmaj r=0.79  voiced=0.64  beats=181 ✓
  V5   334.0s–403.0s … key=Cmaj r=0.79  voiced=0.75  beats=185 ✓
  V6   403.0s–487.0s … key=Fmin r=0.75  voiced=0.84  beats=174 ✓
  V7   487.0s–613.0s … key=Fmaj r=0.85  voiced=0.70  beats=368 ✓
  C    613.0s–729.0s … key=Fmaj r=0.76  voiced=0.74  beats=412 ✓
✓ 已保存: /Users/jiaxuan/Desktop/Music Project/VariVis/backend/features/LBeethoven_WOO75_3.json
Fri Apr 24 22:02:40 AEST 2026: OK LBeethoven_WOO75_3

============================================================
处理: LBeethoven_WOO75_4
============================================================
曲目: 7 Variations on 'Kind,willst du ruhig schlafen',WoO 75
作曲: Ludwig van Beethoven
段落: ['T', 'V1', 'V2', 'V3', 'V4', 'V5', 'V6', 'V7', 'C']  (9 段)
边界(秒): [0.0, 54.0, 113.0, 180.0, 251.0, 328.0, 406.0, 507.0, 618.0, 698.0]

正在加载 WAV: LBeethoven_WOO75_4.wav...
已加载: 702.0s @ 48000Hz
  [ 0] T         0.0s →    54.0s  (54.0s)
  [ 1] V1       54.0s →   113.0s  (59.0s)
  [ 2] V2      113.0s →   180.0s  (67.0s)
  [ 3] V3      180.0s →   251.0s  (71.0s)
  [ 4] V4      251.0s →   328.0s  (77.0s)
  [ 5] V5      328.0s →   406.0s  (78.0s)
  [ 6] V6      406.0s →   507.0s  (101.0s)
  [ 7] V7      507.0s →   618.0s  (111.0s)
  [ 8] C       618.0s →   698.0s  (80.0s)

✓ 特征已保存: /Users/jiaxuan/Desktop/Music Project/VariVis/backend/features/LBeethoven_WOO75_4.json

LBeethoven_WOO75_4: 加载 WAV…
  T    0.0s–54.0s … key=Fmaj r=0.85  voiced=0.80  beats=100 ✓
  V1   54.0s–113.0s … key=Fmaj r=0.83  voiced=0.78  beats=105 ✓
  V2   113.0s–180.0s … key=Fmaj r=0.87  voiced=0.76  beats=175 ✓
  V3   180.0s–251.0s … key=Fmaj r=0.83  voiced=0.67  beats=202 ✓
  V4   251.0s–328.0s … key=Fmaj r=0.78  voiced=0.75  beats=200 ✓
  V5   328.0s–406.0s … key=Fmaj r=0.79  voiced=0.74  beats=215 ✓
  V6   406.0s–507.0s … key=Fmin r=0.68  voiced=0.82  beats=208 ✓
  V7   507.0s–618.0s … key=Fmaj r=0.76  voiced=0.68  beats=395 ✓
  C    618.0s–698.0s … key=Fmaj r=0.62  voiced=0.73  beats=110 ✓
✓ 已保存: /Users/jiaxuan/Desktop/Music Project/VariVis/backend/features/LBeethoven_WOO75_4.json
Fri Apr 24 23:13:27 AEST 2026: OK LBeethoven_WOO75_4

============================================================
处理: LBeethoven_WOO75_5
============================================================
曲目: 7 Variations on 'Kind,willst du ruhig schlafen',WoO 75
作曲: Ludwig van Beethoven
段落: ['T', 'V1', 'V2', 'V3', 'V4', 'V5', 'V6', 'V7', 'C']  (9 段)
边界(秒): [2.0, 73.0, 203.0, 304.0, 395.0, 509.0, 609.0, 749.0, 918.0, 1076.0]

正在加载 WAV: LBeethoven_WOO75_5.wav...
已加载: 1079.2s @ 44100Hz
  [ 0] T         2.0s →    73.0s  (71.0s)
  [ 1] V1       73.0s →   203.0s  (130.0s)
  [ 2] V2      203.0s →   304.0s  (101.0s)
  [ 3] V3      304.0s →   395.0s  (91.0s)
  [ 4] V4      395.0s →   509.0s  (114.0s)
  [ 5] V5      509.0s →   609.0s  (100.0s)
  [ 6] V6      609.0s →   749.0s  (140.0s)
  [ 7] V7      749.0s →   918.0s  (169.0s)
  [ 8] C       918.0s →  1076.0s  (158.0s)

✓ 特征已保存: /Users/jiaxuan/Desktop/Music Project/VariVis/backend/features/LBeethoven_WOO75_5.json

LBeethoven_WOO75_5: 加载 WAV…
  T    2.0s–73.0s … key=Cmaj r=0.86  voiced=0.77  beats=128 ✓
  V1   73.0s–203.0s … key=Fmaj r=0.88  voiced=0.80  beats=276 ✓
  V2   203.0s–304.0s … key=Fmaj r=0.86  voiced=0.82  beats=199 ✓
  V3   304.0s–395.0s … key=Fmaj r=0.86  voiced=0.72  beats=208 ✓
  V4   395.0s–509.0s … key=Fmaj r=0.80  voiced=0.78  beats=206 ✓
  V5   509.0s–609.0s … key=Fmaj r=0.85  voiced=0.77  beats=200 ✓
  V6   609.0s–749.0s … key=Fmin r=0.79  voiced=0.85  beats=178 ✓
  V7   749.0s–918.0s … key=Cmaj r=0.87  voiced=0.77  beats=391 ✓
  C    918.0s–1076.0s … key=Fmaj r=0.77  voiced=0.73  beats=447 ✓
✓ 已保存: /Users/jiaxuan/Desktop/Music Project/VariVis/backend/features/LBeethoven_WOO75_5.json
Fri Apr 24 23:17:30 AEST 2026: OK LBeethoven_WOO75_5

============================================================
处理: LBeethoven_WOO75_6
============================================================
曲目: 7 Variations on 'Kind,willst du ruhig schlafen',WoO 75
作曲: Ludwig van Beethoven
段落: ['T', 'V1', 'V2', 'V3', 'V4', 'V5', 'V6', 'V7', 'C']  (9 段)
边界(秒): [0.0, 56.0, 117.0, 183.0, 251.0, 333.0, 401.0, 485.0, 611.0, 728.0]

正在加载 WAV: LBeethoven_WOO75_6.wav...
已加载: 1068.0s @ 48000Hz
  [ 0] T         0.0s →    56.0s  (56.0s)
  [ 1] V1       56.0s →   117.0s  (61.0s)
  [ 2] V2      117.0s →   183.0s  (66.0s)
  [ 3] V3      183.0s →   251.0s  (68.0s)
  [ 4] V4      251.0s →   333.0s  (82.0s)
  [ 5] V5      333.0s →   401.0s  (68.0s)
  [ 6] V6      401.0s →   485.0s  (84.0s)
  [ 7] V7      485.0s →   611.0s  (126.0s)
  [ 8] C       611.0s →   728.0s  (117.0s)

✓ 特征已保存: /Users/jiaxuan/Desktop/Music Project/VariVis/backend/features/LBeethoven_WOO75_6.json

LBeethoven_WOO75_6: 加载 WAV…
  T    0.0s–56.0s … key=Cmaj r=0.81  voiced=0.72  beats=101 ✓
  V1   56.0s–117.0s … key=Cmaj r=0.79  voiced=0.75  beats=163 ✓
  V2   117.0s–183.0s … key=Cmaj r=0.86  voiced=0.76  beats=192 ✓
  V3   183.0s–251.0s … key=Fmaj r=0.85  voiced=0.71  beats=196 ✓
  V4   251.0s–333.0s … key=Fmaj r=0.69  voiced=0.64  beats=201 ✓
  V5   333.0s–401.0s … key=Cmaj r=0.79  voiced=0.75  beats=185 ✓
  V6   401.0s–485.0s … key=Fmin r=0.74  voiced=0.84  beats=180 ✓
  V7   485.0s–611.0s … key=Fmaj r=0.86  voiced=0.71  beats=368 ✓
  C    611.0s–728.0s … key=Fmaj r=0.76  voiced=0.73  beats=208 ✓
✓ 已保存: /Users/jiaxuan/Desktop/Music Project/VariVis/backend/features/LBeethoven_WOO75_6.json
Fri Apr 24 23:20:32 AEST 2026: OK LBeethoven_WOO75_6

============================================================
处理: LBeethoven_WOO71_1
============================================================
曲目: Beethoven: 12 variations in A Major,WoO 71
作曲: Ludwig van Beethoven
段落: ['T', 'V1', 'V2', 'V3', 'V4', 'V5', 'V6', 'V7', 'V8', 'V9', 'V10', 'V11', 'V12', 'C']  (14 段)
边界(秒): [0.0, 36.0, 73.0, 109.0, 148.0, 188.0, 237.0, 276.0, 312.0, 351.0, 387.0, 421.0, 463.0, 606.0, 642.0]

正在加载 WAV: LBeethoven_WOO71_1.wav...
已加载: 646.7s @ 48000Hz
  [ 0] T         0.0s →    36.0s  (36.0s)
  [ 1] V1       36.0s →    73.0s  (37.0s)
  [ 2] V2       73.0s →   109.0s  (36.0s)
  [ 3] V3      109.0s →   148.0s  (39.0s)
  [ 4] V4      148.0s →   188.0s  (40.0s)
  [ 5] V5      188.0s →   237.0s  (49.0s)
  [ 6] V6      237.0s →   276.0s  (39.0s)
  [ 7] V7      276.0s →   312.0s  (36.0s)
  [ 8] V8      312.0s →   351.0s  (39.0s)
  [ 9] V9      351.0s →   387.0s  (36.0s)
  [10] V10     387.0s →   421.0s  (34.0s)
  [11] V11     421.0s →   463.0s  (42.0s)
  [12] V12     463.0s →   606.0s  (143.0s)
  [13] C       606.0s →   642.0s  (36.0s)

✓ 特征已保存: /Users/jiaxuan/Desktop/Music Project/VariVis/backend/features/LBeethoven_WOO71_1.json

LBeethoven_WOO71_1: 加载 WAV…
  T    0.0s–36.0s … key=Amaj r=0.85  voiced=0.65  beats=50 ✓
  V1   36.0s–73.0s … key=Amaj r=0.85  voiced=0.67  beats=105 ✓
  V2   73.0s–109.0s … key=Amaj r=0.92  voiced=0.71  beats=49 ✓
  V3   109.0s–148.0s … key=Amin r=0.82  voiced=0.64  beats=69 ✓
  V4   148.0s–188.0s … key=Amaj r=0.90  voiced=0.65  beats=100 ✓
  V5   188.0s–237.0s … key=Amaj r=0.76  voiced=0.70  beats=52 ✓
  V6   237.0s–276.0s … key=Amaj r=0.89  voiced=0.83  beats=46 ✓
  V7   276.0s–312.0s … key=Amin r=0.72  voiced=0.59  beats=113 ✓
  V8   312.0s–351.0s … key=Amaj r=0.81  voiced=0.75  beats=100 ✓
  V9   351.0s–387.0s … key=Amaj r=0.73  voiced=0.66  beats=51 ✓
  V10  387.0s–421.0s … key=Amaj r=0.75  voiced=0.62  beats=47 ✓
  V11  421.0s–463.0s … key=Amin r=0.78  voiced=0.77  beats=27 ✓
  V12  463.0s–606.0s … key=Amaj r=0.77  voiced=0.66  beats=215 ✓
  C    606.0s–642.0s … key=Amaj r=0.85  voiced=0.72  beats=35 ✓
✓ 已保存: /Users/jiaxuan/Desktop/Music Project/VariVis/backend/features/LBeethoven_WOO71_1.json
Fri Apr 24 23:23:13 AEST 2026: OK LBeethoven_WOO71_1

============================================================
处理: LBeethoven_WOO71_2
============================================================
曲目: Beethoven: 12 variations in A Major,WoO 71
作曲: Ludwig van Beethoven
段落: ['T', 'V1', 'V2', 'V3', 'V4', 'V5', 'V6', 'V7', 'V8', 'V9', 'V10', 'V11', 'V12', 'C']  (14 段)
边界(秒): [2.0, 41.0, 81.0, 120.0, 164.0, 205.0, 249.0, 290.0, 327.0, 373.0, 412.0, 448.0, 501.0, 633.0, 663.0]

正在加载 WAV: LBeethoven_WOO71_2.wav...
已加载: 667.2s @ 48000Hz
  [ 0] T         2.0s →    41.0s  (39.0s)
  [ 1] V1       41.0s →    81.0s  (40.0s)
  [ 2] V2       81.0s →   120.0s  (39.0s)
  [ 3] V3      120.0s →   164.0s  (44.0s)
  [ 4] V4      164.0s →   205.0s  (41.0s)
  [ 5] V5      205.0s →   249.0s  (44.0s)
  [ 6] V6      249.0s →   290.0s  (41.0s)
  [ 7] V7      290.0s →   327.0s  (37.0s)
  [ 8] V8      327.0s →   373.0s  (46.0s)
  [ 9] V9      373.0s →   412.0s  (39.0s)
  [10] V10     412.0s →   448.0s  (36.0s)
  [11] V11     448.0s →   501.0s  (53.0s)
  [12] V12     501.0s →   633.0s  (132.0s)
  [13] C       633.0s →   663.0s  (30.0s)

✓ 特征已保存: /Users/jiaxuan/Desktop/Music Project/VariVis/backend/features/LBeethoven_WOO71_2.json

LBeethoven_WOO71_2: 加载 WAV…
  T    2.0s–41.0s … key=Amaj r=0.78  voiced=0.77  beats=106 ✓
  V1   41.0s–81.0s … key=Amaj r=0.77  voiced=0.73  beats=111 ✓
  V2   81.0s–120.0s … key=Amaj r=0.85  voiced=0.68  beats=49 ✓
  V3   120.0s–164.0s … key=Amin r=0.78  voiced=0.72  beats=105 ✓
  V4   164.0s–205.0s … key=Amaj r=0.85  voiced=0.59  beats=54 ✓
  V5   205.0s–249.0s … key=Amaj r=0.70  voiced=0.63  beats=73 ✓
  V6   249.0s–290.0s … key=Emaj r=0.79  voiced=0.87  beats=94 ✓
  V7   290.0s–327.0s … key=Amin r=0.72  voiced=0.63  beats=116 ✓
  V8   327.0s–373.0s … key=Emaj r=0.67  voiced=0.61  beats=112 ✓
  V9   373.0s–412.0s … key=Amaj r=0.69  voiced=0.69  beats=56 ✓
  V10  412.0s–448.0s … key=Amaj r=0.64  voiced=0.60  beats=56 ✓
  V11  448.0s–501.0s … key=Amin r=0.81  voiced=0.72  beats=50 ✓
  V12  501.0s–633.0s … key=Emaj r=0.69  voiced=0.65  beats=206 ✓
  C    633.0s–663.0s … key=Amaj r=0.85  voiced=0.67  beats=29 ✓
✓ 已保存: /Users/jiaxuan/Desktop/Music Project/VariVis/backend/features/LBeethoven_WOO71_2.json
Fri Apr 24 23:26:01 AEST 2026: OK LBeethoven_WOO71_2

============================================================
处理: LBeethoven_WOO71_3
============================================================
曲目: Beethoven: 12 variations in A Major,WoO 71
作曲: Ludwig van Beethoven
段落: ['T', 'V1', 'V2', 'V3', 'V4', 'V5', 'V6', 'V7', 'V8', 'V9', 'V10', 'V11', 'V12', 'C']  (14 段)
边界(秒): [0.0, 42.0, 86.0, 126.0, 160.0, 204.0, 266.0, 306.0, 340.0, 390.0, 431.0, 466.0, 517.0, 659.0, 691.0]

正在加载 WAV: LBeethoven_WOO71_3.wav...
已加载: 705.9s @ 48000Hz
  [ 0] T         0.0s →    42.0s  (42.0s)
  [ 1] V1       42.0s →    86.0s  (44.0s)
  [ 2] V2       86.0s →   126.0s  (40.0s)
  [ 3] V3      126.0s →   160.0s  (34.0s)
  [ 4] V4      160.0s →   204.0s  (44.0s)
  [ 5] V5      204.0s →   266.0s  (62.0s)
  [ 6] V6      266.0s →   306.0s  (40.0s)
  [ 7] V7      306.0s →   340.0s  (34.0s)
  [ 8] V8      340.0s →   390.0s  (50.0s)
  [ 9] V9      390.0s →   431.0s  (41.0s)
  [10] V10     431.0s →   466.0s  (35.0s)
  [11] V11     466.0s →   517.0s  (51.0s)
  [12] V12     517.0s →   659.0s  (142.0s)
  [13] C       659.0s →   691.0s  (32.0s)

✓ 特征已保存: /Users/jiaxuan/Desktop/Music Project/VariVis/backend/features/LBeethoven_WOO71_3.json

LBeethoven_WOO71_3: 加载 WAV…
  T    0.0s–42.0s … key=Amaj r=0.79  voiced=0.77  beats=79 ✓
  V1   42.0s–86.0s … key=Amaj r=0.81  voiced=0.78  beats=109 ✓
  V2   86.0s–126.0s … key=Amaj r=0.79  voiced=0.68  beats=41 ✓
  V3   126.0s–160.0s … key=Amin r=0.78  voiced=0.62  beats=66 ✓
  V4   160.0s–204.0s … key=Amaj r=0.85  voiced=0.78  beats=101 ✓
  V5   204.0s–266.0s … key=Amaj r=0.67  voiced=0.75  beats=163 ✓
  V6   266.0s–306.0s … key=Amaj r=0.77  voiced=0.84  beats=84 ✓
  V7   306.0s–340.0s … key=Amin r=0.72  voiced=0.56  beats=57 ✓
  V8   340.0s–390.0s … key=Amaj r=0.66  voiced=0.81  beats=89 ✓
  V9   390.0s–431.0s … key=Amaj r=0.77  voiced=0.68  beats=107 ✓
  V10  431.0s–466.0s … key=Amaj r=0.70  voiced=0.57  beats=57 ✓
  V11  466.0s–517.0s … key=Amin r=0.88  voiced=0.75  beats=57 ✓
  V12  517.0s–659.0s … key=Amaj r=0.58  voiced=0.69  beats=187 ✓
  C    659.0s–691.0s … key=Amaj r=0.76  voiced=0.66  beats=25 ✓
✓ 已保存: /Users/jiaxuan/Desktop/Music Project/VariVis/backend/features/LBeethoven_WOO71_3.json
Fri Apr 24 23:28:57 AEST 2026: OK LBeethoven_WOO71_3

============================================================
处理: LBeethoven_WOO71_4
============================================================
曲目: Beethoven: 12 variations in A Major,WoO 71
作曲: Ludwig van Beethoven
段落: ['T', 'V1', 'V2', 'V3', 'V4', 'V5', 'V6', 'V7', 'V8', 'V9', 'V10', 'V11', 'V12', 'C']  (14 段)
边界(秒): [0.0, 42.0, 84.0, 129.0, 171.0, 220.0, 279.0, 328.0, 371.0, 417.0, 459.0, 500.0, 547.0, 695.0, 730.0]

正在加载 WAV: LBeethoven_WOO71_4.wav...
已加载: 732.6s @ 48000Hz
  [ 0] T         0.0s →    42.0s  (42.0s)
  [ 1] V1       42.0s →    84.0s  (42.0s)
  [ 2] V2       84.0s →   129.0s  (45.0s)
  [ 3] V3      129.0s →   171.0s  (42.0s)
  [ 4] V4      171.0s →   220.0s  (49.0s)
  [ 5] V5      220.0s →   279.0s  (59.0s)
  [ 6] V6      279.0s →   328.0s  (49.0s)
  [ 7] V7      328.0s →   371.0s  (43.0s)
  [ 8] V8      371.0s →   417.0s  (46.0s)
  [ 9] V9      417.0s →   459.0s  (42.0s)
  [10] V10     459.0s →   500.0s  (41.0s)
  [11] V11     500.0s →   547.0s  (47.0s)
  [12] V12     547.0s →   695.0s  (148.0s)
  [13] C       695.0s →   730.0s  (35.0s)

✓ 特征已保存: /Users/jiaxuan/Desktop/Music Project/VariVis/backend/features/LBeethoven_WOO71_4.json

LBeethoven_WOO71_4: 加载 WAV…
  T    0.0s–42.0s … key=Amaj r=0.84  voiced=0.78  beats=107 ✓
  V1   42.0s–84.0s … key=Amaj r=0.80  voiced=0.83  beats=64 ✓
  V2   84.0s–129.0s … key=Amaj r=0.88  voiced=0.77  beats=111 ✓
  V3   129.0s–171.0s … key=Amin r=0.75  voiced=0.79  beats=107 ✓
  V4   171.0s–220.0s … key=Amaj r=0.87  voiced=0.75  beats=120 ✓
  V5   220.0s–279.0s … key=Amaj r=0.82  voiced=0.77  beats=98 ✓
  V6   279.0s–328.0s … key=Amaj r=0.90  voiced=0.86  beats=98 ✓
  V7   328.0s–371.0s … key=Amin r=0.76  voiced=0.73  beats=112 ✓
  V8   371.0s–417.0s … key=Amaj r=0.79  voiced=0.77  beats=126 ✓
  V9   417.0s–459.0s … key=Amaj r=0.74  voiced=0.70  beats=55 ✓
  V10  459.0s–500.0s … key=Amaj r=0.76  voiced=0.68  beats=84 ✓
  V11  500.0s–547.0s … key=Amin r=0.78  voiced=0.87  beats=28 ✓
  V12  547.0s–695.0s … key=Amaj r=0.79  voiced=0.70  beats=317 ✓
  C    695.0s–730.0s … key=Amaj r=0.89  voiced=0.72  beats=48 ✓
✓ 已保存: /Users/jiaxuan/Desktop/Music Project/VariVis/backend/features/LBeethoven_WOO71_4.json
Fri Apr 24 23:32:03 AEST 2026: OK LBeethoven_WOO71_4

============================================================
处理: LBeethoven_WOO71_5
============================================================
曲目: Beethoven: 12 variations in A Major,WoO 71
作曲: Ludwig van Beethoven
段落: ['T', 'V1', 'V2', 'V3', 'V4', 'V5', 'V6', 'V7', 'V8', 'V9', 'V10', 'V11', 'V12', 'C']  (14 段)
边界(秒): [0.0, 43.0, 88.0, 126.0, 166.0, 214.0, 276.0, 328.0, 364.0, 402.0, 439.0, 472.0, 519.0, 681.0, 714.0]

正在加载 WAV: LBeethoven_WOO71_5.wav...
已加载: 722.5s @ 48000Hz
  [ 0] T         0.0s →    43.0s  (43.0s)
  [ 1] V1       43.0s →    88.0s  (45.0s)
  [ 2] V2       88.0s →   126.0s  (38.0s)
  [ 3] V3      126.0s →   166.0s  (40.0s)
  [ 4] V4      166.0s →   214.0s  (48.0s)
  [ 5] V5      214.0s →   276.0s  (62.0s)
  [ 6] V6      276.0s →   328.0s  (52.0s)
  [ 7] V7      328.0s →   364.0s  (36.0s)
  [ 8] V8      364.0s →   402.0s  (38.0s)
  [ 9] V9      402.0s →   439.0s  (37.0s)
  [10] V10     439.0s →   472.0s  (33.0s)
  [11] V11     472.0s →   519.0s  (47.0s)
  [12] V12     519.0s →   681.0s  (162.0s)
  [13] C       681.0s →   714.0s  (33.0s)

✓ 特征已保存: /Users/jiaxuan/Desktop/Music Project/VariVis/backend/features/LBeethoven_WOO71_5.json

LBeethoven_WOO71_5: 加载 WAV…
  T    0.0s–43.0s … key=Amaj r=0.82  voiced=0.70  beats=116 ✓
  V1   43.0s–88.0s … key=Amaj r=0.82  voiced=0.75  beats=101 ✓
  V2   88.0s–126.0s … key=Amaj r=0.91  voiced=0.67  beats=56 ✓
  V3   126.0s–166.0s … key=Amin r=0.80  voiced=0.72  beats=88 ✓
  V4   166.0s–214.0s … key=Amaj r=0.80  voiced=0.72  beats=116 ✓
  V5   214.0s–276.0s … key=Amaj r=0.72  voiced=0.82  beats=105 ✓
  V6   276.0s–328.0s … key=Amaj r=0.72  voiced=0.82  beats=76 ✓
  V7   328.0s–364.0s … key=Amin r=0.66  voiced=0.70  beats=57 ✓
  V8   364.0s–402.0s … key=Amaj r=0.76  voiced=0.79  beats=45 ✓
  V9   402.0s–439.0s … key=Amaj r=0.72  voiced=0.77  beats=58 ✓
  V10  439.0s–472.0s … key=Amaj r=0.73  voiced=0.57  beats=47 ✓
  V11  472.0s–519.0s … key=Amin r=0.77  voiced=0.85  beats=106 ✓
  V12  519.0s–681.0s … key=C#min r=0.62  voiced=0.72  beats=212 ✓
  C    681.0s–714.0s … key=Amaj r=0.83  voiced=0.77  beats=28 ✓
✓ 已保存: /Users/jiaxuan/Desktop/Music Project/VariVis/backend/features/LBeethoven_WOO71_5.json
Fri Apr 24 23:35:05 AEST 2026: OK LBeethoven_WOO71_5

============================================================
处理: LBeethoven_WOO71_6
============================================================
曲目: Beethoven: 12 variations in A Major,WoO 71
作曲: Ludwig van Beethoven
段落: ['T', 'V1', 'V2', 'V3', 'V4', 'V5', 'V6', 'V7', 'V8', 'V9', 'V10', 'V11', 'V12', 'C']  (14 段)
边界(秒): [2.0, 41.0, 89.0, 134.0, 182.0, 228.0, 283.0, 315.0, 349.0, 388.0, 429.0, 464.0, 518.0, 655.0, 687.0]

正在加载 WAV: LBeethoven_WOO71_6.wav...
已加载: 714.0s @ 48000Hz
  [ 0] T         2.0s →    41.0s  (39.0s)
  [ 1] V1       41.0s →    89.0s  (48.0s)
  [ 2] V2       89.0s →   134.0s  (45.0s)
  [ 3] V3      134.0s →   182.0s  (48.0s)
  [ 4] V4      182.0s →   228.0s  (46.0s)
  [ 5] V5      228.0s →   283.0s  (55.0s)
  [ 6] V6      283.0s →   315.0s  (32.0s)
  [ 7] V7      315.0s →   349.0s  (34.0s)
  [ 8] V8      349.0s →   388.0s  (39.0s)
  [ 9] V9      388.0s →   429.0s  (41.0s)
  [10] V10     429.0s →   464.0s  (35.0s)
  [11] V11     464.0s →   518.0s  (54.0s)
  [12] V12     518.0s →   655.0s  (137.0s)
  [13] C       655.0s →   687.0s  (32.0s)

✓ 特征已保存: /Users/jiaxuan/Desktop/Music Project/VariVis/backend/features/LBeethoven_WOO71_6.json

LBeethoven_WOO71_6: 加载 WAV…
  T    2.0s–41.0s … key=Amaj r=0.81  voiced=0.78  beats=120 ✓
  V1   41.0s–89.0s … key=Amaj r=0.85  voiced=0.82  beats=112 ✓
  V2   89.0s–134.0s … key=Amaj r=0.85  voiced=0.82  beats=105 ✓
  V3   134.0s–182.0s … key=Amin r=0.81  voiced=0.77  beats=92 ✓
  V4   182.0s–228.0s … key=Amaj r=0.94  voiced=0.63  beats=109 ✓
  V5   228.0s–283.0s … key=Amaj r=0.74  voiced=0.85  beats=97 ✓
  V6   283.0s–315.0s … key=Amaj r=0.91  voiced=0.82  beats=57 ✓
  V7   315.0s–349.0s … key=Amin r=0.62  voiced=0.66  beats=53 ✓
  V8   349.0s–388.0s … key=Amaj r=0.89  voiced=0.79  beats=36 ✓
  V9   388.0s–429.0s … key=Amaj r=0.75  voiced=0.70  beats=111 ✓
  V10  429.0s–464.0s … key=Amaj r=0.78  voiced=0.69  beats=56 ✓
  V11  464.0s–518.0s … key=Amin r=0.86  voiced=0.84  beats=111 ✓
  V12  518.0s–655.0s … key=Amaj r=0.77  voiced=0.71  beats=290 ✓
  C    655.0s–687.0s … key=Amaj r=0.80  voiced=0.66  beats=41 ✓
✓ 已保存: /Users/jiaxuan/Desktop/Music Project/VariVis/backend/features/LBeethoven_WOO71_6.json
Fri Apr 24 23:38:03 AEST 2026: OK LBeethoven_WOO71_6

============================================================
处理: LBeethoven_WOO71_7
============================================================
曲目: Beethoven: 12 variations in A Major,WoO 71
作曲: Ludwig van Beethoven
段落: ['T', 'V1', 'V2', 'V3', 'V4', 'V5', 'V6', 'V7', 'V8', 'V9', 'V10', 'V11', 'V12', 'C']  (14 段)
边界(秒): [0.0, 40.0, 80.0, 121.0, 164.0, 206.0, 262.0, 296.0, 330.0, 368.0, 405.0, 444.0, 497.0, 627.0, 667.0]

正在加载 WAV: LBeethoven_WOO71_7.wav...
已加载: 677.1s @ 48000Hz
  [ 0] T         0.0s →    40.0s  (40.0s)
  [ 1] V1       40.0s →    80.0s  (40.0s)
  [ 2] V2       80.0s →   121.0s  (41.0s)
  [ 3] V3      121.0s →   164.0s  (43.0s)
  [ 4] V4      164.0s →   206.0s  (42.0s)
  [ 5] V5      206.0s →   262.0s  (56.0s)
  [ 6] V6      262.0s →   296.0s  (34.0s)
  [ 7] V7      296.0s →   330.0s  (34.0s)
  [ 8] V8      330.0s →   368.0s  (38.0s)
  [ 9] V9      368.0s →   405.0s  (37.0s)
  [10] V10     405.0s →   444.0s  (39.0s)
  [11] V11     444.0s →   497.0s  (53.0s)
  [12] V12     497.0s →   627.0s  (130.0s)
  [13] C       627.0s →   667.0s  (40.0s)

✓ 特征已保存: /Users/jiaxuan/Desktop/Music Project/VariVis/backend/features/LBeethoven_WOO71_7.json

LBeethoven_WOO71_7: 加载 WAV…
  T    0.0s–40.0s … key=Amaj r=0.81  voiced=0.64  beats=74 ✓
  V1   40.0s–80.0s … key=Amaj r=0.83  voiced=0.72  beats=94 ✓
  V2   80.0s–121.0s … key=Amaj r=0.86  voiced=0.74  beats=108 ✓
  V3   121.0s–164.0s … key=Amin r=0.80  voiced=0.73  beats=95 ✓
  V4   164.0s–206.0s … key=Amaj r=0.89  voiced=0.64  beats=97 ✓
  V5   206.0s–262.0s … key=Amaj r=0.76  voiced=0.70  beats=56 ✓
  V6   262.0s–296.0s … key=Amaj r=0.79  voiced=0.78  beats=51 ✓
  V7   296.0s–330.0s … key=Amin r=0.75  voiced=0.61  beats=112 ✓
  V8   330.0s–368.0s … key=Amaj r=0.67  voiced=0.74  beats=65 ✓
  V9   368.0s–405.0s … key=Amaj r=0.68  voiced=0.71  beats=53 ✓
  V10  405.0s–444.0s … key=Amaj r=0.71  voiced=0.62  beats=56 ✓
  V11  444.0s–497.0s … key=Amin r=0.91  voiced=0.80  beats=35 ✓
  V12  497.0s–627.0s … key=Amaj r=0.86  voiced=0.66  beats=210 ✓
  C    627.0s–667.0s … key=Amaj r=0.84  voiced=0.66  beats=53 ✓
✓ 已保存: /Users/jiaxuan/Desktop/Music Project/VariVis/backend/features/LBeethoven_WOO71_7.json
Fri Apr 24 23:40:57 AEST 2026: OK LBeethoven_WOO71_7

============================================================
处理: LBeethoven_WOO71_8
============================================================
曲目: Beethoven: 12 variations in A Major,WoO 71
作曲: Ludwig van Beethoven
段落: ['T', 'V1', 'V2', 'V3', 'V4', 'V5', 'V6', 'V7', 'V8', 'V9', 'V10', 'V11', 'V12', 'C']  (14 段)
边界(秒): [58.0, 98.0, 143.0, 184.0, 225.0, 268.0, 311.0, 348.0, 387.0, 424.0, 460.0, 499.0, 554.0, 703.0, 733.0]

正在加载 WAV: LBeethoven_WOO71_8.wav...
已加载: 745.5s @ 48000Hz
  [ 0] T        58.0s →    98.0s  (40.0s)
  [ 1] V1       98.0s →   143.0s  (45.0s)
  [ 2] V2      143.0s →   184.0s  (41.0s)
  [ 3] V3      184.0s →   225.0s  (41.0s)
  [ 4] V4      225.0s →   268.0s  (43.0s)
  [ 5] V5      268.0s →   311.0s  (43.0s)
  [ 6] V6      311.0s →   348.0s  (37.0s)
  [ 7] V7      348.0s →   387.0s  (39.0s)
  [ 8] V8      387.0s →   424.0s  (37.0s)
  [ 9] V9      424.0s →   460.0s  (36.0s)
  [10] V10     460.0s →   499.0s  (39.0s)
  [11] V11     499.0s →   554.0s  (55.0s)
  [12] V12     554.0s →   703.0s  (149.0s)
  [13] C       703.0s →   733.0s  (30.0s)

✓ 特征已保存: /Users/jiaxuan/Desktop/Music Project/VariVis/backend/features/LBeethoven_WOO71_8.json

LBeethoven_WOO71_8: 加载 WAV…
  T    58.0s–98.0s … key=Amaj r=0.89  voiced=0.66  beats=114 ✓
  V1   98.0s–143.0s … key=Amaj r=0.85  voiced=0.80  beats=101 ✓
  V2   143.0s–184.0s … key=Amaj r=0.92  voiced=0.65  beats=106 ✓
  V3   184.0s–225.0s … key=Amin r=0.88  voiced=0.63  beats=88 ✓
  V4   225.0s–268.0s … key=Amaj r=0.93  voiced=0.67  beats=112 ✓
  V5   268.0s–311.0s … key=Amaj r=0.88  voiced=0.68  beats=100 ✓
  V6   311.0s–348.0s … key=Amaj r=0.95  voiced=0.82  beats=100 ✓
  V7   348.0s–387.0s … key=Amin r=0.73  voiced=0.62  beats=111 ✓
  V8   387.0s–424.0s … key=Amaj r=0.84  voiced=0.67  beats=104 ✓
  V9   424.0s–460.0s … key=Amaj r=0.82  voiced=0.67  beats=58 ✓
  V10  460.0s–499.0s … key=Amaj r=0.85  voiced=0.59  beats=52 ✓
  V11  499.0s–554.0s … key=Amin r=0.86  voiced=0.84  beats=111 ✓
  V12  554.0s–703.0s … key=Amaj r=0.74  voiced=0.75  beats=306 ✓
  C    703.0s–733.0s … key=Amaj r=0.84  voiced=0.71  beats=21 ✓
✓ 已保存: /Users/jiaxuan/Desktop/Music Project/VariVis/backend/features/LBeethoven_WOO71_8.json
Fri Apr 24 23:43:49 AEST 2026: OK LBeethoven_WOO71_8

============================================================
处理: LBeethoven_OP105_1
============================================================
曲目: 6 National Airs with Variations for flute and piano (1817-18) op.105 - Ludwig van
作曲: Ludwig van Beethoven
段落: ['T', 'V1', 'V2', 'V3', 'T', 'V1', 'V2', 'V3.V4', 'T', 'V1', 'V2', 'V3', 'V4', 'V5', 'T', 'V1', 'V2', 'V3', 'T', 'V1', 'V2', 'V3', 'T', 'V1', 'V2', 'V3', 'V4']  (27 段)
边界(秒): [7.0, 42.0, 76.0, 110.0, 180.0, 220.0, 253.0, 286.0, 370.0, 434.0, 482.0, 526.0, 589.0, 634.0, 766.0, 820.0, 858.0, 900.0, 974.0, 1008.0, 1040.0, 1077.0, 1125.0, 1160.0, 1194.0, 1233.0, 1270.0, 1320.0]

正在加载 WAV: LBeethoven_OP105_1.wav...
已加载: 1329.3s @ 48000Hz
  [ 0] T         7.0s →    42.0s  (35.0s)
  [ 1] V1       42.0s →    76.0s  (34.0s)
  [ 2] V2       76.0s →   110.0s  (34.0s)
  [ 3] V3      110.0s →   180.0s  (70.0s)
  [ 4] T       180.0s →   220.0s  (40.0s)
  [ 5] V1      220.0s →   253.0s  (33.0s)
  [ 6] V2      253.0s →   286.0s  (33.0s)
  [ 7] V3.V4    286.0s →   370.0s  (84.0s)
  [ 8] T       370.0s →   434.0s  (64.0s)
  [ 9] V1      434.0s →   482.0s  (48.0s)
  [10] V2      482.0s →   526.0s  (44.0s)
  [11] V3      526.0s →   589.0s  (63.0s)
  [12] V4      589.0s →   634.0s  (45.0s)
  [13] V5      634.0s →   766.0s  (132.0s)
  [14] T       766.0s →   820.0s  (54.0s)
  [15] V1      820.0s →   858.0s  (38.0s)
  [16] V2      858.0s →   900.0s  (42.0s)
  [17] V3      900.0s →   974.0s  (74.0s)
  [18] T       974.0s →  1008.0s  (34.0s)
  [19] V1     1008.0s →  1040.0s  (32.0s)
  [20] V2     1040.0s →  1077.0s  (37.0s)
  [21] V3     1077.0s →  1125.0s  (48.0s)
  [22] T      1125.0s →  1160.0s  (35.0s)
  [23] V1     1160.0s →  1194.0s  (34.0s)
  [24] V2     1194.0s →  1233.0s  (39.0s)
  [25] V3     1233.0s →  1270.0s  (37.0s)
  [26] V4     1270.0s →  1320.0s  (50.0s)

✓ 特征已保存: /Users/jiaxuan/Desktop/Music Project/VariVis/backend/features/LBeethoven_OP105_1.json

LBeethoven_OP105_1: 加载 WAV…
  T    7.0s–42.0s … key=Gmaj r=0.57  voiced=0.82  beats=66 ✓
  V1   42.0s–76.0s … key=Gmaj r=0.60  voiced=0.80  beats=51 ✓
  V2   76.0s–110.0s … key=Gmin r=0.54  voiced=0.63  beats=67 ✓
  V3   110.0s–180.0s … key=Gmin r=0.71  voiced=0.68  beats=70 ✓
  T    180.0s–220.0s … key=G#maj r=0.54  voiced=0.87  beats=75 ✓
  V1   220.0s–253.0s … key=G#maj r=0.73  voiced=0.78  beats=54 ✓
  V2   253.0s–286.0s … key=Cmin r=0.66  voiced=0.73  beats=68 ✓
  V3.V4 286.0s–370.0s … key=G#maj r=0.61  voiced=0.80  beats=187 ✓
  T    370.0s–434.0s … key=Cmaj r=0.41  voiced=0.83  beats=126 ✓
  V1   434.0s–482.0s … key=Cmaj r=0.76  voiced=0.81  beats=122 ✓
  V2   482.0s–526.0s … key=Cmaj r=0.71  voiced=0.78  beats=134 ✓
  V3   526.0s–589.0s … key=Cmaj r=0.79  voiced=0.81  beats=136 ✓
  V4   589.0s–634.0s … key=Cmaj r=0.64  voiced=0.62  beats=122 ✓
  V5   634.0s–766.0s … key=Cmin r=0.53  voiced=0.73  beats=283 ✓
  T    766.0s–820.0s … key=G#min r=0.71  voiced=0.90  beats=119 ✓
  V1   820.0s–858.0s … key=D#maj r=0.75  voiced=0.86  beats=69 ✓
  V2   858.0s–900.0s … key=D#maj r=0.88  voiced=0.70  beats=99 ✓
  V3   900.0s–974.0s … key=G#min r=0.69  voiced=0.70  beats=114 ✓
  T    974.0s–1008.0s … key=D#maj r=0.68  voiced=0.89  beats=101 ✓
  V1   1008.0s–1040.0s … key=D#maj r=0.81  voiced=0.79  beats=52 ✓
  V2   1040.0s–1077.0s … key=D#maj r=0.73  voiced=0.82  beats=38 ✓
  V3   1077.0s–1125.0s … key=D#maj r=0.80  voiced=0.56  beats=100 ✓
  T    1125.0s–1160.0s … key=Dmaj r=0.73  voiced=0.91  beats=37 ✓
  V1   1160.0s–1194.0s … key=Dmaj r=0.87  voiced=0.78  beats=92 ✓
  V2   1194.0s–1233.0s … key=Gmin r=0.72  voiced=0.76  beats=90 ✓
  V3   1233.0s–1270.0s … key=A#maj r=0.86  voiced=0.80  beats=101 ✓
  V4   1270.0s–1320.0s … key=Dmaj r=0.73  voiced=0.63  beats=72 ✓
✓ 已保存: /Users/jiaxuan/Desktop/Music Project/VariVis/backend/features/LBeethoven_OP105_1.json
Fri Apr 24 23:49:19 AEST 2026: OK LBeethoven_OP105_1

============================================================
处理: LBeethoven_OP105_2
============================================================
Traceback (most recent call last):
  File "/Users/jiaxuan/Desktop/Music Project/VariVis/backend/extract_features.py", line 541, in <module>
    main()
  File "/Users/jiaxuan/Desktop/Music Project/VariVis/backend/extract_features.py", line 529, in main
    data = process_file(args.target, args.frames, args.sr)
           ^^^^^^^^^^^^^^^^^^^^^^^^^^^^^^^^^^^^^^^^^^^^^^^
  File "/Users/jiaxuan/Desktop/Music Project/VariVis/backend/extract_features.py", line 391, in process_file
    boundaries_sec = [mmss_to_seconds(b) for b in boundary_raw]
                     ^^^^^^^^^^^^^^^^^^^^^^^^^^^^^^^^^^^^^^^^^^
  File "/Users/jiaxuan/Desktop/Music Project/VariVis/backend/extract_features.py", line 391, in <listcomp>
    boundaries_sec = [mmss_to_seconds(b) for b in boundary_raw]
                      ^^^^^^^^^^^^^^^^^^
  File "/Users/jiaxuan/Desktop/Music Project/VariVis/backend/extract_features.py", line 72, in mmss_to_seconds
    minutes = int(value)
              ^^^^^^^^^^
ValueError: invalid literal for int() with base 10: '14.30.14.59'
Fri Apr 24 23:49:20 AEST 2026: FAIL extract LBeethoven_OP105_2

============================================================
处理: LBeethoven_OP105_3
============================================================
曲目: 6 National Airs with Variations for flute and piano (1817-18) op.105 - Ludwig van
作曲: Ludwig van Beethoven
段落: ['T', 'V1', 'V2', 'V3', 'T', 'V1', 'V2', 'V3.V4', 'T', 'V1', 'V2', 'V3', 'V4', 'V5', 'T', 'V1', 'V2', 'V3', 'T', 'V1', 'V2', 'V3', 'T', 'V1', 'V2', 'V3', 'V4']  (27 段)
边界(秒): [1.0, 35.0, 71.0, 104.0, 181.0, 210.0, 238.0, 280.0, 369.0, 425.0, 478.0, 523.0, 577.0, 622.0, 777.0, 826.0, 864.0, 907.0, 987.0, 1013.0, 1043.0, 1074.0, 1126.0, 1153.0, 1179.0, 1217.0, 1251.0, 1294.0]

正在加载 WAV: LBeethoven_OP105_3.wav...
已加载: 1307.1s @ 48000Hz
  [ 0] T         1.0s →    35.0s  (34.0s)
  [ 1] V1       35.0s →    71.0s  (36.0s)
  [ 2] V2       71.0s →   104.0s  (33.0s)
  [ 3] V3      104.0s →   181.0s  (77.0s)
  [ 4] T       181.0s →   210.0s  (29.0s)
  [ 5] V1      210.0s →   238.0s  (28.0s)
  [ 6] V2      238.0s →   280.0s  (42.0s)
  [ 7] V3.V4    280.0s →   369.0s  (89.0s)
  [ 8] T       369.0s →   425.0s  (56.0s)
  [ 9] V1      425.0s →   478.0s  (53.0s)
  [10] V2      478.0s →   523.0s  (45.0s)
  [11] V3      523.0s →   577.0s  (54.0s)
  [12] V4      577.0s →   622.0s  (45.0s)
  [13] V5      622.0s →   777.0s  (155.0s)
  [14] T       777.0s →   826.0s  (49.0s)
  [15] V1      826.0s →   864.0s  (38.0s)
  [16] V2      864.0s →   907.0s  (43.0s)
  [17] V3      907.0s →   987.0s  (80.0s)
  [18] T       987.0s →  1013.0s  (26.0s)
  [19] V1     1013.0s →  1043.0s  (30.0s)
  [20] V2     1043.0s →  1074.0s  (31.0s)
  [21] V3     1074.0s →  1126.0s  (52.0s)
  [22] T      1126.0s →  1153.0s  (27.0s)
  [23] V1     1153.0s →  1179.0s  (26.0s)
  [24] V2     1179.0s →  1217.0s  (38.0s)
  [25] V3     1217.0s →  1251.0s  (34.0s)
  [26] V4     1251.0s →  1294.0s  (43.0s)

✓ 特征已保存: /Users/jiaxuan/Desktop/Music Project/VariVis/backend/features/LBeethoven_OP105_3.json

LBeethoven_OP105_3: 加载 WAV…
  T    1.0s–35.0s … key=Gmaj r=0.82  voiced=0.82  beats=72 ✓
  V1   35.0s–71.0s … key=Gmaj r=0.76  voiced=0.76  beats=78 ✓
  V2   71.0s–104.0s … key=Gmaj r=0.80  voiced=0.63  beats=69 ✓
  V3   104.0s–181.0s … key=Gmaj r=0.70  voiced=0.65  beats=82 ✓
  T    181.0s–210.0s … key=Cmin r=0.81  voiced=0.74  beats=74 ✓
  V1   210.0s–238.0s … key=Cmin r=0.67  voiced=0.75  beats=58 ✓
  V2   238.0s–280.0s … key=Cmin r=0.77  voiced=0.81  beats=68 ✓
  V3.V4 280.0s–369.0s … key=D#maj r=0.59  voiced=0.66  beats=233 ✓
  T    369.0s–425.0s … key=Cmaj r=0.88  voiced=0.79  beats=130 ✓
  V1   425.0s–478.0s … key=Cmaj r=0.68  voiced=0.75  beats=129 ✓
  V2   478.0s–523.0s … key=Cmaj r=0.91  voiced=0.85  beats=121 ✓
  V3   523.0s–577.0s … key=Cmaj r=0.85  voiced=0.78  beats=125 ✓
  V4   577.0s–622.0s … key=Cmaj r=0.73  voiced=0.53  beats=120 ✓
  V5   622.0s–777.0s … key=Cmaj r=0.78  voiced=0.63  beats=276 ✓
  T    777.0s–826.0s … key=D#maj r=0.85  voiced=0.82  beats=82 ✓
  V1   826.0s–864.0s … key=D#maj r=0.90  voiced=0.61  beats=68 ✓
  V2   864.0s–907.0s … key=D#maj r=0.92  voiced=0.77  beats=68 ✓
  V3   907.0s–987.0s … key=D#maj r=0.80  voiced=0.61  beats=148 ✓
  T    987.0s–1013.0s … key=D#maj r=0.87  voiced=0.74  beats=51 ✓
  V1   1013.0s–1043.0s … key=D#maj r=0.88  voiced=0.71  beats=31 ✓
  V2   1043.0s–1074.0s … key=D#maj r=0.92  voiced=0.70  beats=33 ✓
  V3   1074.0s–1126.0s … key=D#maj r=0.89  voiced=0.53  beats=111 ✓
  T    1126.0s–1153.0s … key=Dmaj r=0.92  voiced=0.57  beats=45 ✓
  V1   1153.0s–1179.0s … key=Dmaj r=0.92  voiced=0.70  beats=46 ✓
  V2   1179.0s–1217.0s … key=Dmaj r=0.88  voiced=0.70  beats=92 ✓
  V3   1217.0s–1251.0s … key=A#maj r=0.91  voiced=0.87  beats=49 ✓
  V4   1251.0s–1294.0s … key=Dmaj r=0.82  voiced=0.53  beats=152 ✓
✓ 已保存: /Users/jiaxuan/Desktop/Music Project/VariVis/backend/features/LBeethoven_OP105_3.json
Fri Apr 24 23:54:47 AEST 2026: OK LBeethoven_OP105_3

============================================================
处理: LBeethoven_OP121_1
============================================================
曲目: Beethoven Kakadu Variations,Op. 121a
作曲: Ludwig van Beethoven
段落: ['I', 'T', 'V1', 'V2', 'V3', 'V4', 'V5', 'V6', 'V7', 'V8', 'V9', 'V10', 'C']  (13 段)
边界(秒): [7.0, 370.0, 413.0, 453.0, 497.0, 546.0, 589.0, 633.0, 673.0, 733.0, 778.0, 916.0, 1027.0, 1150.0]

正在加载 WAV: LBeethoven_OP121_1.wav...
已加载: 1160.1s @ 48000Hz
  [ 0] I         7.0s →   370.0s  (363.0s)
  [ 1] T       370.0s →   413.0s  (43.0s)
  [ 2] V1      413.0s →   453.0s  (40.0s)
  [ 3] V2      453.0s →   497.0s  (44.0s)
  [ 4] V3      497.0s →   546.0s  (49.0s)
  [ 5] V4      546.0s →   589.0s  (43.0s)
  [ 6] V5      589.0s →   633.0s  (44.0s)
  [ 7] V6      633.0s →   673.0s  (40.0s)
  [ 8] V7      673.0s →   733.0s  (60.0s)
  [ 9] V8      733.0s →   778.0s  (45.0s)
  [10] V9      778.0s →   916.0s  (138.0s)
  [11] V10     916.0s →  1027.0s  (111.0s)
  [12] C      1027.0s →  1150.0s  (123.0s)

✓ 特征已保存: /Users/jiaxuan/Desktop/Music Project/VariVis/backend/features/LBeethoven_OP121_1.json

LBeethoven_OP121_1: 加载 WAV…
  I    7.0s–370.0s … key=Gmin r=0.65  voiced=0.76  beats=460 ✓
  T    370.0s–413.0s … key=Gmaj r=0.89  voiced=0.60  beats=90 ✓
  V1   413.0s–453.0s … key=Gmaj r=0.80  voiced=0.67  beats=66 ✓
  V2   453.0s–497.0s … key=Gmaj r=0.81  voiced=0.70  beats=93 ✓
  V3   497.0s–546.0s … key=Gmaj r=0.89  voiced=0.74  beats=89 ✓
  V4   546.0s–589.0s … key=Gmaj r=0.94  voiced=0.56  beats=88 ✓
  V5   589.0s–633.0s … key=Gmaj r=0.96  voiced=0.69  beats=97 ✓
  V6   633.0s–673.0s … key=Gmaj r=0.86  voiced=0.68  beats=41 ✓
  V7   673.0s–733.0s … key=Gmaj r=0.66  voiced=0.82  beats=122 ✓
  V8   733.0s–778.0s … key=Gmaj r=0.72  voiced=0.67  beats=73 ✓
  V9   778.0s–916.0s … key=Gmin r=0.88  voiced=0.73  beats=181 ✓
  V10  916.0s–1027.0s … key=Gmin r=0.67  voiced=0.51  beats=197 ✓
  C    1027.0s–1150.0s … key=Gmaj r=0.90  voiced=0.62  beats=153 ✓
✓ 已保存: /Users/jiaxuan/Desktop/Music Project/VariVis/backend/features/LBeethoven_OP121_1.json
Fri Apr 24 23:59:37 AEST 2026: OK LBeethoven_OP121_1

============================================================
处理: LBeethoven_OP121_2
============================================================
曲目: Beethoven Kakadu Variations,Op. 121a
作曲: Ludwig van Beethoven
段落: ['I', 'T', 'V1', 'V2', 'V3', 'V4', 'V5', 'V6', 'V7', 'V8', 'V9', 'V10', 'C']  (13 段)
边界(秒): [2.0, 329.0, 371.0, 412.0, 455.0, 502.0, 543.0, 588.0, 631.0, 688.0, 730.0, 852.0, 967.0, 1076.0]

正在加载 WAV: LBeethoven_OP121_2.wav...
已加载: 1092.9s @ 48000Hz
  [ 0] I         2.0s →   329.0s  (327.0s)
  [ 1] T       329.0s →   371.0s  (42.0s)
  [ 2] V1      371.0s →   412.0s  (41.0s)
  [ 3] V2      412.0s →   455.0s  (43.0s)
  [ 4] V3      455.0s →   502.0s  (47.0s)
  [ 5] V4      502.0s →   543.0s  (41.0s)
  [ 6] V5      543.0s →   588.0s  (45.0s)
  [ 7] V6      588.0s →   631.0s  (43.0s)
  [ 8] V7      631.0s →   688.0s  (57.0s)
  [ 9] V8      688.0s →   730.0s  (42.0s)
  [10] V9      730.0s →   852.0s  (122.0s)
  [11] V10     852.0s →   967.0s  (115.0s)
  [12] C       967.0s →  1076.0s  (109.0s)

✓ 特征已保存: /Users/jiaxuan/Desktop/Music Project/VariVis/backend/features/LBeethoven_OP121_2.json

LBeethoven_OP121_2: 加载 WAV…
  I    2.0s–329.0s … key=Gmin r=0.75  voiced=0.75  beats=821 ✓
  T    329.0s–371.0s … key=Gmaj r=0.93  voiced=0.71  beats=90 ✓
  V1   371.0s–412.0s … key=Gmaj r=0.93  voiced=0.76  beats=84 ✓
  V2   412.0s–455.0s … key=Gmaj r=0.86  voiced=0.75  beats=95 ✓
  V3   455.0s–502.0s … key=Gmaj r=0.94  voiced=0.87  beats=96 ✓
  V4   502.0s–543.0s … key=Gmaj r=0.97  voiced=0.62  beats=92 ✓
  V5   543.0s–588.0s … key=Gmaj r=0.96  voiced=0.78  beats=96 ✓
  V6   588.0s–631.0s … key=Gmaj r=0.91  voiced=0.57  beats=93 ✓
  V7   631.0s–688.0s … key=Gmaj r=0.63  voiced=0.84  beats=123 ✓
  V8   688.0s–730.0s … key=Gmaj r=0.77  voiced=0.72  beats=98 ✓
  V9   730.0s–852.0s … key=Gmin r=0.89  voiced=0.76  beats=200 ✓
  V10  852.0s–967.0s … key=Gmin r=0.63  voiced=0.57  beats=203 ✓
  C    967.0s–1076.0s … key=Gmaj r=0.91  voiced=0.68  beats=189 ✓
✓ 已保存: /Users/jiaxuan/Desktop/Music Project/VariVis/backend/features/LBeethoven_OP121_2.json
Sat Apr 25 00:04:10 AEST 2026: OK LBeethoven_OP121_2

============================================================
处理: LBeethoven_OP121_3
============================================================
曲目: Beethoven Kakadu Variations,Op. 121a
作曲: Ludwig van Beethoven
段落: ['I', 'T', 'V1', 'V2', 'V3', 'V4', 'V5', 'V6', 'V7', 'V8', 'V9', 'V10', 'C']  (13 段)
边界(秒): [4.0, 310.0, 347.0, 383.0, 421.0, 467.0, 508.0, 551.0, 593.0, 648.0, 694.0, 826.0, 929.0, 1016.0]

正在加载 WAV: LBeethoven_OP121_3.wav...
已加载: 1026.7s @ 48000Hz
  [ 0] I         4.0s →   310.0s  (306.0s)
  [ 1] T       310.0s →   347.0s  (37.0s)
  [ 2] V1      347.0s →   383.0s  (36.0s)
  [ 3] V2      383.0s →   421.0s  (38.0s)
  [ 4] V3      421.0s →   467.0s  (46.0s)
  [ 5] V4      467.0s →   508.0s  (41.0s)
  [ 6] V5      508.0s →   551.0s  (43.0s)
  [ 7] V6      551.0s →   593.0s  (42.0s)
  [ 8] V7      593.0s →   648.0s  (55.0s)
  [ 9] V8      648.0s →   694.0s  (46.0s)
  [10] V9      694.0s →   826.0s  (132.0s)
  [11] V10     826.0s →   929.0s  (103.0s)
  [12] C       929.0s →  1016.0s  (87.0s)

✓ 特征已保存: /Users/jiaxuan/Desktop/Music Project/VariVis/backend/features/LBeethoven_OP121_3.json

LBeethoven_OP121_3: 加载 WAV…
  I    4.0s–310.0s … key=Gmin r=0.78  voiced=0.73  beats=419 ✓
  T    310.0s–347.0s … key=Gmaj r=0.92  voiced=0.72  beats=96 ✓
  V1   347.0s–383.0s … key=Gmaj r=0.83  voiced=0.60  beats=53 ✓
  V2   383.0s–421.0s … key=Gmaj r=0.80  voiced=0.61  beats=92 ✓
  V3   421.0s–467.0s … key=Gmaj r=0.92  voiced=0.76  beats=83 ✓
  V4   467.0s–508.0s … key=Gmaj r=0.91  voiced=0.57  beats=92 ✓
  V5   508.0s–551.0s … key=Gmaj r=0.94  voiced=0.76  beats=87 ✓
  V6   551.0s–593.0s … key=Gmaj r=0.85  voiced=0.62  beats=92 ✓
  V7   593.0s–648.0s … key=Gmaj r=0.77  voiced=0.84  beats=119 ✓
  V8   648.0s–694.0s … key=Gmaj r=0.86  voiced=0.71  beats=96 ✓
  V9   694.0s–826.0s … key=Gmin r=0.88  voiced=0.73  beats=276 ✓
  V10  826.0s–929.0s … key=Gmin r=0.70  voiced=0.52  beats=186 ✓
  C    929.0s–1016.0s … key=Gmaj r=0.90  voiced=0.65  beats=159 ✓
✓ 已保存: /Users/jiaxuan/Desktop/Music Project/VariVis/backend/features/LBeethoven_OP121_3.json
Sat Apr 25 00:08:30 AEST 2026: OK LBeethoven_OP121_3

============================================================
处理: LBeethoven_OP121_4
============================================================
曲目: Beethoven Kakadu Variations,Op. 121a
作曲: Ludwig van Beethoven
段落: ['I', 'T', 'V1', 'V2', 'V3', 'V4', 'V5', 'V6', 'V7', 'V8', 'V9', 'V10', 'C']  (13 段)
边界(秒): [0.0, 332.0, 370.0, 408.0, 449.0, 495.0, 537.0, 579.0, 618.0, 668.0, 708.0, 840.0, 955.0, 1062.0]

正在加载 WAV: LBeethoven_OP121_4.wav...
已加载: 1067.9s @ 48000Hz
  [ 0] I         0.0s →   332.0s  (332.0s)
  [ 1] T       332.0s →   370.0s  (38.0s)
  [ 2] V1      370.0s →   408.0s  (38.0s)
  [ 3] V2      408.0s →   449.0s  (41.0s)
  [ 4] V3      449.0s →   495.0s  (46.0s)
  [ 5] V4      495.0s →   537.0s  (42.0s)
  [ 6] V5      537.0s →   579.0s  (42.0s)
  [ 7] V6      579.0s →   618.0s  (39.0s)
  [ 8] V7      618.0s →   668.0s  (50.0s)
  [ 9] V8      668.0s →   708.0s  (40.0s)
  [10] V9      708.0s →   840.0s  (132.0s)
  [11] V10     840.0s →   955.0s  (115.0s)
  [12] C       955.0s →  1062.0s  (107.0s)

✓ 特征已保存: /Users/jiaxuan/Desktop/Music Project/VariVis/backend/features/LBeethoven_OP121_4.json

LBeethoven_OP121_4: 加载 WAV…
  I    0.0s–332.0s … key=Gmin r=0.73  voiced=0.77  beats=439 ✓
  T    332.0s–370.0s … key=Gmaj r=0.95  voiced=0.69  beats=94 ✓
  V1   370.0s–408.0s … key=Gmaj r=0.89  voiced=0.72  beats=56 ✓
  V2   408.0s–449.0s … key=Gmaj r=0.85  voiced=0.69  beats=94 ✓
  V3   449.0s–495.0s … key=Gmaj r=0.96  voiced=0.82  beats=86 ✓
  V4   495.0s–537.0s … key=Gmaj r=0.94  voiced=0.59  beats=94 ✓
  V5   537.0s–579.0s … key=Gmaj r=0.90  voiced=0.70  beats=88 ✓
  V6   579.0s–618.0s … key=Gmaj r=0.88  voiced=0.59  beats=47 ✓
  V7   618.0s–668.0s … key=Gmaj r=0.72  voiced=0.78  beats=123 ✓
  V8   668.0s–708.0s … key=Gmaj r=0.90  voiced=0.70  beats=94 ✓
  V9   708.0s–840.0s … key=Gmin r=0.93  voiced=0.74  beats=410 ✓
  V10  840.0s–955.0s … key=Gmin r=0.78  voiced=0.57  beats=200 ✓
  C    955.0s–1062.0s … key=Gmaj r=0.91  voiced=0.67  beats=195 ✓
✓ 已保存: /Users/jiaxuan/Desktop/Music Project/VariVis/backend/features/LBeethoven_OP121_4.json
Sat Apr 25 00:12:59 AEST 2026: OK LBeethoven_OP121_4

============================================================
处理: LBeethoven_OP121_5
============================================================
曲目: Beethoven Kakadu Variations,Op. 121a
作曲: Ludwig van Beethoven
段落: ['I', 'T', 'V1', 'V2', 'V3', 'V4', 'V5', 'V6', 'V7', 'V8', 'V9', 'V10', 'C']  (13 段)
边界(秒): [0.0, 403.0, 441.0, 479.0, 517.0, 564.0, 604.0, 651.0, 684.0, 732.0, 770.0, 900.0, 1013.0, 1124.0]

正在加载 WAV: LBeethoven_OP121_5.wav...
已加载: 1127.6s @ 48000Hz
  [ 0] I         0.0s →   403.0s  (403.0s)
  [ 1] T       403.0s →   441.0s  (38.0s)
  [ 2] V1      441.0s →   479.0s  (38.0s)
  [ 3] V2      479.0s →   517.0s  (38.0s)
  [ 4] V3      517.0s →   564.0s  (47.0s)
  [ 5] V4      564.0s →   604.0s  (40.0s)
  [ 6] V5      604.0s →   651.0s  (47.0s)
  [ 7] V6      651.0s →   684.0s  (33.0s)
  [ 8] V7      684.0s →   732.0s  (48.0s)
  [ 9] V8      732.0s →   770.0s  (38.0s)
  [10] V9      770.0s →   900.0s  (130.0s)
  [11] V10     900.0s →  1013.0s  (113.0s)
  [12] C      1013.0s →  1124.0s  (111.0s)

✓ 特征已保存: /Users/jiaxuan/Desktop/Music Project/VariVis/backend/features/LBeethoven_OP121_5.json

LBeethoven_OP121_5: 加载 WAV…
  I    0.0s–403.0s … key=Gmin r=0.65  voiced=0.70  beats=525 ✓
  T    403.0s–441.0s … key=Gmaj r=0.78  voiced=0.73  beats=48 ✓
  V1   441.0s–479.0s … key=Gmaj r=0.85  voiced=0.72  beats=69 ✓
  V2   479.0s–517.0s … key=Gmaj r=0.79  voiced=0.72  beats=90 ✓
  V3   517.0s–564.0s … key=Gmaj r=0.81  voiced=0.77  beats=94 ✓
  V4   564.0s–604.0s … key=Gmaj r=0.90  voiced=0.60  beats=100 ✓
  V5   604.0s–651.0s … key=Gmaj r=0.86  voiced=0.67  beats=71 ✓
  V6   651.0s–684.0s … key=Gmaj r=0.80  voiced=0.67  beats=43 ✓
  V7   684.0s–732.0s … key=Gmaj r=0.64  voiced=0.69  beats=62 ✓
  V8   732.0s–770.0s … key=Gmaj r=0.74  voiced=0.59  beats=72 ✓
  V9   770.0s–900.0s … key=Gmin r=0.75  voiced=0.72  beats=307 ✓
  V10  900.0s–1013.0s … key=Gmin r=0.56  voiced=0.60  beats=203 ✓
  C    1013.0s–1124.0s … key=Gmaj r=0.82  voiced=0.68  beats=209 ✓
✓ 已保存: /Users/jiaxuan/Desktop/Music Project/VariVis/backend/features/LBeethoven_OP121_5.json
Sat Apr 25 00:17:45 AEST 2026: OK LBeethoven_OP121_5

============================================================
处理: LBeethoven_OP121_6
============================================================
曲目: Beethoven Kakadu Variations,Op. 121a
作曲: Ludwig van Beethoven
段落: ['I', 'T', 'V1', 'V2', 'V3', 'V4', 'V5', 'V6', 'V7', 'V8', 'V9', 'V10', 'C']  (13 段)
边界(秒): [16.0, 290.0, 331.0, 369.0, 410.0, 455.0, 496.0, 538.0, 578.0, 630.0, 667.0, 774.0, 887.0, 978.0]

正在加载 WAV: LBeethoven_OP121_6.wav...
已加载: 1034.4s @ 48000Hz
  [ 0] I        16.0s →   290.0s  (274.0s)
  [ 1] T       290.0s →   331.0s  (41.0s)
  [ 2] V1      331.0s →   369.0s  (38.0s)
  [ 3] V2      369.0s →   410.0s  (41.0s)
  [ 4] V3      410.0s →   455.0s  (45.0s)
  [ 5] V4      455.0s →   496.0s  (41.0s)
  [ 6] V5      496.0s →   538.0s  (42.0s)
  [ 7] V6      538.0s →   578.0s  (40.0s)
  [ 8] V7      578.0s →   630.0s  (52.0s)
  [ 9] V8      630.0s →   667.0s  (37.0s)
  [10] V9      667.0s →   774.0s  (107.0s)
  [11] V10     774.0s →   887.0s  (113.0s)
  [12] C       887.0s →   978.0s  (91.0s)

✓ 特征已保存: /Users/jiaxuan/Desktop/Music Project/VariVis/backend/features/LBeethoven_OP121_6.json

LBeethoven_OP121_6: 加载 WAV…
  I    16.0s–290.0s … key=Gmin r=0.68  voiced=0.72  beats=397 ✓
  T    290.0s–331.0s … key=Gmaj r=0.88  voiced=0.59  beats=91 ✓
  V1   331.0s–369.0s … key=Gmaj r=0.84  voiced=0.69  beats=58 ✓
  V2   369.0s–410.0s … key=Gmaj r=0.82  voiced=0.59  beats=97 ✓
  V3   410.0s–455.0s … key=Gmaj r=0.87  voiced=0.80  beats=98 ✓
  V4   455.0s–496.0s … key=Gmaj r=0.87  voiced=0.57  beats=91 ✓
  V5   496.0s–538.0s … key=Gmaj r=0.96  voiced=0.72  beats=98 ✓
  V6   538.0s–578.0s … key=Gmaj r=0.79  voiced=0.52  beats=93 ✓
  V7   578.0s–630.0s … key=Gmaj r=0.80  voiced=0.83  beats=123 ✓
  V8   630.0s–667.0s … key=Gmaj r=0.83  voiced=0.59  beats=93 ✓
  V9   667.0s–774.0s … key=Gmin r=0.87  voiced=0.74  beats=213 ✓
  V10  774.0s–887.0s … key=Gmin r=0.63  voiced=0.53  beats=201 ✓
  C    887.0s–978.0s … key=Gmaj r=0.86  voiced=0.59  beats=199 ✓
✓ 已保存: /Users/jiaxuan/Desktop/Music Project/VariVis/backend/features/LBeethoven_OP121_6.json
Sat Apr 25 00:21:50 AEST 2026: OK LBeethoven_OP121_6

============================================================
处理: LBeethoven_OP121_7
============================================================
曲目: Beethoven Kakadu Variations,Op. 121a
作曲: Ludwig van Beethoven
段落: ['I', 'T', 'V1', 'V2', 'V3', 'V4', 'V5', 'V6', 'V7', 'V8', 'V9', 'V10', 'C']  (13 段)
边界(秒): [10.0, 395.0, 435.0, 477.0, 522.0, 581.0, 622.0, 665.0, 706.0, 761.0, 801.0, 951.0, 1054.0, 1140.0]

正在加载 WAV: LBeethoven_OP121_7.wav...
已加载: 1148.2s @ 48000Hz
  [ 0] I        10.0s →   395.0s  (385.0s)
  [ 1] T       395.0s →   435.0s  (40.0s)
  [ 2] V1      435.0s →   477.0s  (42.0s)
  [ 3] V2      477.0s →   522.0s  (45.0s)
  [ 4] V3      522.0s →   581.0s  (59.0s)
  [ 5] V4      581.0s →   622.0s  (41.0s)
  [ 6] V5      622.0s →   665.0s  (43.0s)
  [ 7] V6      665.0s →   706.0s  (41.0s)
  [ 8] V7      706.0s →   761.0s  (55.0s)
  [ 9] V8      761.0s →   801.0s  (40.0s)
  [10] V9      801.0s →   951.0s  (150.0s)
  [11] V10     951.0s →  1054.0s  (103.0s)
  [12] C      1054.0s →  1140.0s  (86.0s)

✓ 特征已保存: /Users/jiaxuan/Desktop/Music Project/VariVis/backend/features/LBeethoven_OP121_7.json

LBeethoven_OP121_7: 加载 WAV…
  I    10.0s–395.0s … key=Gmin r=0.63  voiced=0.82  beats=418 ✓
  T    395.0s–435.0s … key=Gmaj r=0.93  voiced=0.72  beats=79 ✓
  V1   435.0s–477.0s … key=Gmaj r=0.85  voiced=0.82  beats=81 ✓
  V2   477.0s–522.0s … key=Gmaj r=0.84  voiced=0.79  beats=91 ✓
  V3   522.0s–581.0s … key=Gmaj r=0.89  voiced=0.83  beats=88 ✓
  V4   581.0s–622.0s … key=Gmaj r=0.89  voiced=0.75  beats=90 ✓
  V5   622.0s–665.0s … key=Gmaj r=0.87  voiced=0.80  beats=66 ✓
  V6   665.0s–706.0s … key=Gmaj r=0.92  voiced=0.76  beats=87 ✓
  V7   706.0s–761.0s … key=Gmaj r=0.68  voiced=0.86  beats=129 ✓
  V8   761.0s–801.0s … key=Gmaj r=0.69  voiced=0.74  beats=94 ✓
  V9   801.0s–951.0s … key=Gmin r=0.89  voiced=0.82  beats=376 ✓
  V10  951.0s–1054.0s … key=Gmin r=0.66  voiced=0.66  beats=204 ✓
  C    1054.0s–1140.0s … key=Gmaj r=0.85  voiced=0.73  beats=119 ✓
✓ 已保存: /Users/jiaxuan/Desktop/Music Project/VariVis/backend/features/LBeethoven_OP121_7.json
Sat Apr 25 00:26:37 AEST 2026: OK LBeethoven_OP121_7

============================================================
处理: LBeethoven_OP121_8
============================================================
曲目: Beethoven Kakadu Variations,Op. 121a
作曲: Ludwig van Beethoven
段落: ['I', 'T', 'V1', 'V2', 'V3', 'V4', 'V5', 'V6', 'V7', 'V8', 'V9', 'V10', 'C']  (13 段)
边界(秒): [1.0, 364.0, 406.0, 446.0, 490.0, 540.0, 582.0, 626.0, 666.0, 727.0, 771.0, 909.0, 1021.0, 1142.0]

正在加载 WAV: LBeethoven_OP121_8.wav...
已加载: 1145.8s @ 48000Hz
  [ 0] I         1.0s →   364.0s  (363.0s)
  [ 1] T       364.0s →   406.0s  (42.0s)
  [ 2] V1      406.0s →   446.0s  (40.0s)
  [ 3] V2      446.0s →   490.0s  (44.0s)
  [ 4] V3      490.0s →   540.0s  (50.0s)
  [ 5] V4      540.0s →   582.0s  (42.0s)
  [ 6] V5      582.0s →   626.0s  (44.0s)
  [ 7] V6      626.0s →   666.0s  (40.0s)
  [ 8] V7      666.0s →   727.0s  (61.0s)
  [ 9] V8      727.0s →   771.0s  (44.0s)
  [10] V9      771.0s →   909.0s  (138.0s)
  [11] V10     909.0s →  1021.0s  (112.0s)
  [12] C      1021.0s →  1142.0s  (121.0s)

✓ 特征已保存: /Users/jiaxuan/Desktop/Music Project/VariVis/backend/features/LBeethoven_OP121_8.json

LBeethoven_OP121_8: 加载 WAV…
  I    1.0s–364.0s … key=Gmin r=0.65  voiced=0.75  beats=468 ✓
  T    364.0s–406.0s … key=Gmaj r=0.89  voiced=0.60  beats=90 ✓
  V1   406.0s–446.0s … key=Gmaj r=0.81  voiced=0.70  beats=83 ✓
  V2   446.0s–490.0s … key=Gmaj r=0.81  voiced=0.69  beats=91 ✓
  V3   490.0s–540.0s … key=Gmaj r=0.89  voiced=0.73  beats=89 ✓
  V4   540.0s–582.0s … key=Gmaj r=0.94  voiced=0.54  beats=88 ✓
  V5   582.0s–626.0s … key=Gmaj r=0.95  voiced=0.69  beats=186 ✓
  V6   626.0s–666.0s … key=Gmaj r=0.86  voiced=0.65  beats=40 ✓
  V7   666.0s–727.0s … key=Gmaj r=0.67  voiced=0.83  beats=121 ✓
  V8   727.0s–771.0s … key=Gmaj r=0.72  voiced=0.66  beats=81 ✓
  V9   771.0s–909.0s … key=Gmin r=0.88  voiced=0.74  beats=181 ✓
  V10  909.0s–1021.0s … key=Gmin r=0.67  voiced=0.51  beats=197 ✓
  C    1021.0s–1142.0s … key=Gmaj r=0.90  voiced=0.62  beats=152 ✓
✓ 已保存: /Users/jiaxuan/Desktop/Music Project/VariVis/backend/features/LBeethoven_OP121_8.json
Sat Apr 25 00:31:24 AEST 2026: OK LBeethoven_OP121_8

============================================================
处理: LBeethoven_OP121_9
============================================================
曲目: Beethoven Kakadu Variations,Op. 121a
作曲: Ludwig van Beethoven
段落: ['I', 'T', 'V1', 'V2', 'V3', 'V4', 'V5', 'V6', 'V7', 'V8', 'V9', 'V10', 'C']  (13 段)
边界(秒): [1.0, 299.0, 335.0, 374.0, 416.0, 462.0, 502.0, 544.0, 582.0, 634.0, 674.0, 776.0, 898.0, 1004.0]

正在加载 WAV: LBeethoven_OP121_9.wav...
已加载: 1010.4s @ 48000Hz
  [ 0] I         1.0s →   299.0s  (298.0s)
  [ 1] T       299.0s →   335.0s  (36.0s)
  [ 2] V1      335.0s →   374.0s  (39.0s)
  [ 3] V2      374.0s →   416.0s  (42.0s)
  [ 4] V3      416.0s →   462.0s  (46.0s)
  [ 5] V4      462.0s →   502.0s  (40.0s)
  [ 6] V5      502.0s →   544.0s  (42.0s)
  [ 7] V6      544.0s →   582.0s  (38.0s)
  [ 8] V7      582.0s →   634.0s  (52.0s)
  [ 9] V8      634.0s →   674.0s  (40.0s)
  [10] V9      674.0s →   776.0s  (102.0s)
  [11] V10     776.0s →   898.0s  (122.0s)
  [12] C       898.0s →  1004.0s  (106.0s)

✓ 特征已保存: /Users/jiaxuan/Desktop/Music Project/VariVis/backend/features/LBeethoven_OP121_9.json

LBeethoven_OP121_9: 加载 WAV…
  I    1.0s–299.0s … key=Gmin r=0.66  voiced=0.74  beats=428 ✓
  T    299.0s–335.0s … key=Gmaj r=0.91  voiced=0.56  beats=93 ✓
  V1   335.0s–374.0s … key=Gmaj r=0.86  voiced=0.64  beats=86 ✓
  V2   374.0s–416.0s … key=Gmaj r=0.87  voiced=0.60  beats=89 ✓
  V3   416.0s–462.0s … key=Gmaj r=0.90  voiced=0.75  beats=89 ✓
  V4   462.0s–502.0s … key=Gmaj r=0.91  voiced=0.56  beats=91 ✓
  V5   502.0s–544.0s … key=Gmaj r=0.98  voiced=0.71  beats=87 ✓
  V6   544.0s–582.0s … key=Gmaj r=0.87  voiced=0.53  beats=90 ✓
  V7   582.0s–634.0s … key=Gmaj r=0.59  voiced=0.86  beats=123 ✓
  V8   634.0s–674.0s … key=Gmaj r=0.76  voiced=0.69  beats=92 ✓
  V9   674.0s–776.0s … key=Gmin r=0.82  voiced=0.75  beats=213 ✓
  V10  776.0s–898.0s … key=Gmin r=0.67  voiced=0.52  beats=199 ✓
  C    898.0s–1004.0s … key=Gmaj r=0.87  voiced=0.67  beats=201 ✓
✓ 已保存: /Users/jiaxuan/Desktop/Music Project/VariVis/backend/features/LBeethoven_OP121_9.json
Sat Apr 25 00:35:40 AEST 2026: OK LBeethoven_OP121_9

============================================================
处理: LBeethoven_WOO68_1
============================================================
曲目: 12 Variaciones para piano sobre “Menuett À La Vigano” de Haibel,WoO 68. Beethoven
作曲: Ludwig van Beethoven
段落: ['T', 'V1', 'V2', 'V3', 'V4', 'V5', 'V6', 'V7', 'V8', 'V9', 'V10', 'V11', 'V12', 'C']  (14 段)
边界(秒): [18.0, 58.0, 99.0, 136.0, 177.0, 229.0, 274.0, 326.0, 382.0, 430.0, 472.0, 518.0, 568.0, 675.0, 698.0]

正在加载 WAV: LBeethoven_WOO68_1.wav...
已加载: 708.8s @ 48000Hz
  [ 0] T        18.0s →    58.0s  (40.0s)
  [ 1] V1       58.0s →    99.0s  (41.0s)
  [ 2] V2       99.0s →   136.0s  (37.0s)
  [ 3] V3      136.0s →   177.0s  (41.0s)
  [ 4] V4      177.0s →   229.0s  (52.0s)
  [ 5] V5      229.0s →   274.0s  (45.0s)
  [ 6] V6      274.0s →   326.0s  (52.0s)
  [ 7] V7      326.0s →   382.0s  (56.0s)
  [ 8] V8      382.0s →   430.0s  (48.0s)
  [ 9] V9      430.0s →   472.0s  (42.0s)
  [10] V10     472.0s →   518.0s  (46.0s)
  [11] V11     518.0s →   568.0s  (50.0s)
  [12] V12     568.0s →   675.0s  (107.0s)
  [13] C       675.0s →   698.0s  (23.0s)

✓ 特征已保存: /Users/jiaxuan/Desktop/Music Project/VariVis/backend/features/LBeethoven_WOO68_1.json

LBeethoven_WOO68_1: 加载 WAV…
  T    18.0s–58.0s … key=Cmaj r=0.88  voiced=0.68  beats=102 ✓
  V1   58.0s–99.0s … key=Cmaj r=0.87  voiced=0.62  beats=63 ✓
  V2   99.0s–136.0s … key=Cmaj r=0.91  voiced=0.73  beats=84 ✓
  V3   136.0s–177.0s … key=Cmaj r=0.95  voiced=0.58  beats=100 ✓
  V4   177.0s–229.0s … key=Cmin r=0.90  voiced=0.65  beats=97 ✓
  V5   229.0s–274.0s … key=Cmaj r=0.78  voiced=0.61  beats=97 ✓
  V6   274.0s–326.0s … key=Cmaj r=0.89  voiced=0.81  beats=122 ✓
  V7   326.0s–382.0s … key=Cmin r=0.93  voiced=0.74  beats=119 ✓
  V8   382.0s–430.0s … key=Cmaj r=0.92  voiced=0.70  beats=77 ✓
  V9   430.0s–472.0s … key=Cmaj r=0.95  voiced=0.66  beats=97 ✓
  V10  472.0s–518.0s … key=Cmaj r=0.88  voiced=0.60  beats=56 ✓
  V11  518.0s–568.0s … key=Cmaj r=0.65  voiced=0.71  beats=108 ✓
  V12  568.0s–675.0s … key=Cmaj r=0.84  voiced=0.69  beats=241 ✓
  C    675.0s–698.0s … key=Cmaj r=0.85  voiced=0.82  beats=31 ✓
✓ 已保存: /Users/jiaxuan/Desktop/Music Project/VariVis/backend/features/LBeethoven_WOO68_1.json
Sat Apr 25 00:38:33 AEST 2026: OK LBeethoven_WOO68_1

============================================================
处理: LBeethoven_WOO68_2
============================================================
曲目: 12 Variaciones para piano sobre “Menuett À La Vigano” de Haibel,WoO 68. Beethoven
作曲: Ludwig van Beethoven
段落: ['T', 'V1', 'V2', 'V3', 'V4', 'V5', 'V6', 'V7', 'V8', 'V9', 'V10', 'V11', 'V12', 'C']  (14 段)
边界(秒): [17.0, 63.0, 107.0, 149.0, 198.0, 260.0, 304.0, 360.0, 416.0, 462.0, 507.0, 563.0, 616.0, 710.0, 729.0]

正在加载 WAV: LBeethoven_WOO68_2.wav...
已加载: 745.3s @ 48000Hz
  [ 0] T        17.0s →    63.0s  (46.0s)
  [ 1] V1       63.0s →   107.0s  (44.0s)
  [ 2] V2      107.0s →   149.0s  (42.0s)
  [ 3] V3      149.0s →   198.0s  (49.0s)
  [ 4] V4      198.0s →   260.0s  (62.0s)
  [ 5] V5      260.0s →   304.0s  (44.0s)
  [ 6] V6      304.0s →   360.0s  (56.0s)
  [ 7] V7      360.0s →   416.0s  (56.0s)
  [ 8] V8      416.0s →   462.0s  (46.0s)
  [ 9] V9      462.0s →   507.0s  (45.0s)
  [10] V10     507.0s →   563.0s  (56.0s)
  [11] V11     563.0s →   616.0s  (53.0s)
  [12] V12     616.0s →   710.0s  (94.0s)
  [13] C       710.0s →   729.0s  (19.0s)

✓ 特征已保存: /Users/jiaxuan/Desktop/Music Project/VariVis/backend/features/LBeethoven_WOO68_2.json

LBeethoven_WOO68_2: 加载 WAV…
  T    17.0s–63.0s … key=Gmaj r=0.81  voiced=0.68  beats=105 ✓
  V1   63.0s–107.0s … key=Cmaj r=0.78  voiced=0.66  beats=94 ✓
  V2   107.0s–149.0s … key=Gmaj r=0.89  voiced=0.75  beats=106 ✓
  V3   149.0s–198.0s … key=Gmaj r=0.83  voiced=0.69  beats=221 ✓
  V4   198.0s–260.0s … key=Cmin r=0.73  voiced=0.80  beats=106 ✓
  V5   260.0s–304.0s … key=Gmaj r=0.75  voiced=0.70  beats=106 ✓
  V6   304.0s–360.0s … key=Gmaj r=0.86  voiced=0.78  beats=182 ✓
  V7   360.0s–416.0s … key=Cmin r=0.78  voiced=0.68  beats=113 ✓
  V8   416.0s–462.0s … key=Gmaj r=0.83  voiced=0.67  beats=102 ✓
  V9   462.0s–507.0s … key=Gmaj r=0.88  voiced=0.66  beats=104 ✓
  V10  507.0s–563.0s … key=Gmaj r=0.89  voiced=0.68  beats=119 ✓
  V11  563.0s–616.0s … key=Gmaj r=0.71  voiced=0.72  beats=118 ✓
  V12  616.0s–710.0s … key=Gmaj r=0.86  voiced=0.67  beats=244 ✓
  C    710.0s–729.0s … key=Cmaj r=0.91  voiced=0.83  beats=30 ✓
✓ 已保存: /Users/jiaxuan/Desktop/Music Project/VariVis/backend/features/LBeethoven_WOO68_2.json
Sat Apr 25 05:42:15 AEST 2026: OK LBeethoven_WOO68_2

============================================================
处理: LBeethoven_WOO68_3
============================================================
曲目: 12 Variaciones para piano sobre “Menuett À La Vigano” de Haibel,WoO 68. Beethoven
作曲: Ludwig van Beethoven
段落: ['T', 'V1', 'V2', 'V3', 'V4', 'V5', 'V6', 'V7', 'V8', 'V9', 'V10', 'V11', 'V12', 'C']  (14 段)
边界(秒): [1.0, 41.0, 82.0, 119.0, 160.0, 212.0, 257.0, 309.0, 365.0, 413.0, 456.0, 501.0, 551.0, 658.0, 681.0]

正在加载 WAV: LBeethoven_WOO68_3.wav...
已加载: 684.7s @ 48000Hz
  [ 0] T         1.0s →    41.0s  (40.0s)
  [ 1] V1       41.0s →    82.0s  (41.0s)
  [ 2] V2       82.0s →   119.0s  (37.0s)
  [ 3] V3      119.0s →   160.0s  (41.0s)
  [ 4] V4      160.0s →   212.0s  (52.0s)
  [ 5] V5      212.0s →   257.0s  (45.0s)
  [ 6] V6      257.0s →   309.0s  (52.0s)
  [ 7] V7      309.0s →   365.0s  (56.0s)
  [ 8] V8      365.0s →   413.0s  (48.0s)
  [ 9] V9      413.0s →   456.0s  (43.0s)
  [10] V10     456.0s →   501.0s  (45.0s)
  [11] V11     501.0s →   551.0s  (50.0s)
  [12] V12     551.0s →   658.0s  (107.0s)
  [13] C       658.0s →   681.0s  (23.0s)

✓ 特征已保存: /Users/jiaxuan/Desktop/Music Project/VariVis/backend/features/LBeethoven_WOO68_3.json

LBeethoven_WOO68_3: 加载 WAV…
  T    1.0s–41.0s … key=Cmaj r=0.92  voiced=0.66  beats=100 ✓
  V1   41.0s–82.0s … key=Cmaj r=0.86  voiced=0.64  beats=94 ✓
  V2   82.0s–119.0s … key=Cmaj r=0.92  voiced=0.75  beats=84 ✓
  V3   119.0s–160.0s … key=Cmaj r=0.86  voiced=0.56  beats=101 ✓
  V4   160.0s–212.0s … key=Cmin r=0.83  voiced=0.63  beats=95 ✓
  V5   212.0s–257.0s … key=Cmaj r=0.77  voiced=0.60  beats=97 ✓
  V6   257.0s–309.0s … key=Cmaj r=0.88  voiced=0.81  beats=124 ✓
  V7   309.0s–365.0s … key=Cmin r=0.92  voiced=0.73  beats=120 ✓
  V8   365.0s–413.0s … key=Cmaj r=0.92  voiced=0.70  beats=99 ✓
  V9   413.0s–456.0s … key=Cmaj r=0.95  voiced=0.65  beats=98 ✓
  V10  456.0s–501.0s … key=Cmaj r=0.88  voiced=0.62  beats=73 ✓
  V11  501.0s–551.0s … key=Cmaj r=0.65  voiced=0.72  beats=108 ✓
  V12  551.0s–658.0s … key=Cmaj r=0.84  voiced=0.69  beats=241 ✓
  C    658.0s–681.0s … key=Cmaj r=0.85  voiced=0.78  beats=35 ✓
✓ 已保存: /Users/jiaxuan/Desktop/Music Project/VariVis/backend/features/LBeethoven_WOO68_3.json
Sat Apr 25 11:13:53 AEST 2026: OK LBeethoven_WOO68_3

============================================================
处理: LBeethoven_WOO68_4
============================================================
曲目: 12 Variaciones para piano sobre “Menuett À La Vigano” de Haibel,WoO 68. Beethoven
作曲: Ludwig van Beethoven
段落: ['T', 'V1', 'V2', 'V3', 'V4', 'V5', 'V6', 'V7', 'V8', 'V9', 'V10', 'V11', 'V12', 'C']  (14 段)
边界(秒): [1.0, 51.0, 99.0, 145.0, 199.0, 267.0, 319.0, 389.0, 457.0, 517.0, 575.0, 630.0, 698.0, 805.0, 851.0]

正在加载 WAV: LBeethoven_WOO68_4.wav...
已加载: 864.0s @ 48000Hz
  [ 0] T         1.0s →    51.0s  (50.0s)
  [ 1] V1       51.0s →    99.0s  (48.0s)
  [ 2] V2       99.0s →   145.0s  (46.0s)
  [ 3] V3      145.0s →   199.0s  (54.0s)
  [ 4] V4      199.0s →   267.0s  (68.0s)
  [ 5] V5      267.0s →   319.0s  (52.0s)
  [ 6] V6      319.0s →   389.0s  (70.0s)
  [ 7] V7      389.0s →   457.0s  (68.0s)
  [ 8] V8      457.0s →   517.0s  (60.0s)
  [ 9] V9      517.0s →   575.0s  (58.0s)
  [10] V10     575.0s →   630.0s  (55.0s)
  [11] V11     630.0s →   698.0s  (68.0s)
  [12] V12     698.0s →   805.0s  (107.0s)
  [13] C       805.0s →   851.0s  (46.0s)

✓ 特征已保存: /Users/jiaxuan/Desktop/Music Project/VariVis/backend/features/LBeethoven_WOO68_4.json

LBeethoven_WOO68_4: 加载 WAV…
  T    1.0s–51.0s … key=Cmaj r=0.87  voiced=0.70  beats=105 ✓
  V1   51.0s–99.0s … key=Cmaj r=0.86  voiced=0.63  beats=92 ✓
  V2   99.0s–145.0s … key=Cmaj r=0.89  voiced=0.68  beats=101 ✓
  V3   145.0s–199.0s … key=Cmaj r=0.90  voiced=0.63  beats=113 ✓
  V4   199.0s–267.0s … key=Cmin r=0.87  voiced=0.63  beats=83 ✓
  V5   267.0s–319.0s … key=Cmaj r=0.75  voiced=0.58  beats=116 ✓
  V6   319.0s–389.0s … key=Cmaj r=0.79  voiced=0.80  beats=200 ✓
  V7   389.0s–457.0s … key=Cmin r=0.86  voiced=0.73  beats=128 ✓
  V8   457.0s–517.0s … key=Cmaj r=0.85  voiced=0.75  beats=83 ✓
  V9   517.0s–575.0s … key=Cmaj r=0.86  voiced=0.54  beats=129 ✓
  V10  575.0s–630.0s … key=Cmaj r=0.92  voiced=0.57  beats=172 ✓
  V11  630.0s–698.0s … key=Cmaj r=0.76  voiced=0.74  beats=121 ✓
  V12  698.0s–805.0s … key=Cmaj r=0.81  voiced=0.63  beats=269 ✓
  C    805.0s–851.0s … key=Cmaj r=0.86  voiced=0.81  beats=181 ✓
✓ 已保存: /Users/jiaxuan/Desktop/Music Project/VariVis/backend/features/LBeethoven_WOO68_4.json
Sat Apr 25 11:59:23 AEST 2026: OK LBeethoven_WOO68_4

============================================================
处理: LBeethoven_WOO68_5
============================================================
曲目: 12 Variaciones para piano sobre “Menuett À La Vigano” de Haibel,WoO 68. Beethoven
作曲: Ludwig van Beethoven
段落: ['T', 'V1', 'V2', 'V3', 'V4', 'V5', 'V6', 'V7', 'V8', 'V9', 'V10', 'V11', 'V12', 'C']  (14 段)
边界(秒): [1.0, 32.0, 62.0, 92.0, 124.0, 163.0, 192.0, 230.0, 260.0, 291.0, 320.0, 353.0, 390.0, 495.0, 518.0]

正在加载 WAV: LBeethoven_WOO68_5.wav...
已加载: 526.3s @ 48000Hz
  [ 0] T         1.0s →    32.0s  (31.0s)
  [ 1] V1       32.0s →    62.0s  (30.0s)
  [ 2] V2       62.0s →    92.0s  (30.0s)
  [ 3] V3       92.0s →   124.0s  (32.0s)
  [ 4] V4      124.0s →   163.0s  (39.0s)
  [ 5] V5      163.0s →   192.0s  (29.0s)
  [ 6] V6      192.0s →   230.0s  (38.0s)
  [ 7] V7      230.0s →   260.0s  (30.0s)
  [ 8] V8      260.0s →   291.0s  (31.0s)
  [ 9] V9      291.0s →   320.0s  (29.0s)
  [10] V10     320.0s →   353.0s  (33.0s)
  [11] V11     353.0s →   390.0s  (37.0s)
  [12] V12     390.0s →   495.0s  (105.0s)
  [13] C       495.0s →   518.0s  (23.0s)

✓ 特征已保存: /Users/jiaxuan/Desktop/Music Project/VariVis/backend/features/LBeethoven_WOO68_5.json

LBeethoven_WOO68_5: 加载 WAV…
  T    1.0s–32.0s … key=Cmaj r=0.86  voiced=0.67  beats=65 ✓
  V1   32.0s–62.0s … key=Cmaj r=0.84  voiced=0.65  beats=54 ✓
  V2   62.0s–92.0s … key=Cmaj r=0.88  voiced=0.75  beats=59 ✓
  V3   92.0s–124.0s … key=Cmaj r=0.87  voiced=0.65  beats=65 ✓
  V4   124.0s–163.0s … key=Cmin r=0.76  voiced=0.66  beats=74 ✓
  V5   163.0s–192.0s … key=Cmaj r=0.74  voiced=0.62  beats=59 ✓
  V6   192.0s–230.0s … key=Cmaj r=0.88  voiced=0.81  beats=88 ✓
  V7   230.0s–260.0s … key=Cmin r=0.87  voiced=0.61  beats=54 ✓
  V8   260.0s–291.0s … key=Cmaj r=0.79  voiced=0.67  beats=48 ✓
  V9   291.0s–320.0s … key=Cmaj r=0.87  voiced=0.71  beats=56 ✓
  V10  320.0s–353.0s … key=Cmaj r=0.82  voiced=0.65  beats=75 ✓
  V11  353.0s–390.0s … key=Cmaj r=0.69  voiced=0.73  beats=59 ✓
  V12  390.0s–495.0s … key=Cmaj r=0.85  voiced=0.65  beats=252 ✓
  C    495.0s–518.0s … key=Cmaj r=0.81  voiced=0.77  beats=26 ✓
✓ 已保存: /Users/jiaxuan/Desktop/Music Project/VariVis/backend/features/LBeethoven_WOO68_5.json
Sat Apr 25 12:01:31 AEST 2026: OK LBeethoven_WOO68_5

============================================================
处理: LBeethoven_WOO68_6
============================================================
曲目: 12 Variaciones para piano sobre “Menuett À La Vigano” de Haibel,WoO 68. Beethoven
作曲: Ludwig van Beethoven
段落: ['T', 'V1', 'V2', 'V3', 'V4', 'V5', 'V6', 'V7', 'V8', 'V9', 'V10', 'V11', 'V12', 'C']  (14 段)
边界(秒): [3.0, 61.0, 113.0, 165.0, 217.0, 305.0, 361.0, 418.0, 540.0, 589.0, 653.0, 714.0, 806.0, 922.0, 948.0]

正在加载 WAV: LBeethoven_WOO68_6.wav...
已加载: 957.0s @ 48000Hz
  [ 0] T         3.0s →    61.0s  (58.0s)
  [ 1] V1       61.0s →   113.0s  (52.0s)
  [ 2] V2      113.0s →   165.0s  (52.0s)
  [ 3] V3      165.0s →   217.0s  (52.0s)
  [ 4] V4      217.0s →   305.0s  (88.0s)
  [ 5] V5      305.0s →   361.0s  (56.0s)
  [ 6] V6      361.0s →   418.0s  (57.0s)
  [ 7] V7      418.0s →   540.0s  (122.0s)
  [ 8] V8      540.0s →   589.0s  (49.0s)
  [ 9] V9      589.0s →   653.0s  (64.0s)
  [10] V10     653.0s →   714.0s  (61.0s)
  [11] V11     714.0s →   806.0s  (92.0s)
  [12] V12     806.0s →   922.0s  (116.0s)
  [13] C       922.0s →   948.0s  (26.0s)

✓ 特征已保存: /Users/jiaxuan/Desktop/Music Project/VariVis/backend/features/LBeethoven_WOO68_6.json

LBeethoven_WOO68_6: 加载 WAV…
  T    3.0s–61.0s … key=Cmaj r=0.88  voiced=0.87  beats=104 ✓
  V1   61.0s–113.0s … key=Cmaj r=0.85  voiced=0.73  beats=95 ✓
  V2   113.0s–165.0s … key=Cmaj r=0.94  voiced=0.73  beats=97 ✓
  V3   165.0s–217.0s … key=Cmaj r=0.89  voiced=0.72  beats=109 ✓
  V4   217.0s–305.0s … key=Cmin r=0.94  voiced=0.80  beats=185 ✓
  V5   305.0s–361.0s … key=Cmaj r=0.78  voiced=0.69  beats=115 ✓
  V6   361.0s–418.0s … key=Cmaj r=0.85  voiced=0.82  beats=117 ✓
  V7   418.0s–540.0s … key=Cmin r=0.92  voiced=0.85  beats=211 ✓
  V8   540.0s–589.0s … key=Cmaj r=0.87  voiced=0.65  beats=107 ✓
  V9   589.0s–653.0s … key=Cmaj r=0.89  voiced=0.73  beats=105 ✓
  V10  653.0s–714.0s … key=Cmaj r=0.90  voiced=0.71  beats=150 ✓
  V11  714.0s–806.0s … key=Gmaj r=0.77  voiced=0.83  beats=225 ✓
  V12  806.0s–922.0s … key=Cmaj r=0.87  voiced=0.78  beats=239 ✓
  C    922.0s–948.0s … key=Cmaj r=0.86  voiced=0.84  beats=44 ✓
✓ 已保存: /Users/jiaxuan/Desktop/Music Project/VariVis/backend/features/LBeethoven_WOO68_6.json
Sat Apr 25 12:05:24 AEST 2026: OK LBeethoven_WOO68_6

============================================================
处理: LBeethoven_WOO78_1
============================================================
曲目: 7 Variations on God Save the King,WoO 78
作曲: Ludwig van Beethoven
段落: ['T', 'V1', 'V2', 'V3', 'V4', 'V5', 'V6', 'V7', 'C']  (9 段)
边界(秒): [18.0, 75.0, 120.0, 158.0, 199.0, 244.0, 300.0, 351.0, 393.0, 460.0]

正在加载 WAV: LBeethoven_WOO78_1.wav...
已加载: 478.9s @ 48000Hz
  [ 0] T        18.0s →    75.0s  (57.0s)
  [ 1] V1       75.0s →   120.0s  (45.0s)
  [ 2] V2      120.0s →   158.0s  (38.0s)
  [ 3] V3      158.0s →   199.0s  (41.0s)
  [ 4] V4      199.0s →   244.0s  (45.0s)
  [ 5] V5      244.0s →   300.0s  (56.0s)
  [ 6] V6      300.0s →   351.0s  (51.0s)
  [ 7] V7      351.0s →   393.0s  (42.0s)
  [ 8] C       393.0s →   460.0s  (67.0s)

✓ 特征已保存: /Users/jiaxuan/Desktop/Music Project/VariVis/backend/features/LBeethoven_WOO78_1.json

LBeethoven_WOO78_1: 加载 WAV…
  T    18.0s–75.0s … key=Cmaj r=0.83  voiced=0.74  beats=80 ✓
  V1   75.0s–120.0s … key=Cmaj r=0.83  voiced=0.81  beats=147 ✓
  V2   120.0s–158.0s … key=Cmaj r=0.84  voiced=0.65  beats=77 ✓
  V3   158.0s–199.0s … key=Cmaj r=0.90  voiced=0.61  beats=89 ✓
  V4   199.0s–244.0s … key=Cmaj r=0.86  voiced=0.51  beats=127 ✓
  V5   244.0s–300.0s … key=Cmin r=0.89  voiced=0.79  beats=128 ✓
  V6   300.0s–351.0s … key=Cmaj r=0.91  voiced=0.64  beats=100 ✓
  V7   351.0s–393.0s … key=Cmaj r=0.89  voiced=0.72  beats=98 ✓
  C    393.0s–460.0s … key=Cmaj r=0.86  voiced=0.66  beats=109 ✓
✓ 已保存: /Users/jiaxuan/Desktop/Music Project/VariVis/backend/features/LBeethoven_WOO78_1.json
Sat Apr 25 12:07:46 AEST 2026: OK LBeethoven_WOO78_1

============================================================
处理: LBeethoven_WOO78_2
============================================================
曲目: 7 Variations on God Save the King,WoO 78
作曲: Ludwig van Beethoven
段落: ['T', 'V1', 'V2', 'V3', 'V4', 'V5', 'V6', 'V7', 'C']  (9 段)
边界(秒): [1.0, 68.0, 124.0, 170.0, 215.0, 263.0, 346.0, 402.0, 454.0, 520.0]

正在加载 WAV: LBeethoven_WOO78_2.wav...
已加载: 527.6s @ 48000Hz
  [ 0] T         1.0s →    68.0s  (67.0s)
  [ 1] V1       68.0s →   124.0s  (56.0s)
  [ 2] V2      124.0s →   170.0s  (46.0s)
  [ 3] V3      170.0s →   215.0s  (45.0s)
  [ 4] V4      215.0s →   263.0s  (48.0s)
  [ 5] V5      263.0s →   346.0s  (83.0s)
  [ 6] V6      346.0s →   402.0s  (56.0s)
  [ 7] V7      402.0s →   454.0s  (52.0s)
  [ 8] C       454.0s →   520.0s  (66.0s)

✓ 特征已保存: /Users/jiaxuan/Desktop/Music Project/VariVis/backend/features/LBeethoven_WOO78_2.json

LBeethoven_WOO78_2: 加载 WAV…
  T    1.0s–68.0s … key=Cmaj r=0.82  voiced=0.75  beats=79 ✓
  V1   68.0s–124.0s … key=Cmaj r=0.86  voiced=0.72  beats=89 ✓
  V2   124.0s–170.0s … key=Cmaj r=0.85  voiced=0.62  beats=101 ✓
  V3   170.0s–215.0s … key=Cmaj r=0.89  voiced=0.70  beats=86 ✓
  V4   215.0s–263.0s … key=Cmaj r=0.74  voiced=0.67  beats=150 ✓
  V5   263.0s–346.0s … key=Cmin r=0.79  voiced=0.86  beats=237 ✓
  V6   346.0s–402.0s … key=Cmaj r=0.89  voiced=0.62  beats=91 ✓
  V7   402.0s–454.0s … key=Cmaj r=0.80  voiced=0.72  beats=77 ✓
  C    454.0s–520.0s … key=Cmaj r=0.72  voiced=0.66  beats=238 ✓
✓ 已保存: /Users/jiaxuan/Desktop/Music Project/VariVis/backend/features/LBeethoven_WOO78_2.json
Sat Apr 25 12:42:32 AEST 2026: OK LBeethoven_WOO78_2

============================================================
处理: LBeethoven_WOO78_3
============================================================
曲目: 7 Variations on God Save the King,WoO 78
作曲: Ludwig van Beethoven
段落: ['T', 'V1', 'V2', 'V3', 'V4', 'V5', 'V6', 'V7', 'C']  (9 段)
边界(秒): [1.0, 53.0, 94.0, 130.0, 173.0, 200.0, 290.0, 344.0, 384.0, 480.0]

正在加载 WAV: LBeethoven_WOO78_3.wav...
已加载: 486.0s @ 48000Hz
  [ 0] T         1.0s →    53.0s  (52.0s)
  [ 1] V1       53.0s →    94.0s  (41.0s)
  [ 2] V2       94.0s →   130.0s  (36.0s)
  [ 3] V3      130.0s →   173.0s  (43.0s)
  [ 4] V4      173.0s →   200.0s  (27.0s)
  [ 5] V5      200.0s →   290.0s  (90.0s)
  [ 6] V6      290.0s →   344.0s  (54.0s)
  [ 7] V7      344.0s →   384.0s  (40.0s)
  [ 8] C       384.0s →   480.0s  (96.0s)

✓ 特征已保存: /Users/jiaxuan/Desktop/Music Project/VariVis/backend/features/LBeethoven_WOO78_3.json

LBeethoven_WOO78_3: 加载 WAV…
  T    1.0s–53.0s … key=Cmaj r=0.84  voiced=0.75  beats=77 ✓
  V1   53.0s–94.0s … key=Cmaj r=0.83  voiced=0.77  beats=76 ✓
  V2   94.0s–130.0s … key=Cmaj r=0.88  voiced=0.72  beats=73 ✓
  V3   130.0s–173.0s … key=Cmaj r=0.86  voiced=0.70  beats=171 ✓
  V4   173.0s–200.0s … key=Cmaj r=0.75  voiced=0.46  beats=44 ✓
  V5   200.0s–290.0s … key=Cmin r=0.87  voiced=0.88  beats=243 ✓
  V6   290.0s–344.0s … key=Cmaj r=0.84  voiced=0.58  beats=109 ✓
  V7   344.0s–384.0s … key=Cmaj r=0.85  voiced=0.80  beats=106 ✓
  C    384.0s–480.0s … key=Cmaj r=0.87  voiced=0.73  beats=366 ✓
✓ 已保存: /Users/jiaxuan/Desktop/Music Project/VariVis/backend/features/LBeethoven_WOO78_3.json
Sat Apr 25 12:50:24 AEST 2026: OK LBeethoven_WOO78_3

============================================================
处理: LBeethoven_WOO78_4
============================================================
曲目: 7 Variations on God Save the King,WoO 78
作曲: Ludwig van Beethoven
段落: ['T', 'V1', 'V2', 'V3', 'V4', 'V5', 'V6', 'V7', 'C']  (9 段)
边界(秒): [28.0, 85.0, 130.0, 178.0, 233.0, 285.0, 369.0, 429.0, 485.0, 559.0]

正在加载 WAV: LBeethoven_WOO78_4.wav...
已加载: 574.6s @ 48000Hz
  [ 0] T        28.0s →    85.0s  (57.0s)
  [ 1] V1       85.0s →   130.0s  (45.0s)
  [ 2] V2      130.0s →   178.0s  (48.0s)
  [ 3] V3      178.0s →   233.0s  (55.0s)
  [ 4] V4      233.0s →   285.0s  (52.0s)
  [ 5] V5      285.0s →   369.0s  (84.0s)
  [ 6] V6      369.0s →   429.0s  (60.0s)
  [ 7] V7      429.0s →   485.0s  (56.0s)
  [ 8] C       485.0s →   559.0s  (74.0s)

✓ 特征已保存: /Users/jiaxuan/Desktop/Music Project/VariVis/backend/features/LBeethoven_WOO78_4.json

LBeethoven_WOO78_4: 加载 WAV…
  T    28.0s–85.0s … key=Cmaj r=0.80  voiced=0.73  beats=83 ✓
  V1   85.0s–130.0s … key=Cmaj r=0.87  voiced=0.67  beats=86 ✓
  V2   130.0s–178.0s … key=Cmaj r=0.85  voiced=0.69  beats=165 ✓
  V3   178.0s–233.0s … key=Cmaj r=0.82  voiced=0.65  beats=175 ✓
  V4   233.0s–285.0s … key=Cmaj r=0.80  voiced=0.58  beats=87 ✓
  V5   285.0s–369.0s … key=Cmin r=0.89  voiced=0.80  beats=264 ✓
  V6   369.0s–429.0s … key=Cmaj r=0.85  voiced=0.70  beats=110 ✓
  V7   429.0s–485.0s … key=Cmaj r=0.86  voiced=0.73  beats=107 ✓
  C    485.0s–559.0s … key=Cmaj r=0.80  voiced=0.67  beats=223 ✓
✓ 已保存: /Users/jiaxuan/Desktop/Music Project/VariVis/backend/features/LBeethoven_WOO78_4.json
Sat Apr 25 12:55:14 AEST 2026: OK LBeethoven_WOO78_4

============================================================
处理: LBeethoven_WOO78_5
============================================================
曲目: 7 Variations on God Save the King,WoO 78
作曲: Ludwig van Beethoven
段落: ['T', 'V1', 'V2', 'V3', 'V4', 'V5', 'V6', 'V7', 'C']  (9 段)
边界(秒): [1.0, 56.0, 105.0, 147.0, 191.0, 233.0, 302.0, 358.0, 406.0, 478.0]

正在加载 WAV: LBeethoven_WOO78_5.wav...
已加载: 490.7s @ 48000Hz
  [ 0] T         1.0s →    56.0s  (55.0s)
  [ 1] V1       56.0s →   105.0s  (49.0s)
  [ 2] V2      105.0s →   147.0s  (42.0s)
  [ 3] V3      147.0s →   191.0s  (44.0s)
  [ 4] V4      191.0s →   233.0s  (42.0s)
  [ 5] V5      233.0s →   302.0s  (69.0s)
  [ 6] V6      302.0s →   358.0s  (56.0s)
  [ 7] V7      358.0s →   406.0s  (48.0s)
  [ 8] C       406.0s →   478.0s  (72.0s)

✓ 特征已保存: /Users/jiaxuan/Desktop/Music Project/VariVis/backend/features/LBeethoven_WOO78_5.json

LBeethoven_WOO78_5: 加载 WAV…
  T    1.0s–56.0s … key=Cmaj r=0.85  voiced=0.72  beats=78 ✓
  V1   56.0s–105.0s … key=Cmaj r=0.79  voiced=0.71  beats=79 ✓
  V2   105.0s–147.0s … key=Cmaj r=0.79  voiced=0.64  beats=80 ✓
  V3   147.0s–191.0s … key=Cmaj r=0.84  voiced=0.64  beats=85 ✓
  V4   191.0s–233.0s … key=Cmaj r=0.81  voiced=0.57  beats=71 ✓
  V5   233.0s–302.0s … key=Cmin r=0.87  voiced=0.81  beats=124 ✓
  V6   302.0s–358.0s … key=Cmaj r=0.82  voiced=0.70  beats=104 ✓
  V7   358.0s–406.0s … key=Cmaj r=0.87  voiced=0.68  beats=94 ✓
  C    406.0s–478.0s … key=Cmaj r=0.80  voiced=0.63  beats=63 ✓
✓ 已保存: /Users/jiaxuan/Desktop/Music Project/VariVis/backend/features/LBeethoven_WOO78_5.json
Sat Apr 25 12:57:15 AEST 2026: OK LBeethoven_WOO78_5

============================================================
处理: LBeethoven_WOO78_6
============================================================
曲目: 7 Variations on God Save the King,WoO 78
作曲: Ludwig van Beethoven
段落: ['T', 'V1', 'V2', 'V3', 'V4', 'V5', 'V6', 'V7', 'C']  (9 段)
边界(秒): [6.0, 56.0, 99.0, 136.0, 175.0, 217.0, 297.0, 344.0, 387.0, 454.0]

正在加载 WAV: LBeethoven_WOO78_6.wav...
已加载: 460.3s @ 48000Hz
  [ 0] T         6.0s →    56.0s  (50.0s)
  [ 1] V1       56.0s →    99.0s  (43.0s)
  [ 2] V2       99.0s →   136.0s  (37.0s)
  [ 3] V3      136.0s →   175.0s  (39.0s)
  [ 4] V4      175.0s →   217.0s  (42.0s)
  [ 5] V5      217.0s →   297.0s  (80.0s)
  [ 6] V6      297.0s →   344.0s  (47.0s)
  [ 7] V7      344.0s →   387.0s  (43.0s)
  [ 8] C       387.0s →   454.0s  (67.0s)

✓ 特征已保存: /Users/jiaxuan/Desktop/Music Project/VariVis/backend/features/LBeethoven_WOO78_6.json

LBeethoven_WOO78_6: 加载 WAV…
  T    6.0s–56.0s … key=Cmaj r=0.90  voiced=0.73  beats=79 ✓
  V1   56.0s–99.0s … key=Cmaj r=0.91  voiced=0.64  beats=75 ✓
  V2   99.0s–136.0s … key=Cmaj r=0.92  voiced=0.47  beats=79 ✓
  V3   136.0s–175.0s … key=Cmaj r=0.90  voiced=0.52  beats=87 ✓
  V4   175.0s–217.0s … key=Cmaj r=0.88  voiced=0.51  beats=83 ✓
  V5   217.0s–297.0s … key=Cmin r=0.87  voiced=0.80  beats=133 ✓
  V6   297.0s–344.0s … key=Cmaj r=0.94  voiced=0.61  beats=105 ✓
  V7   344.0s–387.0s … key=Cmaj r=0.94  voiced=0.61  beats=88 ✓
  C    387.0s–454.0s … key=Cmaj r=0.85  voiced=0.55  beats=80 ✓
✓ 已保存: /Users/jiaxuan/Desktop/Music Project/VariVis/backend/features/LBeethoven_WOO78_6.json
Sat Apr 25 12:59:08 AEST 2026: OK LBeethoven_WOO78_6

============================================================
处理: LBeethoven_OP34_2
============================================================
曲目: Beethoven - 6 Variations in F Major,Op. 34
作曲: Ludwig van Beethoven
段落: ['T', 'V1', 'V2', 'V3', 'V4', 'V5', 'V6', 'C']  (8 段)
边界(秒): [2.0, 82.0, 174.0, 238.0, 308.0, 394.0, 531.0, 602.0, 778.0]

正在加载 WAV: LBeethoven_OP34_2.wav...
已加载: 790.8s @ 48000Hz
  [ 0] T         2.0s →    82.0s  (80.0s)
  [ 1] V1       82.0s →   174.0s  (92.0s)
  [ 2] V2      174.0s →   238.0s  (64.0s)
  [ 3] V3      238.0s →   308.0s  (70.0s)
  [ 4] V4      308.0s →   394.0s  (86.0s)
  [ 5] V5      394.0s →   531.0s  (137.0s)
  [ 6] V6      531.0s →   602.0s  (71.0s)
  [ 7] C       602.0s →   778.0s  (176.0s)

✓ 特征已保存: /Users/jiaxuan/Desktop/Music Project/VariVis/backend/features/LBeethoven_OP34_2.json

LBeethoven_OP34_2: 加载 WAV…
  T    2.0s–82.0s … key=Fmaj r=0.83  voiced=0.85  beats=81 ✓
  V1   82.0s–174.0s … key=Dmaj r=0.83  voiced=0.79  beats=166 ✓
  V2   174.0s–238.0s … key=A#maj r=0.83  voiced=0.79  beats=98 ✓
  V3   238.0s–308.0s … key=Gmaj r=0.86  voiced=0.76  beats=135 ✓
  V4   308.0s–394.0s … key=D#maj r=0.90  voiced=0.81  beats=208 ✓
  V5   394.0s–531.0s … key=Cmin r=0.81  voiced=0.68  beats=189 ✓
  V6   531.0s–602.0s … key=Cmaj r=0.76  voiced=0.77  beats=148 ✓
  C    602.0s–778.0s … key=Fmaj r=0.81  voiced=0.82  beats=508 ✓
✓ 已保存: /Users/jiaxuan/Desktop/Music Project/VariVis/backend/features/LBeethoven_OP34_2.json
Sat Apr 25 13:02:23 AEST 2026: OK LBeethoven_OP34_2

============================================================
处理: LBeethoven_OP34_3
============================================================
曲目: Beethoven - 6 Variations in F Major,Op. 34
作曲: Ludwig van Beethoven
段落: ['T', 'V1', 'V2', 'V3', 'V4', 'V5', 'V6', 'C']  (8 段)
边界(秒): [7.0, 84.0, 166.0, 223.0, 292.0, 371.0, 519.0, 577.0, 748.0]

正在加载 WAV: LBeethoven_OP34_3.wav...
已加载: 755.8s @ 48000Hz
  [ 0] T         7.0s →    84.0s  (77.0s)
  [ 1] V1       84.0s →   166.0s  (82.0s)
  [ 2] V2      166.0s →   223.0s  (57.0s)
  [ 3] V3      223.0s →   292.0s  (69.0s)
  [ 4] V4      292.0s →   371.0s  (79.0s)
  [ 5] V5      371.0s →   519.0s  (148.0s)
  [ 6] V6      519.0s →   577.0s  (58.0s)
  [ 7] C       577.0s →   748.0s  (171.0s)

✓ 特征已保存: /Users/jiaxuan/Desktop/Music Project/VariVis/backend/features/LBeethoven_OP34_3.json

LBeethoven_OP34_3: 加载 WAV…
  T    7.0s–84.0s … key=Fmaj r=0.78  voiced=0.74  beats=141 ✓
  V1   84.0s–166.0s … key=Dmaj r=0.83  voiced=0.80  beats=183 ✓
  V2   166.0s–223.0s … key=A#maj r=0.88  voiced=0.59  beats=75 ✓
  V3   223.0s–292.0s … key=Gmaj r=0.86  voiced=0.76  beats=145 ✓
  V4   292.0s–371.0s … key=D#maj r=0.92  voiced=0.74  beats=229 ✓
  V5   371.0s–519.0s … key=Cmin r=0.76  voiced=0.69  beats=228 ✓
  V6   519.0s–577.0s … key=Cmaj r=0.67  voiced=0.74  beats=110 ✓
  C    577.0s–748.0s … key=Cmaj r=0.76  voiced=0.76  beats=270 ✓
✓ 已保存: /Users/jiaxuan/Desktop/Music Project/VariVis/backend/features/LBeethoven_OP34_3.json
Sat Apr 25 13:05:31 AEST 2026: OK LBeethoven_OP34_3

============================================================
处理: LBeethoven_OP34_4
============================================================
曲目: Beethoven - 6 Variations in F Major,Op. 34
作曲: Ludwig van Beethoven
段落: ['T', 'V1', 'V2', 'V3', 'V4', 'V5', 'V6', 'C']  (8 段)
边界(秒): [3.0, 98.0, 208.0, 271.0, 351.0, 462.0, 598.0, 667.0, 862.0]

正在加载 WAV: LBeethoven_OP34_4.wav...
已加载: 872.9s @ 48000Hz
  [ 0] T         3.0s →    98.0s  (95.0s)
  [ 1] V1       98.0s →   208.0s  (110.0s)
  [ 2] V2      208.0s →   271.0s  (63.0s)
  [ 3] V3      271.0s →   351.0s  (80.0s)
  [ 4] V4      351.0s →   462.0s  (111.0s)
  [ 5] V5      462.0s →   598.0s  (136.0s)
  [ 6] V6      598.0s →   667.0s  (69.0s)
  [ 7] C       667.0s →   862.0s  (195.0s)

✓ 特征已保存: /Users/jiaxuan/Desktop/Music Project/VariVis/backend/features/LBeethoven_OP34_4.json

LBeethoven_OP34_4: 加载 WAV…
  T    3.0s–98.0s … key=Fmaj r=0.74  voiced=0.81  beats=186 ✓
  V1   98.0s–208.0s … key=Dmaj r=0.70  voiced=0.83  beats=159 ✓
  V2   208.0s–271.0s … key=A#maj r=0.86  voiced=0.67  beats=214 ✓
  V3   271.0s–351.0s … key=Gmaj r=0.76  voiced=0.77  beats=159 ✓
  V4   351.0s–462.0s … key=D#maj r=0.93  voiced=0.81  beats=209 ✓
  V5   462.0s–598.0s … key=Cmin r=0.73  voiced=0.73  beats=212 ✓
  V6   598.0s–667.0s … key=Fmaj r=0.50  voiced=0.80  beats=151 ✓
  C    667.0s–862.0s … key=Fmaj r=0.70  voiced=0.78  beats=554 ✓
✓ 已保存: /Users/jiaxuan/Desktop/Music Project/VariVis/backend/features/LBeethoven_OP34_4.json
Sat Apr 25 13:09:09 AEST 2026: OK LBeethoven_OP34_4

============================================================
处理: LBeethoven_OP34_5
============================================================
Traceback (most recent call last):
  File "/Users/jiaxuan/Desktop/Music Project/VariVis/backend/extract_features.py", line 541, in <module>
    main()
  File "/Users/jiaxuan/Desktop/Music Project/VariVis/backend/extract_features.py", line 529, in main
    data = process_file(args.target, args.frames, args.sr)
           ^^^^^^^^^^^^^^^^^^^^^^^^^^^^^^^^^^^^^^^^^^^^^^^
  File "/Users/jiaxuan/Desktop/Music Project/VariVis/backend/extract_features.py", line 391, in process_file
    boundaries_sec = [mmss_to_seconds(b) for b in boundary_raw]
                     ^^^^^^^^^^^^^^^^^^^^^^^^^^^^^^^^^^^^^^^^^^
  File "/Users/jiaxuan/Desktop/Music Project/VariVis/backend/extract_features.py", line 391, in <listcomp>
    boundaries_sec = [mmss_to_seconds(b) for b in boundary_raw]
                      ^^^^^^^^^^^^^^^^^^
  File "/Users/jiaxuan/Desktop/Music Project/VariVis/backend/extract_features.py", line 72, in mmss_to_seconds
    minutes = int(value)
              ^^^^^^^^^^
ValueError: invalid literal for int() with base 10: '13.27]'
Sat Apr 25 13:09:10 AEST 2026: FAIL extract LBeethoven_OP34_5

============================================================
处理: LBeethoven_OP34_6
============================================================
曲目: Beethoven - 6 Variations in F Major,Op. 34
作曲: Ludwig van Beethoven
段落: ['T', 'V1', 'V2', 'V3', 'V4', 'V5', 'V6', 'C']  (8 段)
边界(秒): [5.0, 85.0, 164.0, 227.0, 297.0, 394.0, 524.0, 586.0, 755.0]

正在加载 WAV: LBeethoven_OP34_6.wav...
已加载: 789.3s @ 48000Hz
  [ 0] T         5.0s →    85.0s  (80.0s)
  [ 1] V1       85.0s →   164.0s  (79.0s)
  [ 2] V2      164.0s →   227.0s  (63.0s)
  [ 3] V3      227.0s →   297.0s  (70.0s)
  [ 4] V4      297.0s →   394.0s  (97.0s)
  [ 5] V5      394.0s →   524.0s  (130.0s)
  [ 6] V6      524.0s →   586.0s  (62.0s)
  [ 7] C       586.0s →   755.0s  (169.0s)

✓ 特征已保存: /Users/jiaxuan/Desktop/Music Project/VariVis/backend/features/LBeethoven_OP34_6.json

LBeethoven_OP34_6: 加载 WAV…
  T    5.0s–85.0s … key=Fmaj r=0.77  voiced=0.78  beats=140 ✓
  V1   85.0s–164.0s … key=Dmaj r=0.87  voiced=0.69  beats=171 ✓
  V2   164.0s–227.0s … key=A#maj r=0.92  voiced=0.54  beats=120 ✓
  V3   227.0s–297.0s … key=Gmaj r=0.88  voiced=0.68  beats=150 ✓
  V4   297.0s–394.0s … key=D#maj r=0.80  voiced=0.73  beats=221 ✓
  V5   394.0s–524.0s … key=Cmin r=0.79  voiced=0.67  beats=325 ✓
  V6   524.0s–586.0s … key=Cmaj r=0.65  voiced=0.67  beats=105 ✓
  C    586.0s–755.0s … key=Fmaj r=0.74  voiced=0.71  beats=304 ✓
✓ 已保存: /Users/jiaxuan/Desktop/Music Project/VariVis/backend/features/LBeethoven_OP34_6.json
Sat Apr 25 13:12:21 AEST 2026: OK LBeethoven_OP34_6

============================================================
处理: LBeethoven_OP34_7
============================================================
曲目: Beethoven - 6 Variations in F Major,Op. 34
作曲: Ludwig van Beethoven
段落: ['T', 'V1', 'V2', 'V3', 'V4', 'V5', 'V6', 'C']  (8 段)
边界(秒): [1.0, 112.0, 217.0, 291.0, 376.0, 509.0, 637.0, 703.0, 900.0]

正在加载 WAV: LBeethoven_OP34_7.wav...
已加载: 909.4s @ 48000Hz
  [ 0] T         1.0s →   112.0s  (111.0s)
  [ 1] V1      112.0s →   217.0s  (105.0s)
  [ 2] V2      217.0s →   291.0s  (74.0s)
  [ 3] V3      291.0s →   376.0s  (85.0s)
  [ 4] V4      376.0s →   509.0s  (133.0s)
  [ 5] V5      509.0s →   637.0s  (128.0s)
  [ 6] V6      637.0s →   703.0s  (66.0s)
  [ 7] C       703.0s →   900.0s  (197.0s)

✓ 特征已保存: /Users/jiaxuan/Desktop/Music Project/VariVis/backend/features/LBeethoven_OP34_7.json

LBeethoven_OP34_7: 加载 WAV…
  T    1.0s–112.0s … key=Fmaj r=0.85  voiced=0.84  beats=93 ✓
  V1   112.0s–217.0s … key=Dmaj r=0.87  voiced=0.83  beats=195 ✓
  V2   217.0s–291.0s … key=A#maj r=0.86  voiced=0.59  beats=141 ✓
  V3   291.0s–376.0s … key=Gmaj r=0.83  voiced=0.76  beats=171 ✓
  V4   376.0s–509.0s … key=D#maj r=0.83  voiced=0.77  beats=279 ✓
  V5   509.0s–637.0s … key=Cmin r=0.66  voiced=0.60  beats=228 ✓
  V6   637.0s–703.0s … key=Cmaj r=0.59  voiced=0.78  beats=142 ✓
  C    703.0s–900.0s … key=Fmaj r=0.82  voiced=0.76  beats=681 ✓
✓ 已保存: /Users/jiaxuan/Desktop/Music Project/VariVis/backend/features/LBeethoven_OP34_7.json
Sat Apr 25 13:20:16 AEST 2026: OK LBeethoven_OP34_7

============================================================
处理: LBeethoven_OP34_8
============================================================
曲目: Beethoven - 6 Variations in F Major,Op. 34
作曲: Ludwig van Beethoven
段落: ['T', 'V1', 'V2', 'V3', 'V4', 'V5', 'V6', 'C']  (8 段)
边界(秒): [2.0, 98.0, 214.0, 282.0, 371.0, 480.0, 618.0, 691.0, 901.0]

正在加载 WAV: LBeethoven_OP34_8.wav...
已加载: 912.0s @ 48000Hz
  [ 0] T         2.0s →    98.0s  (96.0s)
  [ 1] V1       98.0s →   214.0s  (116.0s)
  [ 2] V2      214.0s →   282.0s  (68.0s)
  [ 3] V3      282.0s →   371.0s  (89.0s)
  [ 4] V4      371.0s →   480.0s  (109.0s)
  [ 5] V5      480.0s →   618.0s  (138.0s)
  [ 6] V6      618.0s →   691.0s  (73.0s)
  [ 7] C       691.0s →   901.0s  (210.0s)

✓ 特征已保存: /Users/jiaxuan/Desktop/Music Project/VariVis/backend/features/LBeethoven_OP34_8.json

LBeethoven_OP34_8: 加载 WAV…
  T    2.0s–98.0s … key=Fmaj r=0.67  voiced=0.74  beats=173 ✓
  V1   98.0s–214.0s … key=Dmaj r=0.69  voiced=0.78  beats=164 ✓
  V2   214.0s–282.0s … key=A#maj r=0.79  voiced=0.60  beats=228 ✓
  V3   282.0s–371.0s … key=Gmaj r=0.83  voiced=0.66  beats=292 ✓
  V4   371.0s–480.0s … key=D#maj r=0.69  voiced=0.75  beats=213 ✓
  V5   480.0s–618.0s … key=Cmin r=0.72  voiced=0.65  beats=210 ✓
  V6   618.0s–691.0s … key=Fmin r=0.63  voiced=0.65  beats=107 ✓
  C    691.0s–901.0s … key=Fmaj r=0.74  voiced=0.73  beats=654 ✓
✓ 已保存: /Users/jiaxuan/Desktop/Music Project/VariVis/backend/features/LBeethoven_OP34_8.json
Sat Apr 25 13:24:05 AEST 2026: OK LBeethoven_OP34_8

============================================================
处理: LBeethoven_OP35_1
============================================================
曲目: Friedrich Gulda - Beethoven - Eroica Variations in E-flat major,Op 35
作曲: Ludwig van Beethoven
段落: ['I', 'T', 'V1', 'V2', 'V3', 'V4', 'V5', 'V6', 'V7', 'V8', 'V9', 'V10', 'V11', 'V12', 'V13', 'V14', 'V15', 'C']  (18 段)
边界(秒): [6.0, 186.0, 228.0, 265.0, 316.0, 356.0, 388.0, 441.0, 474.0, 512.0, 574.0, 613.0, 650.0, 695.0, 736.0, 781.0, 854.0, 1179.0, 1459.0]

正在加载 WAV: LBeethoven_OP35_1.wav...
已加载: 1469.6s @ 48000Hz
  [ 0] I         6.0s →   186.0s  (180.0s)
  [ 1] T       186.0s →   228.0s  (42.0s)
  [ 2] V1      228.0s →   265.0s  (37.0s)
  [ 3] V2      265.0s →   316.0s  (51.0s)
  [ 4] V3      316.0s →   356.0s  (40.0s)
  [ 5] V4      356.0s →   388.0s  (32.0s)
  [ 6] V5      388.0s →   441.0s  (53.0s)
  [ 7] V6      441.0s →   474.0s  (33.0s)
  [ 8] V7      474.0s →   512.0s  (38.0s)
  [ 9] V8      512.0s →   574.0s  (62.0s)
  [10] V9      574.0s →   613.0s  (39.0s)
  [11] V10     613.0s →   650.0s  (37.0s)
  [12] V11     650.0s →   695.0s  (45.0s)
  [13] V12     695.0s →   736.0s  (41.0s)
  [14] V13     736.0s →   781.0s  (45.0s)
  [15] V14     781.0s →   854.0s  (73.0s)
  [16] V15     854.0s →  1179.0s  (325.0s)
  [17] C      1179.0s →  1459.0s  (280.0s)

✓ 特征已保存: /Users/jiaxuan/Desktop/Music Project/VariVis/backend/features/LBeethoven_OP35_1.json

LBeethoven_OP35_1: 加载 WAV…
  I    6.0s–186.0s … key=D#maj r=0.78  voiced=0.76  beats=322 ✓
  T    186.0s–228.0s … key=D#maj r=0.89  voiced=0.60  beats=105 ✓
  V1   228.0s–265.0s … key=D#maj r=0.69  voiced=0.65  beats=135 ✓
  V2   265.0s–316.0s … key=D#maj r=0.73  voiced=0.61  beats=90 ✓
  V3   316.0s–356.0s … key=D#maj r=0.77  voiced=0.44  beats=71 ✓
  V4   356.0s–388.0s … key=D#maj r=0.79  voiced=0.51  beats=55 ✓
  V5   388.0s–441.0s … key=D#maj r=0.71  voiced=0.80  beats=71 ✓
  V6   441.0s–474.0s … key=Fmin r=0.67  voiced=0.65  beats=46 ✓
  V7   474.0s–512.0s … key=D#maj r=0.80  voiced=0.74  beats=66 ✓
  V8   512.0s–574.0s … key=D#maj r=0.76  voiced=0.64  beats=83 ✓
  V9   574.0s–613.0s … key=D#min r=0.64  voiced=0.48  beats=33 ✓
  V10  613.0s–650.0s … key=Bmaj r=0.42  voiced=0.80  beats=81 ✓
  V11  650.0s–695.0s … key=D#maj r=0.64  voiced=0.63  beats=71 ✓
  V12  695.0s–736.0s … key=D#maj r=0.77  voiced=0.70  beats=76 ✓
  V13  736.0s–781.0s … key=D#maj r=0.75  voiced=0.46  beats=68 ✓
  V14  781.0s–854.0s … key=D#min r=0.78  voiced=0.87  beats=127 ✓
  V15  854.0s–1179.0s … key=D#maj r=0.96  voiced=0.74  beats=570 ✓
  C    1179.0s–1459.0s … key=D#maj r=0.83  voiced=0.63  beats=553 ✓
✓ 已保存: /Users/jiaxuan/Desktop/Music Project/VariVis/backend/features/LBeethoven_OP35_1.json
Sat Apr 25 13:30:17 AEST 2026: OK LBeethoven_OP35_1

============================================================
处理: LBeethoven_OP35_2
============================================================
曲目: Friedrich Gulda - Beethoven - Eroica Variations in E-flat major,Op 35
作曲: Ludwig van Beethoven
段落: ['I', 'T', 'V1', 'V2', 'V3', 'V4', 'V5', 'V6', 'V7', 'V8', 'V9', 'V10', 'V11', 'V12', 'V13', 'V14', 'V15', 'C']  (18 段)
边界(秒): [3.0, 169.0, 210.0, 244.0, 291.0, 328.0, 365.0, 425.0, 459.0, 497.0, 556.0, 591.0, 630.0, 682.0, 721.0, 760.0, 824.0, 1153.0, 1415.0]

正在加载 WAV: LBeethoven_OP35_2.wav...
已加载: 1421.7s @ 48000Hz
  [ 0] I         3.0s →   169.0s  (166.0s)
  [ 1] T       169.0s →   210.0s  (41.0s)
  [ 2] V1      210.0s →   244.0s  (34.0s)
  [ 3] V2      244.0s →   291.0s  (47.0s)
  [ 4] V3      291.0s →   328.0s  (37.0s)
  [ 5] V4      328.0s →   365.0s  (37.0s)
  [ 6] V5      365.0s →   425.0s  (60.0s)
  [ 7] V6      425.0s →   459.0s  (34.0s)
  [ 8] V7      459.0s →   497.0s  (38.0s)
  [ 9] V8      497.0s →   556.0s  (59.0s)
  [10] V9      556.0s →   591.0s  (35.0s)
  [11] V10     591.0s →   630.0s  (39.0s)
  [12] V11     630.0s →   682.0s  (52.0s)
  [13] V12     682.0s →   721.0s  (39.0s)
  [14] V13     721.0s →   760.0s  (39.0s)
  [15] V14     760.0s →   824.0s  (64.0s)
  [16] V15     824.0s →  1153.0s  (329.0s)
  [17] C      1153.0s →  1415.0s  (262.0s)

✓ 特征已保存: /Users/jiaxuan/Desktop/Music Project/VariVis/backend/features/LBeethoven_OP35_2.json

LBeethoven_OP35_2: 加载 WAV…
  I    3.0s–169.0s … key=D#maj r=0.83  voiced=0.77  beats=335 ✓
  T    169.0s–210.0s … key=D#maj r=0.86  voiced=0.62  beats=66 ✓
  V1   210.0s–244.0s … key=D#maj r=0.77  voiced=0.74  beats=58 ✓
  V2   244.0s–291.0s … key=D#maj r=0.80  voiced=0.53  beats=90 ✓
  V3   291.0s–328.0s … key=D#maj r=0.84  voiced=0.38  beats=69 ✓
  V4   328.0s–365.0s … key=D#maj r=0.86  voiced=0.50  beats=66 ✓
  V5   365.0s–425.0s … key=D#maj r=0.74  voiced=0.74  beats=68 ✓
  V6   425.0s–459.0s … key=Cmin r=0.69  voiced=0.72  beats=71 ✓
  V7   459.0s–497.0s … key=D#maj r=0.87  voiced=0.68  beats=64 ✓
  V8   497.0s–556.0s … key=D#maj r=0.80  voiced=0.63  beats=68 ✓
  V9   556.0s–591.0s … key=D#maj r=0.70  voiced=0.30  beats=72 ✓
  V10  591.0s–630.0s … key=D#min r=0.56  voiced=0.76  beats=87 ✓
  V11  630.0s–682.0s … key=D#maj r=0.72  voiced=0.60  beats=160 ✓
  V12  682.0s–721.0s … key=D#maj r=0.81  voiced=0.62  beats=80 ✓
  V13  721.0s–760.0s … key=D#maj r=0.83  voiced=0.40  beats=68 ✓
  V14  760.0s–824.0s … key=D#min r=0.83  voiced=0.83  beats=126 ✓
  V15  824.0s–1153.0s … key=D#maj r=0.89  voiced=0.71  beats=769 ✓
  C    1153.0s–1415.0s … key=D#maj r=0.88  voiced=0.61  beats=571 ✓
✓ 已保存: /Users/jiaxuan/Desktop/Music Project/VariVis/backend/features/LBeethoven_OP35_2.json
Sat Apr 25 13:36:20 AEST 2026: OK LBeethoven_OP35_2

============================================================
处理: LBeethoven_OP35_3
============================================================
曲目: Friedrich Gulda - Beethoven - Eroica Variations in E-flat major,Op 35
作曲: Ludwig van Beethoven
段落: ['I', 'T', 'V1', 'V2', 'V3', 'V4', 'V5', 'V6', 'V7', 'V8', 'V9', 'V10', 'V11', 'V12', 'V13', 'V14', 'V15', 'C']  (18 段)
边界(秒): [2.0, 157.0, 195.0, 227.0, 275.0, 312.0, 346.0, 392.0, 425.0, 460.0, 505.0, 547.0, 586.0, 632.0, 668.0, 708.0, 765.0, 1103.0, 1370.0]

正在加载 WAV: LBeethoven_OP35_3.wav...
已加载: 1405.1s @ 48000Hz
  [ 0] I         2.0s →   157.0s  (155.0s)
  [ 1] T       157.0s →   195.0s  (38.0s)
  [ 2] V1      195.0s →   227.0s  (32.0s)
  [ 3] V2      227.0s →   275.0s  (48.0s)
  [ 4] V3      275.0s →   312.0s  (37.0s)
  [ 5] V4      312.0s →   346.0s  (34.0s)
  [ 6] V5      346.0s →   392.0s  (46.0s)
  [ 7] V6      392.0s →   425.0s  (33.0s)
  [ 8] V7      425.0s →   460.0s  (35.0s)
  [ 9] V8      460.0s →   505.0s  (45.0s)
  [10] V9      505.0s →   547.0s  (42.0s)
  [11] V10     547.0s →   586.0s  (39.0s)
  [12] V11     586.0s →   632.0s  (46.0s)
  [13] V12     632.0s →   668.0s  (36.0s)
  [14] V13     668.0s →   708.0s  (40.0s)
  [15] V14     708.0s →   765.0s  (57.0s)
  [16] V15     765.0s →  1103.0s  (338.0s)
  [17] C      1103.0s →  1370.0s  (267.0s)

✓ 特征已保存: /Users/jiaxuan/Desktop/Music Project/VariVis/backend/features/LBeethoven_OP35_3.json

LBeethoven_OP35_3: 加载 WAV…
  I    2.0s–157.0s … key=D#maj r=0.83  voiced=0.75  beats=306 ✓
  T    157.0s–195.0s … key=D#maj r=0.85  voiced=0.61  beats=108 ✓
  V1   195.0s–227.0s … key=D#maj r=0.82  voiced=0.53  beats=64 ✓
  V2   227.0s–275.0s … key=D#maj r=0.79  voiced=0.50  beats=84 ✓
  V3   275.0s–312.0s … key=D#maj r=0.82  voiced=0.58  beats=68 ✓
  V4   312.0s–346.0s … key=D#maj r=0.87  voiced=0.62  beats=50 ✓
  V5   346.0s–392.0s … key=D#maj r=0.80  voiced=0.79  beats=63 ✓
  V6   392.0s–425.0s … key=Cmin r=0.74  voiced=0.70  beats=65 ✓
  V7   425.0s–460.0s … key=D#maj r=0.88  voiced=0.71  beats=64 ✓
  V8   460.0s–505.0s … key=D#maj r=0.86  voiced=0.62  beats=36 ✓
  V9   505.0s–547.0s … key=D#maj r=0.71  voiced=0.59  beats=104 ✓
  V10  547.0s–586.0s … key=D#min r=0.61  voiced=0.73  beats=61 ✓
  V11  586.0s–632.0s … key=D#maj r=0.77  voiced=0.57  beats=69 ✓
  V12  632.0s–668.0s … key=D#maj r=0.87  voiced=0.53  beats=68 ✓
  V13  668.0s–708.0s … key=D#maj r=0.84  voiced=0.45  beats=64 ✓
  V14  708.0s–765.0s … key=D#min r=0.84  voiced=0.85  beats=97 ✓
  V15  765.0s–1103.0s … key=D#maj r=0.90  voiced=0.71  beats=593 ✓
  C    1103.0s–1370.0s … key=D#maj r=0.90  voiced=0.65  beats=571 ✓
✓ 已保存: /Users/jiaxuan/Desktop/Music Project/VariVis/backend/features/LBeethoven_OP35_3.json
Sat Apr 25 13:42:09 AEST 2026: OK LBeethoven_OP35_3

============================================================
处理: LBeethoven_OP35_4
============================================================
曲目: Friedrich Gulda - Beethoven - Eroica Variations in E-flat major,Op 35
作曲: Ludwig van Beethoven
段落: ['I', 'T', 'V1', 'V2', 'V3', 'V4', 'V5', 'V6', 'V7', 'V8', 'V9', 'V10', 'V11', 'V12', 'V13', 'V14', 'V15', 'C']  (18 段)
边界(秒): [8.0, 169.0, 207.0, 240.0, 286.0, 322.0, 356.0, 420.0, 454.0, 492.0, 545.0, 580.0, 617.0, 672.0, 708.0, 747.0, 803.0, 1121.0, 1378.0]

正在加载 WAV: LBeethoven_OP35_4.wav...
已加载: 1387.4s @ 48000Hz
  [ 0] I         8.0s →   169.0s  (161.0s)
  [ 1] T       169.0s →   207.0s  (38.0s)
  [ 2] V1      207.0s →   240.0s  (33.0s)
  [ 3] V2      240.0s →   286.0s  (46.0s)
  [ 4] V3      286.0s →   322.0s  (36.0s)
  [ 5] V4      322.0s →   356.0s  (34.0s)
  [ 6] V5      356.0s →   420.0s  (64.0s)
  [ 7] V6      420.0s →   454.0s  (34.0s)
  [ 8] V7      454.0s →   492.0s  (38.0s)
  [ 9] V8      492.0s →   545.0s  (53.0s)
  [10] V9      545.0s →   580.0s  (35.0s)
  [11] V10     580.0s →   617.0s  (37.0s)
  [12] V11     617.0s →   672.0s  (55.0s)
  [13] V12     672.0s →   708.0s  (36.0s)
  [14] V13     708.0s →   747.0s  (39.0s)
  [15] V14     747.0s →   803.0s  (56.0s)
  [16] V15     803.0s →  1121.0s  (318.0s)
  [17] C      1121.0s →  1378.0s  (257.0s)

✓ 特征已保存: /Users/jiaxuan/Desktop/Music Project/VariVis/backend/features/LBeethoven_OP35_4.json

LBeethoven_OP35_4: 加载 WAV…
  I    8.0s–169.0s … key=D#maj r=0.82  voiced=0.74  beats=321 ✓
  T    169.0s–207.0s … key=D#maj r=0.88  voiced=0.58  beats=48 ✓
  V1   207.0s–240.0s … key=D#maj r=0.79  voiced=0.70  beats=61 ✓
  V2   240.0s–286.0s … key=A#maj r=0.78  voiced=0.62  beats=62 ✓
  V3   286.0s–322.0s … key=D#maj r=0.80  voiced=0.55  beats=68 ✓
  V4   322.0s–356.0s … key=A#maj r=0.71  voiced=0.56  beats=65 ✓
  V5   356.0s–420.0s … key=D#maj r=0.78  voiced=0.70  beats=73 ✓
  V6   420.0s–454.0s … key=Cmin r=0.77  voiced=0.72  beats=59 ✓
  V7   454.0s–492.0s … key=D#maj r=0.89  voiced=0.69  beats=68 ✓
  V8   492.0s–545.0s … key=A#maj r=0.83  voiced=0.54  beats=79 ✓
  V9   545.0s–580.0s … key=A#maj r=0.73  voiced=0.35  beats=70 ✓
  V10  580.0s–617.0s … key=D#min r=0.51  voiced=0.80  beats=76 ✓
  V11  617.0s–672.0s … key=D#maj r=0.71  voiced=0.69  beats=139 ✓
  V12  672.0s–708.0s … key=D#maj r=0.73  voiced=0.65  beats=80 ✓
  V13  708.0s–747.0s … key=D#maj r=0.79  voiced=0.58  beats=74 ✓
  V14  747.0s–803.0s … key=D#min r=0.80  voiced=0.87  beats=105 ✓
  V15  803.0s–1121.0s … key=A#maj r=0.88  voiced=0.73  beats=667 ✓
  C    1121.0s–1378.0s … key=D#maj r=0.85  voiced=0.67  beats=564 ✓
✓ 已保存: /Users/jiaxuan/Desktop/Music Project/VariVis/backend/features/LBeethoven_OP35_4.json
Sat Apr 25 13:47:58 AEST 2026: OK LBeethoven_OP35_4

============================================================
处理: LBeethoven_OP35_5
============================================================
曲目: Friedrich Gulda - Beethoven - Eroica Variations in E-flat major,Op 35
作曲: Ludwig van Beethoven
段落: ['I', 'T', 'V1', 'V2', 'V3', 'V4', 'V5', 'V6', 'V7', 'V8', 'V9', 'V10', 'V11', 'V12', 'V13', 'V14', 'V15', 'C']  (18 段)
边界(秒): [1.0, 152.0, 186.0, 218.0, 268.0, 306.0, 339.0, 381.0, 414.0, 450.0, 498.0, 531.0, 563.0, 599.0, 633.0, 670.0, 733.0, 1046.0, 1334.0]

正在加载 WAV: LBeethoven_OP35_5.wav...
已加载: 1340.2s @ 48000Hz
  [ 0] I         1.0s →   152.0s  (151.0s)
  [ 1] T       152.0s →   186.0s  (34.0s)
  [ 2] V1      186.0s →   218.0s  (32.0s)
  [ 3] V2      218.0s →   268.0s  (50.0s)
  [ 4] V3      268.0s →   306.0s  (38.0s)
  [ 5] V4      306.0s →   339.0s  (33.0s)
  [ 6] V5      339.0s →   381.0s  (42.0s)
  [ 7] V6      381.0s →   414.0s  (33.0s)
  [ 8] V7      414.0s →   450.0s  (36.0s)
  [ 9] V8      450.0s →   498.0s  (48.0s)
  [10] V9      498.0s →   531.0s  (33.0s)
  [11] V10     531.0s →   563.0s  (32.0s)
  [12] V11     563.0s →   599.0s  (36.0s)
  [13] V12     599.0s →   633.0s  (34.0s)
  [14] V13     633.0s →   670.0s  (37.0s)
  [15] V14     670.0s →   733.0s  (63.0s)
  [16] V15     733.0s →  1046.0s  (313.0s)
  [17] C      1046.0s →  1334.0s  (288.0s)

✓ 特征已保存: /Users/jiaxuan/Desktop/Music Project/VariVis/backend/features/LBeethoven_OP35_5.json

LBeethoven_OP35_5: 加载 WAV…
  I    1.0s–152.0s … key=D#maj r=0.80  voiced=0.75  beats=288 ✓
  T    152.0s–186.0s … key=D#maj r=0.79  voiced=0.66  beats=61 ✓
  V1   186.0s–218.0s … key=D#maj r=0.74  voiced=0.52  beats=64 ✓
  V2   218.0s–268.0s … key=D#maj r=0.74  voiced=0.46  beats=98 ✓
  V3   268.0s–306.0s … key=D#maj r=0.74  voiced=0.46  beats=68 ✓
  V4   306.0s–339.0s … key=D#maj r=0.64  voiced=0.44  beats=63 ✓
  V5   339.0s–381.0s … key=D#maj r=0.69  voiced=0.81  beats=133 ✓
  V6   381.0s–414.0s … key=Fmin r=0.70  voiced=0.65  beats=65 ✓
  V7   414.0s–450.0s … key=D#maj r=0.82  voiced=0.64  beats=64 ✓
  V8   450.0s–498.0s … key=D#maj r=0.73  voiced=0.64  beats=72 ✓
  V9   498.0s–531.0s … key=D#min r=0.58  voiced=0.28  beats=69 ✓
  V10  531.0s–563.0s … key=Bmaj r=0.49  voiced=0.70  beats=79 ✓
  V11  563.0s–599.0s … key=D#maj r=0.68  voiced=0.64  beats=66 ✓
  V12  599.0s–633.0s … key=D#maj r=0.77  voiced=0.42  beats=69 ✓
  V13  633.0s–670.0s … key=D#maj r=0.71  voiced=0.42  beats=108 ✓
  V14  670.0s–733.0s … key=D#min r=0.76  voiced=0.86  beats=105 ✓
  V15  733.0s–1046.0s … key=D#maj r=0.91  voiced=0.65  beats=569 ✓
  C    1046.0s–1334.0s … key=D#maj r=0.82  voiced=0.62  beats=694 ✓
✓ 已保存: /Users/jiaxuan/Desktop/Music Project/VariVis/backend/features/LBeethoven_OP35_5.json
Sat Apr 25 13:53:40 AEST 2026: OK LBeethoven_OP35_5

============================================================
处理: LBeethoven_OP35_6
============================================================
曲目: Friedrich Gulda - Beethoven - Eroica Variations in E-flat major,Op 35
作曲: Ludwig van Beethoven
段落: ['I', 'T', 'V1', 'V2', 'V3', 'V4', 'V5', 'V6', 'V7', 'V8', 'V9', 'V10', 'V11', 'V12', 'V13', 'V14', 'V15', 'C']  (18 段)
边界(秒): [3.0, 160.0, 197.0, 232.0, 280.0, 319.0, 356.0, 420.0, 453.0, 492.0, 546.0, 582.0, 619.0, 668.0, 707.0, 745.0, 818.0, 1145.0, 1405.0]

正在加载 WAV: LBeethoven_OP35_6.wav...
已加载: 1410.2s @ 48000Hz
  [ 0] I         3.0s →   160.0s  (157.0s)
  [ 1] T       160.0s →   197.0s  (37.0s)
  [ 2] V1      197.0s →   232.0s  (35.0s)
  [ 3] V2      232.0s →   280.0s  (48.0s)
  [ 4] V3      280.0s →   319.0s  (39.0s)
  [ 5] V4      319.0s →   356.0s  (37.0s)
  [ 6] V5      356.0s →   420.0s  (64.0s)
  [ 7] V6      420.0s →   453.0s  (33.0s)
  [ 8] V7      453.0s →   492.0s  (39.0s)
  [ 9] V8      492.0s →   546.0s  (54.0s)
  [10] V9      546.0s →   582.0s  (36.0s)
  [11] V10     582.0s →   619.0s  (37.0s)
  [12] V11     619.0s →   668.0s  (49.0s)
  [13] V12     668.0s →   707.0s  (39.0s)
  [14] V13     707.0s →   745.0s  (38.0s)
  [15] V14     745.0s →   818.0s  (73.0s)
  [16] V15     818.0s →  1145.0s  (327.0s)
  [17] C      1145.0s →  1405.0s  (260.0s)

✓ 特征已保存: /Users/jiaxuan/Desktop/Music Project/VariVis/backend/features/LBeethoven_OP35_6.json

LBeethoven_OP35_6: 加载 WAV…
  I    3.0s–160.0s … key=D#maj r=0.84  voiced=0.70  beats=325 ✓
  T    160.0s–197.0s … key=D#maj r=0.88  voiced=0.63  beats=137 ✓
  V1   197.0s–232.0s … key=D#maj r=0.77  voiced=0.65  beats=63 ✓
  V2   232.0s–280.0s … key=A#maj r=0.78  voiced=0.59  beats=88 ✓
  V3   280.0s–319.0s … key=A#maj r=0.77  voiced=0.42  beats=71 ✓
  V4   319.0s–356.0s … key=A#maj r=0.69  voiced=0.64  beats=66 ✓
  V5   356.0s–420.0s … key=D#maj r=0.73  voiced=0.74  beats=77 ✓
  V6   420.0s–453.0s … key=Cmaj r=0.70  voiced=0.68  beats=43 ✓
  V7   453.0s–492.0s … key=D#maj r=0.89  voiced=0.71  beats=68 ✓
  V8   492.0s–546.0s … key=A#maj r=0.83  voiced=0.63  beats=84 ✓
  V9   546.0s–582.0s … key=A#maj r=0.64  voiced=0.41  beats=75 ✓
  V10  582.0s–619.0s … key=D#min r=0.47  voiced=0.70  beats=76 ✓
  V11  619.0s–668.0s … key=A#min r=0.43  voiced=0.59  beats=141 ✓
  V12  668.0s–707.0s … key=A#maj r=0.78  voiced=0.65  beats=73 ✓
  V13  707.0s–745.0s … key=D#maj r=0.75  voiced=0.43  beats=71 ✓
  V14  745.0s–818.0s … key=D#min r=0.77  voiced=0.83  beats=133 ✓
  V15  818.0s–1145.0s … key=D#maj r=0.87  voiced=0.73  beats=697 ✓
  C    1145.0s–1405.0s … key=D#maj r=0.80  voiced=0.66  beats=570 ✓
✓ 已保存: /Users/jiaxuan/Desktop/Music Project/VariVis/backend/features/LBeethoven_OP35_6.json
Sat Apr 25 13:59:38 AEST 2026: OK LBeethoven_OP35_6

============================================================
处理: LBeethoven_OP35_7
============================================================
曲目: Friedrich Gulda - Beethoven - Eroica Variations in E-flat major,Op 35
作曲: Ludwig van Beethoven
段落: ['I', 'T', 'V1', 'V2', 'V3', 'V4', 'V5', 'V6', 'V7', 'V8', 'V9', 'V10', 'V11', 'V12', 'V13', 'V14', 'V15', 'C']  (18 段)
边界(秒): [1.0, 164.0, 202.0, 237.0, 286.0, 323.0, 354.0, 412.0, 445.0, 478.0, 532.0, 570.0, 608.0, 647.0, 685.0, 730.0, 781.0, 1090.0, 1346.0]

正在加载 WAV: LBeethoven_OP35_7.wav...
已加载: 1370.3s @ 48000Hz
  [ 0] I         1.0s →   164.0s  (163.0s)
  [ 1] T       164.0s →   202.0s  (38.0s)
  [ 2] V1      202.0s →   237.0s  (35.0s)
  [ 3] V2      237.0s →   286.0s  (49.0s)
  [ 4] V3      286.0s →   323.0s  (37.0s)
  [ 5] V4      323.0s →   354.0s  (31.0s)
  [ 6] V5      354.0s →   412.0s  (58.0s)
  [ 7] V6      412.0s →   445.0s  (33.0s)
  [ 8] V7      445.0s →   478.0s  (33.0s)
  [ 9] V8      478.0s →   532.0s  (54.0s)
  [10] V9      532.0s →   570.0s  (38.0s)
  [11] V10     570.0s →   608.0s  (38.0s)
  [12] V11     608.0s →   647.0s  (39.0s)
  [13] V12     647.0s →   685.0s  (38.0s)
  [14] V13     685.0s →   730.0s  (45.0s)
  [15] V14     730.0s →   781.0s  (51.0s)
  [16] V15     781.0s →  1090.0s  (309.0s)
  [17] C      1090.0s →  1346.0s  (256.0s)

✓ 特征已保存: /Users/jiaxuan/Desktop/Music Project/VariVis/backend/features/LBeethoven_OP35_7.json

LBeethoven_OP35_7: 加载 WAV…
  I    1.0s–164.0s … key=D#maj r=0.92  voiced=0.75  beats=263 ✓
  T    164.0s–202.0s … key=D#maj r=0.95  voiced=0.76  beats=66 ✓
  V1   202.0s–237.0s … key=D#maj r=0.89  voiced=0.81  beats=65 ✓
  V2   237.0s–286.0s … key=D#maj r=0.74  voiced=0.52  beats=90 ✓
  V3   286.0s–323.0s … key=D#maj r=0.89  voiced=0.48  beats=70 ✓
  V4   323.0s–354.0s … key=D#maj r=0.85  voiced=0.66  beats=59 ✓
  V5   354.0s–412.0s … key=D#maj r=0.87  voiced=0.81  beats=135 ✓
  V6   412.0s–445.0s … key=Cmin r=0.74  voiced=0.65  beats=65 ✓
  V7   445.0s–478.0s … key=D#maj r=0.96  voiced=0.65  beats=65 ✓
  V8   478.0s–532.0s … key=D#maj r=0.86  voiced=0.60  beats=76 ✓
  V9   532.0s–570.0s … key=D#maj r=0.80  voiced=0.44  beats=72 ✓
  V10  570.0s–608.0s … key=Bmaj r=0.47  voiced=0.82  beats=76 ✓
  V11  608.0s–647.0s … key=D#maj r=0.69  voiced=0.68  beats=77 ✓
  V12  647.0s–685.0s … key=D#maj r=0.82  voiced=0.54  beats=72 ✓
  V13  685.0s–730.0s … key=D#maj r=0.85  voiced=0.31  beats=65 ✓
  V14  730.0s–781.0s … key=D#min r=0.83  voiced=0.80  beats=120 ✓
  V15  781.0s–1090.0s … key=D#maj r=0.93  voiced=0.77  beats=678 ✓
  C    1090.0s–1346.0s … key=D#maj r=0.95  voiced=0.69  beats=535 ✓
✓ 已保存: /Users/jiaxuan/Desktop/Music Project/VariVis/backend/features/LBeethoven_OP35_7.json
Sat Apr 25 14:05:18 AEST 2026: OK LBeethoven_OP35_7

============================================================
处理: LBeethoven_OP35_8
============================================================
曲目: Friedrich Gulda - Beethoven - Eroica Variations in E-flat major,Op 35
作曲: Ludwig van Beethoven
段落: ['I', 'T', 'V1', 'V2', 'V3', 'V4', 'V5', 'V6', 'V7', 'V8', 'V9', 'V10', 'V11', 'V12', 'V13', 'V14', 'V15', 'C']  (18 段)
边界(秒): [1.0, 168.0, 204.0, 237.0, 290.0, 327.0, 361.0, 401.0, 434.0, 472.0, 516.0, 561.0, 592.0, 628.0, 669.0, 715.0, 761.0, 1028.0, 1265.0]

正在加载 WAV: LBeethoven_OP35_8.wav...
已加载: 1269.6s @ 48000Hz
  [ 0] I         1.0s →   168.0s  (167.0s)
  [ 1] T       168.0s →   204.0s  (36.0s)
  [ 2] V1      204.0s →   237.0s  (33.0s)
  [ 3] V2      237.0s →   290.0s  (53.0s)
  [ 4] V3      290.0s →   327.0s  (37.0s)
  [ 5] V4      327.0s →   361.0s  (34.0s)
  [ 6] V5      361.0s →   401.0s  (40.0s)
  [ 7] V6      401.0s →   434.0s  (33.0s)
  [ 8] V7      434.0s →   472.0s  (38.0s)
  [ 9] V8      472.0s →   516.0s  (44.0s)
  [10] V9      516.0s →   561.0s  (45.0s)
  [11] V10     561.0s →   592.0s  (31.0s)
  [12] V11     592.0s →   628.0s  (36.0s)
  [13] V12     628.0s →   669.0s  (41.0s)
  [14] V13     669.0s →   715.0s  (46.0s)
  [15] V14     715.0s →   761.0s  (46.0s)
  [16] V15     761.0s →  1028.0s  (267.0s)
  [17] C      1028.0s →  1265.0s  (237.0s)

✓ 特征已保存: /Users/jiaxuan/Desktop/Music Project/VariVis/backend/features/LBeethoven_OP35_8.json

LBeethoven_OP35_8: 加载 WAV…
  I    1.0s–168.0s … key=D#maj r=0.80  voiced=0.78  beats=266 ✓
  T    168.0s–204.0s … key=D#maj r=0.82  voiced=0.65  beats=128 ✓
  V1   204.0s–237.0s … key=D#maj r=0.75  voiced=0.73  beats=50 ✓
  V2   237.0s–290.0s … key=D#maj r=0.75  voiced=0.62  beats=159 ✓
  V3   290.0s–327.0s … key=D#maj r=0.81  voiced=0.36  beats=73 ✓
  V4   327.0s–361.0s … key=D#maj r=0.80  voiced=0.53  beats=67 ✓
  V5   361.0s–401.0s … key=D#maj r=0.71  voiced=0.69  beats=68 ✓
  V6   401.0s–434.0s … key=Fmin r=0.67  voiced=0.57  beats=67 ✓
  V7   434.0s–472.0s … key=D#maj r=0.88  voiced=0.70  beats=62 ✓
  V8   472.0s–516.0s … key=D#maj r=0.80  voiced=0.66  beats=40 ✓
  V9   516.0s–561.0s … key=D#maj r=0.72  voiced=0.41  beats=115 ✓
  V10  561.0s–592.0s … key=D#min r=0.54  voiced=0.70  beats=128 ✓
  V11  592.0s–628.0s … key=D#maj r=0.72  voiced=0.58  beats=64 ✓
  V12  628.0s–669.0s … key=D#maj r=0.74  voiced=0.57  beats=55 ✓
  V13  669.0s–715.0s … key=D#maj r=0.78  voiced=0.41  beats=64 ✓
  V14  715.0s–761.0s … key=D#min r=0.78  voiced=0.87  beats=65 ✓
  V15  761.0s–1028.0s … key=D#maj r=0.88  voiced=0.71  beats=541 ✓
  C    1028.0s–1265.0s … key=D#maj r=0.78  voiced=0.59  beats=518 ✓
✓ 已保存: /Users/jiaxuan/Desktop/Music Project/VariVis/backend/features/LBeethoven_OP35_8.json
Sat Apr 25 14:10:45 AEST 2026: OK LBeethoven_OP35_8

============================================================
处理: LBeethoven_OP76_1
============================================================
曲目: Ludwig van Beethoven - Variations on an original theme Op. 76
作曲: Ludwig van Beethoven
段落: ['T', 'V1', 'V2', 'V3', 'V4', 'V5', 'V6', 'C']  (8 段)
边界(秒): [9.0, 43.0, 76.0, 111.0, 157.0, 193.0, 227.0, 301.0, 327.0]

正在加载 WAV: LBeethoven_OP76_1.wav...
已加载: 340.0s @ 48000Hz
  [ 0] T         9.0s →    43.0s  (34.0s)
  [ 1] V1       43.0s →    76.0s  (33.0s)
  [ 2] V2       76.0s →   111.0s  (35.0s)
  [ 3] V3      111.0s →   157.0s  (46.0s)
  [ 4] V4      157.0s →   193.0s  (36.0s)
  [ 5] V5      193.0s →   227.0s  (34.0s)
  [ 6] V6      227.0s →   301.0s  (74.0s)
  [ 7] C       301.0s →   327.0s  (26.0s)

✓ 特征已保存: /Users/jiaxuan/Desktop/Music Project/VariVis/backend/features/LBeethoven_OP76_1.json

LBeethoven_OP76_1: 加载 WAV…
  T    9.0s–43.0s … key=Dmaj r=0.76  voiced=0.59  beats=62 ✓
  V1   43.0s–76.0s … key=Dmaj r=0.89  voiced=0.73  beats=55 ✓
  V2   76.0s–111.0s … key=Amaj r=0.80  voiced=0.64  beats=60 ✓
  V3   111.0s–157.0s … key=Dmaj r=0.76  voiced=0.68  beats=100 ✓
  V4   157.0s–193.0s … key=Dmaj r=0.71  voiced=0.72  beats=48 ✓
  V5   193.0s–227.0s … key=Dmaj r=0.83  voiced=0.57  beats=90 ✓
  V6   227.0s–301.0s … key=Dmaj r=0.85  voiced=0.49  beats=214 ✓
  C    301.0s–327.0s … key=Dmaj r=0.83  voiced=0.54  beats=98 ✓
✓ 已保存: /Users/jiaxuan/Desktop/Music Project/VariVis/backend/features/LBeethoven_OP76_1.json
Sat Apr 25 14:12:09 AEST 2026: OK LBeethoven_OP76_1

============================================================
处理: LBeethoven_OP76_2
============================================================
曲目: Ludwig van Beethoven - Variations on an original theme Op. 76
作曲: Ludwig van Beethoven
段落: ['T', 'V1', 'V2', 'V3', 'V4', 'V5', 'V6', 'C']  (8 段)
边界(秒): [19.0, 56.0, 96.0, 139.0, 207.0, 276.0, 335.0, 413.0, 444.0]

正在加载 WAV: LBeethoven_OP76_2.wav...
已加载: 458.6s @ 48000Hz
  [ 0] T        19.0s →    56.0s  (37.0s)
  [ 1] V1       56.0s →    96.0s  (40.0s)
  [ 2] V2       96.0s →   139.0s  (43.0s)
  [ 3] V3      139.0s →   207.0s  (68.0s)
  [ 4] V4      207.0s →   276.0s  (69.0s)
  [ 5] V5      276.0s →   335.0s  (59.0s)
  [ 6] V6      335.0s →   413.0s  (78.0s)
  [ 7] C       413.0s →   444.0s  (31.0s)

✓ 特征已保存: /Users/jiaxuan/Desktop/Music Project/VariVis/backend/features/LBeethoven_OP76_2.json

LBeethoven_OP76_2: 加载 WAV…
  T    19.0s–56.0s … key=Dmaj r=0.76  voiced=0.32  beats=62 ✓
  V1   56.0s–96.0s … key=Dmaj r=0.78  voiced=0.77  beats=88 ✓
  V2   96.0s–139.0s … key=Dmaj r=0.73  voiced=0.60  beats=123 ✓
  V3   139.0s–207.0s … key=Dmaj r=0.85  voiced=0.74  beats=195 ✓
  V4   207.0s–276.0s … key=Dmaj r=0.70  voiced=0.42  beats=166 ✓
  V5   276.0s–335.0s … key=Dmaj r=0.84  voiced=0.66  beats=104 ✓
  V6   335.0s–413.0s … key=Dmaj r=0.83  voiced=0.54  beats=181 ✓
  C    413.0s–444.0s … key=Dmaj r=0.76  voiced=0.49  beats=97 ✓
✓ 已保存: /Users/jiaxuan/Desktop/Music Project/VariVis/backend/features/LBeethoven_OP76_2.json
Sat Apr 25 14:14:01 AEST 2026: OK LBeethoven_OP76_2

============================================================
处理: LBeethoven_OP76_3
============================================================
曲目: Ludwig van Beethoven - Variations on an original theme Op. 76
作曲: Ludwig van Beethoven
段落: ['T', 'V1', 'V2', 'V3', 'V4', 'V5', 'V6', 'C']  (8 段)
边界(秒): [14.0, 71.0, 122.0, 167.0, 230.0, 301.0, 338.0, 431.0, 472.0]

正在加载 WAV: LBeethoven_OP76_3.wav...
已加载: 524.3s @ 48000Hz
  [ 0] T        14.0s →    71.0s  (57.0s)
  [ 1] V1       71.0s →   122.0s  (51.0s)
  [ 2] V2      122.0s →   167.0s  (45.0s)
  [ 3] V3      167.0s →   230.0s  (63.0s)
  [ 4] V4      230.0s →   301.0s  (71.0s)
  [ 5] V5      301.0s →   338.0s  (37.0s)
  [ 6] V6      338.0s →   431.0s  (93.0s)
  [ 7] C       431.0s →   472.0s  (41.0s)

✓ 特征已保存: /Users/jiaxuan/Desktop/Music Project/VariVis/backend/features/LBeethoven_OP76_3.json

LBeethoven_OP76_3: 加载 WAV…
  T    14.0s–71.0s … key=Dmaj r=0.79  voiced=0.53  beats=133 ✓
  V1   71.0s–122.0s … key=Dmaj r=0.84  voiced=0.72  beats=157 ✓
  V2   122.0s–167.0s … key=Dmaj r=0.79  voiced=0.70  beats=118 ✓
  V3   167.0s–230.0s … key=Dmaj r=0.94  voiced=0.74  beats=210 ✓
  V4   230.0s–301.0s … key=Amaj r=0.82  voiced=0.54  beats=191 ✓
  V5   301.0s–338.0s … key=Dmaj r=0.83  voiced=0.71  beats=60 ✓
  V6   338.0s–431.0s … key=Dmaj r=0.82  voiced=0.64  beats=218 ✓
  C    431.0s–472.0s … key=Dmaj r=0.85  voiced=0.65  beats=104 ✓
✓ 已保存: /Users/jiaxuan/Desktop/Music Project/VariVis/backend/features/LBeethoven_OP76_3.json
Sat Apr 25 14:16:01 AEST 2026: OK LBeethoven_OP76_3

============================================================
处理: LBeethoven_OP76_4
============================================================
曲目: Ludwig van Beethoven - Variations on an original theme Op. 76
作曲: Ludwig van Beethoven
段落: ['T', 'V1', 'V2', 'V3', 'V4', 'V5', 'V6', 'C']  (8 段)
边界(秒): [2.0, 46.0, 86.0, 130.0, 194.0, 259.0, 308.0, 388.0, 422.0]

正在加载 WAV: LBeethoven_OP76_4.wav...
已加载: 431.1s @ 48000Hz
  [ 0] T         2.0s →    46.0s  (44.0s)
  [ 1] V1       46.0s →    86.0s  (40.0s)
  [ 2] V2       86.0s →   130.0s  (44.0s)
  [ 3] V3      130.0s →   194.0s  (64.0s)
  [ 4] V4      194.0s →   259.0s  (65.0s)
  [ 5] V5      259.0s →   308.0s  (49.0s)
  [ 6] V6      308.0s →   388.0s  (80.0s)
  [ 7] C       388.0s →   422.0s  (34.0s)

✓ 特征已保存: /Users/jiaxuan/Desktop/Music Project/VariVis/backend/features/LBeethoven_OP76_4.json

LBeethoven_OP76_4: 加载 WAV…
  T    2.0s–46.0s … key=Dmaj r=0.83  voiced=0.38  beats=63 ✓
  V1   46.0s–86.0s … key=Dmaj r=0.92  voiced=0.78  beats=117 ✓
  V2   86.0s–130.0s … key=Dmaj r=0.87  voiced=0.61  beats=126 ✓
  V3   130.0s–194.0s … key=Dmaj r=0.83  voiced=0.75  beats=183 ✓
  V4   194.0s–259.0s … key=Dmaj r=0.82  voiced=0.39  beats=114 ✓
  V5   259.0s–308.0s … key=Dmaj r=0.87  voiced=0.78  beats=111 ✓
  V6   308.0s–388.0s … key=Dmaj r=0.85  voiced=0.57  beats=216 ✓
  C    388.0s–422.0s … key=Dmaj r=0.91  voiced=0.52  beats=95 ✓
✓ 已保存: /Users/jiaxuan/Desktop/Music Project/VariVis/backend/features/LBeethoven_OP76_4.json
Sat Apr 25 14:17:50 AEST 2026: OK LBeethoven_OP76_4

============================================================
处理: LBeethoven_OP76_5
============================================================
曲目: Ludwig van Beethoven - Variations on an original theme Op. 76
作曲: Ludwig van Beethoven
段落: ['T', 'V1', 'V2', 'V3', 'V4', 'V5', 'V6', 'C']  (8 段)
边界(秒): [1.0, 34.0, 69.0, 106.0, 159.0, 197.0, 232.0, 309.0, 339.0]

正在加载 WAV: LBeethoven_OP76_5.wav...
已加载: 353.0s @ 48000Hz
  [ 0] T         1.0s →    34.0s  (33.0s)
  [ 1] V1       34.0s →    69.0s  (35.0s)
  [ 2] V2       69.0s →   106.0s  (37.0s)
  [ 3] V3      106.0s →   159.0s  (53.0s)
  [ 4] V4      159.0s →   197.0s  (38.0s)
  [ 5] V5      197.0s →   232.0s  (35.0s)
  [ 6] V6      232.0s →   309.0s  (77.0s)
  [ 7] C       309.0s →   339.0s  (30.0s)

✓ 特征已保存: /Users/jiaxuan/Desktop/Music Project/VariVis/backend/features/LBeethoven_OP76_5.json

LBeethoven_OP76_5: 加载 WAV…
  T    1.0s–34.0s … key=Dmaj r=0.70  voiced=0.43  beats=57 ✓
  V1   34.0s–69.0s … key=Dmaj r=0.73  voiced=0.66  beats=88 ✓
  V2   69.0s–106.0s … key=Dmaj r=0.72  voiced=0.55  beats=64 ✓
  V3   106.0s–159.0s … key=Dmaj r=0.81  voiced=0.73  beats=94 ✓
  V4   159.0s–197.0s … key=Dmaj r=0.58  voiced=0.58  beats=64 ✓
  V5   197.0s–232.0s … key=Dmaj r=0.72  voiced=0.53  beats=80 ✓
  V6   232.0s–309.0s … key=Dmaj r=0.82  voiced=0.57  beats=215 ✓
  C    309.0s–339.0s … key=Dmaj r=0.81  voiced=0.48  beats=51 ✓
✓ 已保存: /Users/jiaxuan/Desktop/Music Project/VariVis/backend/features/LBeethoven_OP76_5.json
Sat Apr 25 14:19:18 AEST 2026: OK LBeethoven_OP76_5

============================================================
处理: LBeethoven_OP76_6
============================================================
曲目: Ludwig van Beethoven - Variations on an original theme Op. 76
作曲: Ludwig van Beethoven
段落: ['T', 'V1', 'V2', 'V3', 'V4', 'V5', 'V6', 'C']  (8 段)
边界(秒): [1.0, 35.0, 68.0, 103.0, 159.0, 202.0, 241.0, 326.0, 355.0]

正在加载 WAV: LBeethoven_OP76_6.wav...
已加载: 362.7s @ 48000Hz
  [ 0] T         1.0s →    35.0s  (34.0s)
  [ 1] V1       35.0s →    68.0s  (33.0s)
  [ 2] V2       68.0s →   103.0s  (35.0s)
  [ 3] V3      103.0s →   159.0s  (56.0s)
  [ 4] V4      159.0s →   202.0s  (43.0s)
  [ 5] V5      202.0s →   241.0s  (39.0s)
  [ 6] V6      241.0s →   326.0s  (85.0s)
  [ 7] C       326.0s →   355.0s  (29.0s)

✓ 特征已保存: /Users/jiaxuan/Desktop/Music Project/VariVis/backend/features/LBeethoven_OP76_6.json

LBeethoven_OP76_6: 加载 WAV…
  T    1.0s–35.0s … key=Dmaj r=0.82  voiced=0.32  beats=60 ✓
  V1   35.0s–68.0s … key=Dmaj r=0.90  voiced=0.64  beats=67 ✓
  V2   68.0s–103.0s … key=Dmaj r=0.82  voiced=0.56  beats=65 ✓
  V3   103.0s–159.0s … key=Dmaj r=0.95  voiced=0.73  beats=95 ✓
  V4   159.0s–202.0s … key=Amaj r=0.87  voiced=0.41  beats=141 ✓
  V5   202.0s–241.0s … key=Dmaj r=0.88  voiced=0.60  beats=61 ✓
  V6   241.0s–326.0s … key=Dmaj r=0.88  voiced=0.54  beats=213 ✓
  C    326.0s–355.0s … key=Dmaj r=0.87  voiced=0.56  beats=50 ✓
✓ 已保存: /Users/jiaxuan/Desktop/Music Project/VariVis/backend/features/LBeethoven_OP76_6.json
Sat Apr 25 14:20:51 AEST 2026: OK LBeethoven_OP76_6

============================================================
处理: LBeethoven_OP120_1
============================================================
曲目: Beethoven - Diabelli Variations,Op. 120
作曲: Ludwig van Beethoven
段落: ['T', 'V1', 'V2', 'V3', 'V4', 'V5', 'V6', 'V7', 'V8', 'V9', 'V10', 'V11', 'V12', 'V13', 'V14', 'V15', 'V16', 'V17', 'V18', 'V19', 'V20', 'V21', 'V22', 'V23', 'V24', 'V25', 'V26', 'V27', 'V28', 'V29', 'V30', 'V31', 'V32', 'V33']  (34 段)
边界(秒): [12.0, 70.0, 219.0, 274.0, 386.0, 473.0, 548.0, 652.0, 719.0, 820.0, 960.0, 993.0, 1072.0, 1121.0, 1194.0, 1464.0, 1502.0, 1562.0, 1620.0, 1739.0, 1786.0, 1945.0, 2026.0, 2072.0, 2129.0, 2318.0, 2379.0, 2451.0, 2509.0, 2563.0, 2638.0, 2761.0, 3103.0, 3318.0, 3592.0]

正在加载 WAV: LBeethoven_OP120_1.wav...
已加载: 3603.5s @ 48000Hz
  [ 0] T        12.0s →    70.0s  (58.0s)
  [ 1] V1       70.0s →   219.0s  (149.0s)
  [ 2] V2      219.0s →   274.0s  (55.0s)
  [ 3] V3      274.0s →   386.0s  (112.0s)
  [ 4] V4      386.0s →   473.0s  (87.0s)
  [ 5] V5      473.0s →   548.0s  (75.0s)
  [ 6] V6      548.0s →   652.0s  (104.0s)
  [ 7] V7      652.0s →   719.0s  (67.0s)
  [ 8] V8      719.0s →   820.0s  (101.0s)
  [ 9] V9      820.0s →   960.0s  (140.0s)
  [10] V10     960.0s →   993.0s  (33.0s)
  [11] V11     993.0s →  1072.0s  (79.0s)
  [12] V12    1072.0s →  1121.0s  (49.0s)
  [13] V13    1121.0s →  1194.0s  (73.0s)
  [14] V14    1194.0s →  1464.0s  (270.0s)
  [15] V15    1464.0s →  1502.0s  (38.0s)
  [16] V16    1502.0s →  1562.0s  (60.0s)
  [17] V17    1562.0s →  1620.0s  (58.0s)
  [18] V18    1620.0s →  1739.0s  (119.0s)
  [19] V19    1739.0s →  1786.0s  (47.0s)
  [20] V20    1786.0s →  1945.0s  (159.0s)
  [21] V21    1945.0s →  2026.0s  (81.0s)
  [22] V22    2026.0s →  2072.0s  (46.0s)
  [23] V23    2072.0s →  2129.0s  (57.0s)
  [24] V24    2129.0s →  2318.0s  (189.0s)
  [25] V25    2318.0s →  2379.0s  (61.0s)
  [26] V26    2379.0s →  2451.0s  (72.0s)
  [27] V27    2451.0s →  2509.0s  (58.0s)
  [28] V28    2509.0s →  2563.0s  (54.0s)
  [29] V29    2563.0s →  2638.0s  (75.0s)
  [30] V30    2638.0s →  2761.0s  (123.0s)
  [31] V31    2761.0s →  3103.0s  (342.0s)
  [32] V32    3103.0s →  3318.0s  (215.0s)
  [33] V33    3318.0s →  3592.0s  (274.0s)

✓ 特征已保存: /Users/jiaxuan/Desktop/Music Project/VariVis/backend/features/LBeethoven_OP120_1.json

LBeethoven_OP120_1: 加载 WAV…
  T    12.0s–70.0s … key=Cmaj r=0.75  voiced=0.46  beats=100 ✓
  V1   70.0s–219.0s … key=Cmaj r=0.83  voiced=0.58  beats=144 ✓
  V2   219.0s–274.0s … key=Fmin r=0.59  voiced=0.61  beats=152 ✓
  V3   274.0s–386.0s … key=Cmaj r=0.78  voiced=0.73  beats=250 ✓
  V4   386.0s–473.0s … key=Cmaj r=0.75  voiced=0.67  beats=201 ✓
  V5   473.0s–548.0s … key=Cmaj r=0.78  voiced=0.68  beats=105 ✓
  V6   548.0s–652.0s … key=Cmaj r=0.82  voiced=0.60  beats=150 ✓
  V7   652.0s–719.0s … key=Cmaj r=0.84  voiced=0.69  beats=169 ✓
  V8   719.0s–820.0s … key=Cmaj r=0.82  voiced=0.59  beats=212 ✓
  V9   820.0s–960.0s … key=G#maj r=0.66  voiced=0.66  beats=255 ✓
  V10  960.0s–993.0s … key=Cmaj r=0.84  voiced=0.37  beats=58 ✓
  V11  993.0s–1072.0s … key=Cmaj r=0.77  voiced=0.80  beats=156 ✓
  V12  1072.0s–1121.0s … key=Cmaj r=0.68  voiced=0.49  beats=139 ✓
  V13  1121.0s–1194.0s … key=Cmaj r=0.64  voiced=0.52  beats=127 ✓
  V14  1194.0s–1464.0s … key=Cmaj r=0.91  voiced=0.68  beats=1029 ✓
  V15  1464.0s–1502.0s … key=Cmaj r=0.68  voiced=0.39  beats=57 ✓
  V16  1502.0s–1562.0s … key=Cmaj r=0.73  voiced=0.47  beats=130 ✓
  V17  1562.0s–1620.0s … key=Cmaj r=0.80  voiced=0.35  beats=128 ✓
  V18  1620.0s–1739.0s … key=Cmaj r=0.80  voiced=0.84  beats=236 ✓
  V19  1739.0s–1786.0s … key=Cmaj r=0.88  voiced=0.40  beats=68 ✓
  V20  1786.0s–1945.0s … key=Fmin r=0.67  voiced=0.81  beats=324 ✓
  V21  1945.0s–2026.0s … key=Cmaj r=0.86  voiced=0.46  beats=182 ✓
  V22  2026.0s–2072.0s … key=Cmaj r=0.75  voiced=0.67  beats=70 ✓
  V23  2072.0s–2129.0s … key=Cmaj r=0.80  voiced=0.61  beats=137 ✓
  V24  2129.0s–2318.0s … key=Cmaj r=0.90  voiced=0.80  beats=368 ✓
  V25  2318.0s–2379.0s … key=Fmin r=0.60  voiced=0.45  beats=163 ✓
  V26  2379.0s–2451.0s … key=Cmaj r=0.91  voiced=0.61  beats=192 ✓
  V27  2451.0s–2509.0s … key=Cmaj r=0.88  voiced=0.59  beats=164 ✓
  V28  2509.0s–2563.0s … key=Cmaj r=0.63  voiced=0.44  beats=126 ✓
  V29  2563.0s–2638.0s … key=Cmin r=0.81  voiced=0.80  beats=71 ✓
  V30  2638.0s–2761.0s … key=G#maj r=0.78  voiced=0.76  beats=143 ✓
  V31  2761.0s–3103.0s … key=D#maj r=0.82  voiced=0.83  beats=531 ✓
  V32  3103.0s–3318.0s … key=D#maj r=0.87  voiced=0.59  beats=348 ✓
  V33  3318.0s–3592.0s … key=Cmaj r=0.90  voiced=0.74  beats=820 ✓
✓ 已保存: /Users/jiaxuan/Desktop/Music Project/VariVis/backend/features/LBeethoven_OP120_1.json
Sat Apr 25 14:36:10 AEST 2026: OK LBeethoven_OP120_1

============================================================
处理: LBeethoven_OP120_2
============================================================
曲目: Beethoven - Diabelli Variations,Op. 120
作曲: Ludwig van Beethoven
段落: ['T', 'V1', 'V2', 'V3', 'V4', 'V5', 'V6', 'V7', 'V8', 'V9', 'V10', 'V11', 'V12', 'V13', 'V14', 'V15', 'V16', 'V17', 'V18', 'V19', 'V20', 'V21', 'V22', 'V23', 'V24', 'V25', 'V26', 'V27', 'V28', 'V29', 'V30', 'V31', 'V32', 'V33']  (34 段)
边界(秒): [2.0, 48.0, 147.0, 198.0, 274.0, 335.0, 390.0, 484.0, 559.0, 647.0, 747.0, 786.0, 849.0, 896.0, 952.0, 1160.0, 1195.0, 1252.0, 1315.0, 1423.0, 1472.0, 1593.0, 1660.0, 1709.0, 1753.0, 1947.0, 1990.0, 2050.0, 2107.0, 2160.0, 2226.0, 2333.0, 2586.0, 2755.0, 2980.0]

正在加载 WAV: LBeethoven_OP120_2.wav...
已加载: 3080.7s @ 48000Hz
  [ 0] T         2.0s →    48.0s  (46.0s)
  [ 1] V1       48.0s →   147.0s  (99.0s)
  [ 2] V2      147.0s →   198.0s  (51.0s)
  [ 3] V3      198.0s →   274.0s  (76.0s)
  [ 4] V4      274.0s →   335.0s  (61.0s)
  [ 5] V5      335.0s →   390.0s  (55.0s)
  [ 6] V6      390.0s →   484.0s  (94.0s)
  [ 7] V7      484.0s →   559.0s  (75.0s)
  [ 8] V8      559.0s →   647.0s  (88.0s)
  [ 9] V9      647.0s →   747.0s  (100.0s)
  [10] V10     747.0s →   786.0s  (39.0s)
  [11] V11     786.0s →   849.0s  (63.0s)
  [12] V12     849.0s →   896.0s  (47.0s)
  [13] V13     896.0s →   952.0s  (56.0s)
  [14] V14     952.0s →  1160.0s  (208.0s)
  [15] V15    1160.0s →  1195.0s  (35.0s)
  [16] V16    1195.0s →  1252.0s  (57.0s)
  [17] V17    1252.0s →  1315.0s  (63.0s)
  [18] V18    1315.0s →  1423.0s  (108.0s)
  [19] V19    1423.0s →  1472.0s  (49.0s)
  [20] V20    1472.0s →  1593.0s  (121.0s)
  [21] V21    1593.0s →  1660.0s  (67.0s)
  [22] V22    1660.0s →  1709.0s  (49.0s)
  [23] V23    1709.0s →  1753.0s  (44.0s)
  [24] V24    1753.0s →  1947.0s  (194.0s)
  [25] V25    1947.0s →  1990.0s  (43.0s)
  [26] V26    1990.0s →  2050.0s  (60.0s)
  [27] V27    2050.0s →  2107.0s  (57.0s)
  [28] V28    2107.0s →  2160.0s  (53.0s)
  [29] V29    2160.0s →  2226.0s  (66.0s)
  [30] V30    2226.0s →  2333.0s  (107.0s)
  [31] V31    2333.0s →  2586.0s  (253.0s)
  [32] V32    2586.0s →  2755.0s  (169.0s)
  [33] V33    2755.0s →  2980.0s  (225.0s)

✓ 特征已保存: /Users/jiaxuan/Desktop/Music Project/VariVis/backend/features/LBeethoven_OP120_2.json

LBeethoven_OP120_2: 加载 WAV…
  T    2.0s–48.0s … key=Cmaj r=0.71  voiced=0.61  beats=98 ✓
  V1   48.0s–147.0s … key=Cmaj r=0.86  voiced=0.61  beats=185 ✓
  V2   147.0s–198.0s … key=Cmaj r=0.59  voiced=0.64  beats=113 ✓
  V3   198.0s–274.0s … key=Cmaj r=0.83  voiced=0.66  beats=187 ✓
  V4   274.0s–335.0s … key=Cmaj r=0.83  voiced=0.68  beats=113 ✓
  V5   335.0s–390.0s … key=Cmaj r=0.87  voiced=0.72  beats=98 ✓
  V6   390.0s–484.0s … key=Cmaj r=0.84  voiced=0.57  beats=193 ✓
  V7   484.0s–559.0s … key=Cmaj r=0.82  voiced=0.77  beats=174 ✓
  V8   559.0s–647.0s … key=Cmaj r=0.85  voiced=0.60  beats=195 ✓
  V9   647.0s–747.0s … key=Cmin r=0.58  voiced=0.69  beats=264 ✓
  V10  747.0s–786.0s … key=Cmaj r=0.74  voiced=0.48  beats=63 ✓
  V11  786.0s–849.0s … key=Cmaj r=0.80  voiced=0.82  beats=141 ✓
  V12  849.0s–896.0s … key=Cmaj r=0.73  voiced=0.63  beats=131 ✓
  V13  896.0s–952.0s … key=Cmaj r=0.63  voiced=0.51  beats=104 ✓
  V14  952.0s–1160.0s … key=Cmaj r=0.89  voiced=0.72  beats=783 ✓
  V15  1160.0s–1195.0s … key=Cmaj r=0.78  voiced=0.54  beats=63 ✓
  V16  1195.0s–1252.0s … key=Cmaj r=0.68  voiced=0.53  beats=128 ✓
  V17  1252.0s–1315.0s … key=Gmaj r=0.85  voiced=0.42  beats=127 ✓
  V18  1315.0s–1423.0s … key=Cmaj r=0.86  voiced=0.85  beats=397 ✓
  V19  1423.0s–1472.0s … key=Cmaj r=0.85  voiced=0.55  beats=97 ✓
  V20  1472.0s–1593.0s … key=Cmaj r=0.61  voiced=0.61  beats=318 ✓
  V21  1593.0s–1660.0s … key=Cmaj r=0.88  voiced=0.53  beats=181 ✓
  V22  1660.0s–1709.0s … key=Cmin r=0.72  voiced=0.71  beats=74 ✓
  V23  1709.0s–1753.0s … key=Cmaj r=0.88  voiced=0.71  beats=86 ✓
  V24  1753.0s–1947.0s … key=Cmaj r=0.91  voiced=0.81  beats=381 ✓
  V25  1947.0s–1990.0s … key=Cmin r=0.58  voiced=0.37  beats=62 ✓
  V26  1990.0s–2050.0s … key=Cmaj r=0.90  voiced=0.64  beats=198 ✓
  V27  2050.0s–2107.0s … key=Cmaj r=0.69  voiced=0.65  beats=158 ✓
  V28  2107.0s–2160.0s … key=Cmaj r=0.77  voiced=0.42  beats=126 ✓
  V29  2160.0s–2226.0s … key=Cmin r=0.79  voiced=0.79  beats=282 ✓
  V30  2226.0s–2333.0s … key=G#maj r=0.71  voiced=0.77  beats=140 ✓
  V31  2333.0s–2586.0s … key=D#maj r=0.86  voiced=0.82  beats=469 ✓
  V32  2586.0s–2755.0s … key=D#maj r=0.93  voiced=0.59  beats=353 ✓
  V33  2755.0s–2980.0s … key=Cmaj r=0.87  voiced=0.74  beats=455 ✓
✓ 已保存: /Users/jiaxuan/Desktop/Music Project/VariVis/backend/features/LBeethoven_OP120_2.json
Sat Apr 25 14:49:00 AEST 2026: OK LBeethoven_OP120_2

============================================================
处理: LBeethoven_OP120_3
============================================================
曲目: Beethoven - Diabelli Variations,Op. 120
作曲: Ludwig van Beethoven
段落: ['T', 'V1', 'V2', 'V3', 'V4', 'V5', 'V6', 'V7', 'V8', 'V9', 'V10', 'V11', 'V12', 'V13', 'V14', 'V15', 'V16', 'V17', 'V18', 'V19', 'V20', 'V21', 'V22', 'V23', 'V24', 'V25', 'V26', 'V27', 'V28', 'V29', 'V30', 'V31', 'V32', 'V33']  (34 段)
边界(秒): [4.0, 55.0, 171.0, 231.0, 320.0, 377.0, 429.0, 554.0, 627.0, 732.0, 862.0, 896.0, 970.0, 1018.0, 1080.0, 1257.0, 1287.0, 1348.0, 1418.0, 1519.0, 1566.0, 1720.0, 1787.0, 1837.0, 1885.0, 2085.0, 2135.0, 2194.0, 2244.0, 2309.0, 2399.0, 2520.0, 2819.0, 3005.0, 3262.0]

正在加载 WAV: LBeethoven_OP120_3.wav...
已加载: 3268.8s @ 48000Hz
  [ 0] T         4.0s →    55.0s  (51.0s)
  [ 1] V1       55.0s →   171.0s  (116.0s)
  [ 2] V2      171.0s →   231.0s  (60.0s)
  [ 3] V3      231.0s →   320.0s  (89.0s)
  [ 4] V4      320.0s →   377.0s  (57.0s)
  [ 5] V5      377.0s →   429.0s  (52.0s)
  [ 6] V6      429.0s →   554.0s  (125.0s)
  [ 7] V7      554.0s →   627.0s  (73.0s)
  [ 8] V8      627.0s →   732.0s  (105.0s)
  [ 9] V9      732.0s →   862.0s  (130.0s)
  [10] V10     862.0s →   896.0s  (34.0s)
  [11] V11     896.0s →   970.0s  (74.0s)
  [12] V12     970.0s →  1018.0s  (48.0s)
  [13] V13    1018.0s →  1080.0s  (62.0s)
  [14] V14    1080.0s →  1257.0s  (177.0s)
  [15] V15    1257.0s →  1287.0s  (30.0s)
  [16] V16    1287.0s →  1348.0s  (61.0s)
  [17] V17    1348.0s →  1418.0s  (70.0s)
  [18] V18    1418.0s →  1519.0s  (101.0s)
  [19] V19    1519.0s →  1566.0s  (47.0s)
  [20] V20    1566.0s →  1720.0s  (154.0s)
  [21] V21    1720.0s →  1787.0s  (67.0s)
  [22] V22    1787.0s →  1837.0s  (50.0s)
  [23] V23    1837.0s →  1885.0s  (48.0s)
  [24] V24    1885.0s →  2085.0s  (200.0s)
  [25] V25    2085.0s →  2135.0s  (50.0s)
  [26] V26    2135.0s →  2194.0s  (59.0s)
  [27] V27    2194.0s →  2244.0s  (50.0s)
  [28] V28    2244.0s →  2309.0s  (65.0s)
  [29] V29    2309.0s →  2399.0s  (90.0s)
  [30] V30    2399.0s →  2520.0s  (121.0s)
  [31] V31    2520.0s →  2819.0s  (299.0s)
  [32] V32    2819.0s →  3005.0s  (186.0s)
  [33] V33    3005.0s →  3262.0s  (257.0s)

✓ 特征已保存: /Users/jiaxuan/Desktop/Music Project/VariVis/backend/features/LBeethoven_OP120_3.json

LBeethoven_OP120_3: 加载 WAV…
  T    4.0s–55.0s … key=Cmaj r=0.86  voiced=0.48  beats=96 ✓
  V1   55.0s–171.0s … key=Cmaj r=0.88  voiced=0.58  beats=131 ✓
  V2   171.0s–231.0s … key=Cmaj r=0.74  voiced=0.66  beats=146 ✓
  V3   231.0s–320.0s … key=Cmaj r=0.86  voiced=0.67  beats=206 ✓
  V4   320.0s–377.0s … key=Cmaj r=0.90  voiced=0.63  beats=176 ✓
  V5   377.0s–429.0s … key=Cmaj r=0.85  voiced=0.67  beats=103 ✓
  V6   429.0s–554.0s … key=Cmaj r=0.92  voiced=0.58  beats=389 ✓
  V7   554.0s–627.0s … key=Cmaj r=0.82  voiced=0.69  beats=196 ✓
  V8   627.0s–732.0s … key=Gmaj r=0.77  voiced=0.54  beats=198 ✓
  V9   732.0s–862.0s … key=G#maj r=0.73  voiced=0.70  beats=263 ✓
  V10  862.0s–896.0s … key=Cmaj r=0.89  voiced=0.41  beats=59 ✓
  V11  896.0s–970.0s … key=Cmaj r=0.77  voiced=0.77  beats=139 ✓
  V12  970.0s–1018.0s … key=Cmaj r=0.71  voiced=0.61  beats=128 ✓
  V13  1018.0s–1080.0s … key=Cmaj r=0.76  voiced=0.46  beats=170 ✓
  V14  1080.0s–1257.0s … key=Cmaj r=0.90  voiced=0.51  beats=137 ✓
  V15  1257.0s–1287.0s … key=Cmaj r=0.85  voiced=0.41  beats=63 ✓
  V16  1287.0s–1348.0s … key=Cmaj r=0.89  voiced=0.41  beats=128 ✓
  V17  1348.0s–1418.0s … key=Cmaj r=0.86  voiced=0.51  beats=132 ✓
  V18  1418.0s–1519.0s … key=Cmaj r=0.87  voiced=0.78  beats=202 ✓
  V19  1519.0s–1566.0s … key=Cmaj r=0.91  voiced=0.38  beats=102 ✓
  V20  1566.0s–1720.0s … key=Cmaj r=0.75  voiced=0.69  beats=217 ✓
  V21  1720.0s–1787.0s … key=Cmaj r=0.81  voiced=0.52  beats=104 ✓
  V22  1787.0s–1837.0s … key=Cmaj r=0.63  voiced=0.69  beats=67 ✓
  V23  1837.0s–1885.0s … key=Cmaj r=0.81  voiced=0.59  beats=88 ✓
  V24  1885.0s–2085.0s … key=Cmaj r=0.91  voiced=0.74  beats=385 ✓
  V25  2085.0s–2135.0s … key=Fmin r=0.67  voiced=0.42  beats=95 ✓
  V26  2135.0s–2194.0s … key=Cmaj r=0.88  voiced=0.61  beats=124 ✓
  V27  2194.0s–2244.0s … key=Cmaj r=0.82  voiced=0.36  beats=91 ✓
  V28  2244.0s–2309.0s … key=Cmin r=0.69  voiced=0.48  beats=127 ✓
  V29  2309.0s–2399.0s … key=Cmin r=0.75  voiced=0.71  beats=210 ✓
  V30  2399.0s–2520.0s … key=G#maj r=0.85  voiced=0.70  beats=137 ✓
  V31  2520.0s–2819.0s … key=D#maj r=0.84  voiced=0.79  beats=451 ✓
  V32  2819.0s–3005.0s … key=D#maj r=0.93  voiced=0.49  beats=344 ✓
  V33  3005.0s–3262.0s … key=Cmaj r=0.68  voiced=0.72  beats=513 ✓
✓ 已保存: /Users/jiaxuan/Desktop/Music Project/VariVis/backend/features/LBeethoven_OP120_3.json
Sat Apr 25 15:03:07 AEST 2026: OK LBeethoven_OP120_3

============================================================
处理: LBeethoven_OP120_4
============================================================
曲目: Beethoven - Diabelli Variations,Op. 120
作曲: Ludwig van Beethoven
段落: ['T', 'V1', 'V2', 'V3', 'V4', 'V5', 'V6', 'V7', 'V8', 'V9', 'V10', 'V11', 'V12', 'V13', 'V14', 'V15', 'V16', 'V17', 'V18', 'V19', 'V20', 'V21', 'V22', 'V23', 'V24', 'V25', 'V26', 'V27', 'V28', 'V29', 'V30', 'V31', 'V32', 'V33']  (34 段)
边界(秒): [20.0, 70.0, 267.0, 320.0, 442.0, 516.0, 570.0, 679.0, 755.0, 872.0, 948.0, 985.0, 1079.0, 1156.0, 1231.0, 1551.0, 1587.0, 1645.0, 1705.0, 1859.0, 1888.0, 2057.0, 2158.0, 2209.0, 2259.0, 2375.0, 2416.0, 2512.0, 2538.0, 2598.0, 2711.0, 2799.0, 3117.0, 3315.0, 3570.0]

正在加载 WAV: LBeethoven_OP120_4.wav...
已加载: 3590.7s @ 48000Hz
  [ 0] T        20.0s →    70.0s  (50.0s)
  [ 1] V1       70.0s →   267.0s  (197.0s)
  [ 2] V2      267.0s →   320.0s  (53.0s)
  [ 3] V3      320.0s →   442.0s  (122.0s)
  [ 4] V4      442.0s →   516.0s  (74.0s)
  [ 5] V5      516.0s →   570.0s  (54.0s)
  [ 6] V6      570.0s →   679.0s  (109.0s)
  [ 7] V7      679.0s →   755.0s  (76.0s)
  [ 8] V8      755.0s →   872.0s  (117.0s)
  [ 9] V9      872.0s →   948.0s  (76.0s)
  [10] V10     948.0s →   985.0s  (37.0s)
  [11] V11     985.0s →  1079.0s  (94.0s)
  [12] V12    1079.0s →  1156.0s  (77.0s)
  [13] V13    1156.0s →  1231.0s  (75.0s)
  [14] V14    1231.0s →  1551.0s  (320.0s)
  [15] V15    1551.0s →  1587.0s  (36.0s)
  [16] V16    1587.0s →  1645.0s  (58.0s)
  [17] V17    1645.0s →  1705.0s  (60.0s)
  [18] V18    1705.0s →  1859.0s  (154.0s)
  [19] V19    1859.0s →  1888.0s  (29.0s)
  [20] V20    1888.0s →  2057.0s  (169.0s)
  [21] V21    2057.0s →  2158.0s  (101.0s)
  [22] V22    2158.0s →  2209.0s  (51.0s)
  [23] V23    2209.0s →  2259.0s  (50.0s)
  [24] V24    2259.0s →  2375.0s  (116.0s)
  [25] V25    2375.0s →  2416.0s  (41.0s)
  [26] V26    2416.0s →  2512.0s  (96.0s)
  [27] V27    2512.0s →  2538.0s  (26.0s)
  [28] V28    2538.0s →  2598.0s  (60.0s)
  [29] V29    2598.0s →  2711.0s  (113.0s)
  [30] V30    2711.0s →  2799.0s  (88.0s)
  [31] V31    2799.0s →  3117.0s  (318.0s)
  [32] V32    3117.0s →  3315.0s  (198.0s)
  [33] V33    3315.0s →  3570.0s  (255.0s)

✓ 特征已保存: /Users/jiaxuan/Desktop/Music Project/VariVis/backend/features/LBeethoven_OP120_4.json

LBeethoven_OP120_4: 加载 WAV…
  T    20.0s–70.0s … key=Cmaj r=0.84  voiced=0.54  beats=93 ✓
  V1   70.0s–267.0s … key=Cmaj r=0.91  voiced=0.65  beats=502 ✓
  V2   267.0s–320.0s … key=Cmaj r=0.79  voiced=0.66  beats=171 ✓
  V3   320.0s–442.0s … key=Cmaj r=0.83  voiced=0.75  beats=273 ✓
  V4   442.0s–516.0s … key=Cmaj r=0.86  voiced=0.70  beats=197 ✓
  V5   516.0s–570.0s … key=Cmaj r=0.85  voiced=0.76  beats=93 ✓
  V6   570.0s–679.0s … key=Cmaj r=0.88  voiced=0.67  beats=288 ✓
  V7   679.0s–755.0s … key=Cmaj r=0.87  voiced=0.79  beats=204 ✓
  V8   755.0s–872.0s … key=Gmaj r=0.80  voiced=0.67  beats=201 ✓
  V9   872.0s–948.0s … key=G#maj r=0.73  voiced=0.73  beats=199 ✓
  V10  948.0s–985.0s … key=Cmaj r=0.80  voiced=0.46  beats=91 ✓
  V11  985.0s–1079.0s … key=Gmaj r=0.69  voiced=0.82  beats=157 ✓
  V12  1079.0s–1156.0s … key=Cmaj r=0.76  voiced=0.62  beats=165 ✓
  V13  1156.0s–1231.0s … key=Fmaj r=0.62  voiced=0.49  beats=197 ✓
  V14  1231.0s–1551.0s … key=Cmaj r=0.89  voiced=0.70  beats=686 ✓
  V15  1551.0s–1587.0s … key=Cmaj r=0.85  voiced=0.49  beats=63 ✓
  V16  1587.0s–1645.0s … key=Cmaj r=0.87  voiced=0.47  beats=132 ✓
  V17  1645.0s–1705.0s … key=Gmaj r=0.93  voiced=0.48  beats=128 ✓
  V18  1705.0s–1859.0s … key=Cmaj r=0.66  voiced=0.80  beats=264 ✓
  V19  1859.0s–1888.0s … key=Cmaj r=0.85  voiced=0.52  beats=71 ✓
  V20  1888.0s–2057.0s … key=Cmaj r=0.63  voiced=0.78  beats=363 ✓
  V21  2057.0s–2158.0s … key=Cmaj r=0.85  voiced=0.66  beats=248 ✓
  V22  2158.0s–2209.0s … key=Cmaj r=0.87  voiced=0.76  beats=70 ✓
  V23  2209.0s–2259.0s … key=Cmaj r=0.84  voiced=0.53  beats=95 ✓
  V24  2259.0s–2375.0s … key=Cmaj r=0.91  voiced=0.80  beats=230 ✓
  V25  2375.0s–2416.0s … key=Cmaj r=0.82  voiced=0.39  beats=57 ✓
  V26  2416.0s–2512.0s … key=Cmaj r=0.88  voiced=0.69  beats=207 ✓
  V27  2512.0s–2538.0s … key=Gmaj r=0.83  voiced=0.36  beats=36 ✓
  V28  2538.0s–2598.0s … key=Gmaj r=0.67  voiced=0.53  beats=125 ✓
  V29  2598.0s–2711.0s … key=D#maj r=0.60  voiced=0.72  beats=214 ✓
  V30  2711.0s–2799.0s … key=G#maj r=0.83  voiced=0.69  beats=155 ✓
  V31  2799.0s–3117.0s … key=D#maj r=0.76  voiced=0.80  beats=528 ✓
  V32  3117.0s–3315.0s … key=D#maj r=0.92  voiced=0.60  beats=362 ✓
  V33  3315.0s–3570.0s … key=Cmaj r=0.82  voiced=0.75  beats=466 ✓
✓ 已保存: /Users/jiaxuan/Desktop/Music Project/VariVis/backend/features/LBeethoven_OP120_4.json
Sat Apr 25 15:18:10 AEST 2026: OK LBeethoven_OP120_4

============================================================
处理: LBeethoven_OP120_5
============================================================
曲目: Beethoven - Diabelli Variations,Op. 120
作曲: Ludwig van Beethoven
段落: ['T', 'V1', 'V2', 'V3', 'V4', 'V5', 'V6', 'V7', 'V8', 'V9', 'V10', 'V11', 'V12', 'V13', 'V14', 'V15', 'V16', 'V17', 'V18', 'V19', 'V20', 'V21', 'V22', 'V23', 'V24', 'V25', 'V26', 'V27', 'V28', 'V29', 'V30', 'V31', 'V32', 'V33']  (34 段)
边界(秒): [2.0, 53.0, 187.0, 237.0, 311.0, 374.0, 429.0, 534.0, 604.0, 668.0, 765.0, 806.0, 875.0, 924.0, 991.0, 1196.0, 1236.0, 1295.0, 1357.0, 1481.0, 1534.0, 1688.0, 1786.0, 1834.0, 1894.0, 2066.0, 2112.0, 2161.0, 2220.0, 2272.0, 2337.0, 2446.0, 2659.0, 2843.0, 3008.0]

正在加载 WAV: LBeethoven_OP120_5.wav...
已加载: 3032.1s @ 48000Hz
  [ 0] T         2.0s →    53.0s  (51.0s)
  [ 1] V1       53.0s →   187.0s  (134.0s)
  [ 2] V2      187.0s →   237.0s  (50.0s)
  [ 3] V3      237.0s →   311.0s  (74.0s)
  [ 4] V4      311.0s →   374.0s  (63.0s)
  [ 5] V5      374.0s →   429.0s  (55.0s)
  [ 6] V6      429.0s →   534.0s  (105.0s)
  [ 7] V7      534.0s →   604.0s  (70.0s)
  [ 8] V8      604.0s →   668.0s  (64.0s)
  [ 9] V9      668.0s →   765.0s  (97.0s)
  [10] V10     765.0s →   806.0s  (41.0s)
  [11] V11     806.0s →   875.0s  (69.0s)
  [12] V12     875.0s →   924.0s  (49.0s)
  [13] V13     924.0s →   991.0s  (67.0s)
  [14] V14     991.0s →  1196.0s  (205.0s)
  [15] V15    1196.0s →  1236.0s  (40.0s)
  [16] V16    1236.0s →  1295.0s  (59.0s)
  [17] V17    1295.0s →  1357.0s  (62.0s)
  [18] V18    1357.0s →  1481.0s  (124.0s)
  [19] V19    1481.0s →  1534.0s  (53.0s)
  [20] V20    1534.0s →  1688.0s  (154.0s)
  [21] V21    1688.0s →  1786.0s  (98.0s)
  [22] V22    1786.0s →  1834.0s  (48.0s)
  [23] V23    1834.0s →  1894.0s  (60.0s)
  [24] V24    1894.0s →  2066.0s  (172.0s)
  [25] V25    2066.0s →  2112.0s  (46.0s)
  [26] V26    2112.0s →  2161.0s  (49.0s)
  [27] V27    2161.0s →  2220.0s  (59.0s)
  [28] V28    2220.0s →  2272.0s  (52.0s)
  [29] V29    2272.0s →  2337.0s  (65.0s)
  [30] V30    2337.0s →  2446.0s  (109.0s)
  [31] V31    2446.0s →  2659.0s  (213.0s)
  [32] V32    2659.0s →  2843.0s  (184.0s)
  [33] V33    2843.0s →  3008.0s  (165.0s)

✓ 特征已保存: /Users/jiaxuan/Desktop/Music Project/VariVis/backend/features/LBeethoven_OP120_5.json

LBeethoven_OP120_5: 加载 WAV…
  T    2.0s–53.0s … key=Cmin r=0.69  voiced=0.61  beats=91 ✓
  V1   53.0s–187.0s … key=Cmaj r=0.77  voiced=0.58  beats=192 ✓
  V2   187.0s–237.0s … key=Fmin r=0.59  voiced=0.61  beats=149 ✓
  V3   237.0s–311.0s … key=Fmin r=0.61  voiced=0.70  beats=195 ✓
  V4   311.0s–374.0s … key=Fmin r=0.60  voiced=0.72  beats=139 ✓
  V5   374.0s–429.0s … key=Cmaj r=0.67  voiced=0.75  beats=159 ✓
  V6   429.0s–534.0s … key=Cmaj r=0.82  voiced=0.70  beats=196 ✓
  V7   534.0s–604.0s … key=Cmaj r=0.85  voiced=0.81  beats=180 ✓
  V8   604.0s–668.0s … key=Cmaj r=0.70  voiced=0.57  beats=103 ✓
  V9   668.0s–765.0s … key=G#maj r=0.69  voiced=0.76  beats=129 ✓
  V10  765.0s–806.0s … key=Cmaj r=0.77  voiced=0.54  beats=80 ✓
  V11  806.0s–875.0s … key=Cmin r=0.55  voiced=0.78  beats=135 ✓
  V12  875.0s–924.0s … key=Cmaj r=0.67  voiced=0.64  beats=35 ✓
  V13  924.0s–991.0s … key=G#maj r=0.65  voiced=0.39  beats=183 ✓
  V14  991.0s–1196.0s … key=Cmaj r=0.88  voiced=0.73  beats=754 ✓
  V15  1196.0s–1236.0s … key=Cmaj r=0.70  voiced=0.52  beats=53 ✓
  V16  1236.0s–1295.0s … key=Cmaj r=0.65  voiced=0.58  beats=128 ✓
  V17  1295.0s–1357.0s … key=Cmaj r=0.78  voiced=0.56  beats=120 ✓
  V18  1357.0s–1481.0s … key=Cmin r=0.63  voiced=0.68  beats=257 ✓
  V19  1481.0s–1534.0s … key=Cmaj r=0.78  voiced=0.60  beats=193 ✓
  V20  1534.0s–1688.0s … key=G#maj r=0.51  voiced=0.58  beats=301 ✓
  V21  1688.0s–1786.0s … key=Cmaj r=0.70  voiced=0.70  beats=163 ✓
  V22  1786.0s–1834.0s … key=Cmin r=0.73  voiced=0.68  beats=69 ✓
  V23  1834.0s–1894.0s … key=Cmaj r=0.74  voiced=0.77  beats=128 ✓
  V24  1894.0s–2066.0s … key=Cmaj r=0.79  voiced=0.77  beats=379 ✓
  V25  2066.0s–2112.0s … key=Fmin r=0.65  voiced=0.63  beats=53 ✓
  V26  2112.0s–2161.0s … key=Cmaj r=0.79  voiced=0.68  beats=107 ✓
  V27  2161.0s–2220.0s … key=Cmaj r=0.78  voiced=0.61  beats=165 ✓
  V28  2220.0s–2272.0s … key=Cmaj r=0.66  voiced=0.59  beats=125 ✓
  V29  2272.0s–2337.0s … key=G#maj r=0.70  voiced=0.68  beats=153 ✓
  V30  2337.0s–2446.0s … key=G#maj r=0.77  voiced=0.74  beats=186 ✓
  V31  2446.0s–2659.0s … key=G#maj r=0.80  voiced=0.72  beats=439 ✓
  V32  2659.0s–2843.0s … key=D#maj r=0.83  voiced=0.58  beats=334 ✓
  V33  2843.0s–3008.0s … key=Cmin r=0.58  voiced=0.68  beats=406 ✓
✓ 已保存: /Users/jiaxuan/Desktop/Music Project/VariVis/backend/features/LBeethoven_OP120_5.json
Sat Apr 25 15:30:42 AEST 2026: OK LBeethoven_OP120_5

============================================================
处理: LBeethoven_OP120_6
============================================================
曲目: Beethoven - Diabelli Variations,Op. 120
作曲: Ludwig van Beethoven
段落: ['T', 'V1', 'V2', 'V3', 'V4', 'V5', 'V6', 'V7', 'V8', 'V9', 'V10', 'V11', 'V12', 'V13', 'V14', 'V15', 'V16', 'V17', 'V18', 'V19', 'V20', 'V21', 'V22', 'V23', 'V24', 'V25', 'V26', 'V27', 'V28', 'V29', 'V30', 'V31', 'V32', 'V33']  (34 段)
边界(秒): [3.0, 54.0, 160.0, 226.0, 321.0, 388.0, 444.0, 540.0, 604.0, 690.0, 793.0, 830.0, 899.0, 962.0, 1016.0, 1209.0, 1248.0, 1309.0, 1365.0, 1491.0, 1543.0, 1715.0, 1795.0, 1839.0, 1899.0, 2123.0, 2173.0, 2257.0, 2323.0, 2383.0, 2457.0, 2606.0, 2902.0, 3075.0, 3320.0]

正在加载 WAV: LBeethoven_OP120_6.wav...
已加载: 3322.4s @ 48000Hz
  [ 0] T         3.0s →    54.0s  (51.0s)
  [ 1] V1       54.0s →   160.0s  (106.0s)
  [ 2] V2      160.0s →   226.0s  (66.0s)
  [ 3] V3      226.0s →   321.0s  (95.0s)
  [ 4] V4      321.0s →   388.0s  (67.0s)
  [ 5] V5      388.0s →   444.0s  (56.0s)
  [ 6] V6      444.0s →   540.0s  (96.0s)
  [ 7] V7      540.0s →   604.0s  (64.0s)
  [ 8] V8      604.0s →   690.0s  (86.0s)
  [ 9] V9      690.0s →   793.0s  (103.0s)
  [10] V10     793.0s →   830.0s  (37.0s)
  [11] V11     830.0s →   899.0s  (69.0s)
  [12] V12     899.0s →   962.0s  (63.0s)
  [13] V13     962.0s →  1016.0s  (54.0s)
  [14] V14    1016.0s →  1209.0s  (193.0s)
  [15] V15    1209.0s →  1248.0s  (39.0s)
  [16] V16    1248.0s →  1309.0s  (61.0s)
  [17] V17    1309.0s →  1365.0s  (56.0s)
  [18] V18    1365.0s →  1491.0s  (126.0s)
  [19] V19    1491.0s →  1543.0s  (52.0s)
  [20] V20    1543.0s →  1715.0s  (172.0s)
  [21] V21    1715.0s →  1795.0s  (80.0s)
  [22] V22    1795.0s →  1839.0s  (44.0s)
  [23] V23    1839.0s →  1899.0s  (60.0s)
  [24] V24    1899.0s →  2123.0s  (224.0s)
  [25] V25    2123.0s →  2173.0s  (50.0s)
  [26] V26    2173.0s →  2257.0s  (84.0s)
  [27] V27    2257.0s →  2323.0s  (66.0s)
  [28] V28    2323.0s →  2383.0s  (60.0s)
  [29] V29    2383.0s →  2457.0s  (74.0s)
  [30] V30    2457.0s →  2606.0s  (149.0s)
  [31] V31    2606.0s →  2902.0s  (296.0s)
  [32] V32    2902.0s →  3075.0s  (173.0s)
  [33] V33    3075.0s →  3320.0s  (245.0s)

✓ 特征已保存: /Users/jiaxuan/Desktop/Music Project/VariVis/backend/features/LBeethoven_OP120_6.json

LBeethoven_OP120_6: 加载 WAV…
  T    3.0s–54.0s … key=Cmaj r=0.87  voiced=0.47  beats=98 ✓
  V1   54.0s–160.0s … key=Cmaj r=0.82  voiced=0.47  beats=183 ✓
  V2   160.0s–226.0s … key=Cmaj r=0.59  voiced=0.65  beats=136 ✓
  V3   226.0s–321.0s … key=Cmaj r=0.73  voiced=0.65  beats=190 ✓
  V4   321.0s–388.0s … key=Cmaj r=0.90  voiced=0.61  beats=186 ✓
  V5   388.0s–444.0s … key=Cmaj r=0.82  voiced=0.65  beats=90 ✓
  V6   444.0s–540.0s … key=Cmaj r=0.83  voiced=0.50  beats=192 ✓
  V7   540.0s–604.0s … key=Cmaj r=0.88  voiced=0.60  beats=193 ✓
  V8   604.0s–690.0s … key=Cmaj r=0.73  voiced=0.50  beats=182 ✓
  V9   690.0s–793.0s … key=Cmin r=0.71  voiced=0.62  beats=256 ✓
  V10  793.0s–830.0s … key=Cmaj r=0.89  voiced=0.41  beats=96 ✓
  V11  830.0s–899.0s … key=Cmaj r=0.78  voiced=0.76  beats=140 ✓
  V12  899.0s–962.0s … key=Cmaj r=0.79  voiced=0.39  beats=145 ✓
  V13  962.0s–1016.0s … key=Cmaj r=0.71  voiced=0.52  beats=69 ✓
  V14  1016.0s–1209.0s … key=Cmaj r=0.89  voiced=0.55  beats=802 ✓
  V15  1209.0s–1248.0s … key=Cmaj r=0.61  voiced=0.35  beats=65 ✓
  V16  1248.0s–1309.0s … key=Fmin r=0.64  voiced=0.48  beats=128 ✓
  V17  1309.0s–1365.0s … key=Cmaj r=0.63  voiced=0.30  beats=124 ✓
  V18  1365.0s–1491.0s … key=Cmaj r=0.81  voiced=0.77  beats=230 ✓
  V19  1491.0s–1543.0s … key=Cmaj r=0.88  voiced=0.45  beats=101 ✓
  V20  1543.0s–1715.0s … key=Cmaj r=0.66  voiced=0.62  beats=396 ✓
  V21  1715.0s–1795.0s … key=Cmaj r=0.89  voiced=0.46  beats=154 ✓
  V22  1795.0s–1839.0s … key=Cmaj r=0.74  voiced=0.68  beats=70 ✓
  V23  1839.0s–1899.0s … key=Cmaj r=0.73  voiced=0.57  beats=129 ✓
  V24  1899.0s–2123.0s … key=Cmaj r=0.89  voiced=0.76  beats=407 ✓
  V25  2123.0s–2173.0s … key=Cmaj r=0.74  voiced=0.51  beats=63 ✓
  V26  2173.0s–2257.0s … key=Cmaj r=0.88  voiced=0.67  beats=195 ✓
  V27  2257.0s–2323.0s … key=Cmaj r=0.84  voiced=0.38  beats=166 ✓
  V28  2323.0s–2383.0s … key=Cmin r=0.66  voiced=0.45  beats=125 ✓
  V29  2383.0s–2457.0s … key=Cmin r=0.73  voiced=0.76  beats=271 ✓
  V30  2457.0s–2606.0s … key=G#maj r=0.78  voiced=0.71  beats=168 ✓
  V31  2606.0s–2902.0s … key=D#maj r=0.86  voiced=0.79  beats=483 ✓
  V32  2902.0s–3075.0s … key=D#maj r=0.89  voiced=0.42  beats=370 ✓
  V33  3075.0s–3320.0s … key=Cmaj r=0.74  voiced=0.68  beats=482 ✓
✓ 已保存: /Users/jiaxuan/Desktop/Music Project/VariVis/backend/features/LBeethoven_OP120_6.json
Sat Apr 25 15:44:49 AEST 2026: OK LBeethoven_OP120_6

============================================================
处理: LBeethoven_WOO63_1
============================================================
曲目: Variations on a March by Dressler,WoO 63
作曲: Ludwig van Beethoven
段落: ['T', 'V1', 'V2', 'V3', 'V4', 'V5', 'V6', 'V7', 'V8.V9']  (9 段)
边界(秒): [2.0, 54.0, 107.0, 150.0, 184.0, 227.0, 269.0, 318.0, 355.0, 389.0, 433.0]

正在加载 WAV: LBeethoven_WOO63_1.wav...
已加载: 435.2s @ 48000Hz
Traceback (most recent call last):
  File "/Users/jiaxuan/Desktop/Music Project/VariVis/backend/extract_features.py", line 541, in <module>
    main()
  File "/Users/jiaxuan/Desktop/Music Project/VariVis/backend/extract_features.py", line 529, in main
    data = process_file(args.target, args.frames, args.sr)
           ^^^^^^^^^^^^^^^^^^^^^^^^^^^^^^^^^^^^^^^^^^^^^^^
  File "/Users/jiaxuan/Desktop/Music Project/VariVis/backend/extract_features.py", line 406, in process_file
    raise ValueError(
ValueError: boundary数量(11)应等于label数量(9)+1
Sat Apr 25 15:44:52 AEST 2026: FAIL extract LBeethoven_WOO63_1

============================================================
处理: LBeethoven_WOO63_2
============================================================
曲目: Variations on a March by Dressler,WoO 63
作曲: Ludwig van Beethoven
段落: ['T', 'V1', 'V2', 'V3', 'V4', 'V5', 'V6', 'V7', 'V8.V9']  (9 段)
边界(秒): [1.0, 53.0, 106.0, 149.0, 183.0, 226.0, 268.0, 317.0, 354.0, 388.0, 431.0]

正在加载 WAV: LBeethoven_WOO63_2.wav...
已加载: 443.1s @ 48000Hz
Traceback (most recent call last):
  File "/Users/jiaxuan/Desktop/Music Project/VariVis/backend/extract_features.py", line 541, in <module>
    main()
  File "/Users/jiaxuan/Desktop/Music Project/VariVis/backend/extract_features.py", line 529, in main
    data = process_file(args.target, args.frames, args.sr)
           ^^^^^^^^^^^^^^^^^^^^^^^^^^^^^^^^^^^^^^^^^^^^^^^
  File "/Users/jiaxuan/Desktop/Music Project/VariVis/backend/extract_features.py", line 406, in process_file
    raise ValueError(
ValueError: boundary数量(11)应等于label数量(9)+1
Sat Apr 25 15:44:54 AEST 2026: FAIL extract LBeethoven_WOO63_2

============================================================
处理: LBeethoven_WOO63_3
============================================================
曲目: Variations on a March by Dressler,WoO 63
作曲: Ludwig van Beethoven
段落: ['T', 'V1', 'V2', 'V3', 'V4', 'V5', 'V6', 'V7', 'V8.V9']  (9 段)
边界(秒): [7.0, 95.0, 176.0, 253.0, 313.0, 406.0, 485.0, 565.0, 627.0, 694.0, 775.0]

正在加载 WAV: LBeethoven_WOO63_3.wav...
已加载: 777.3s @ 48000Hz
Traceback (most recent call last):
  File "/Users/jiaxuan/Desktop/Music Project/VariVis/backend/extract_features.py", line 541, in <module>
    main()
  File "/Users/jiaxuan/Desktop/Music Project/VariVis/backend/extract_features.py", line 529, in main
    data = process_file(args.target, args.frames, args.sr)
           ^^^^^^^^^^^^^^^^^^^^^^^^^^^^^^^^^^^^^^^^^^^^^^^
  File "/Users/jiaxuan/Desktop/Music Project/VariVis/backend/extract_features.py", line 406, in process_file
    raise ValueError(
ValueError: boundary数量(11)应等于label数量(9)+1
Sat Apr 25 15:44:56 AEST 2026: FAIL extract LBeethoven_WOO63_3

============================================================
处理: LBeethoven_WOO63_4
============================================================
曲目: Variations on a March by Dressler,WoO 63
作曲: Ludwig van Beethoven
段落: ['T', 'V1', 'V2', 'V3', 'V4', 'V5', 'V6', 'V7', 'V8.V9']  (9 段)
边界(秒): [1.0, 88.0, 170.0, 246.0, 307.0, 400.0, 478.0, 558.0, 620.0, 688.0, 769.0]

正在加载 WAV: LBeethoven_WOO63_4.wav...
已加载: 772.0s @ 48000Hz
Traceback (most recent call last):
  File "/Users/jiaxuan/Desktop/Music Project/VariVis/backend/extract_features.py", line 541, in <module>
    main()
  File "/Users/jiaxuan/Desktop/Music Project/VariVis/backend/extract_features.py", line 529, in main
    data = process_file(args.target, args.frames, args.sr)
           ^^^^^^^^^^^^^^^^^^^^^^^^^^^^^^^^^^^^^^^^^^^^^^^
  File "/Users/jiaxuan/Desktop/Music Project/VariVis/backend/extract_features.py", line 406, in process_file
    raise ValueError(
ValueError: boundary数量(11)应等于label数量(9)+1
Sat Apr 25 15:44:59 AEST 2026: FAIL extract LBeethoven_WOO63_4

============================================================
处理: LBeethoven_WOO63_5
============================================================
曲目: Variations on a March by Dressler,WoO 63
作曲: Ludwig van Beethoven
段落: ['T', 'V1', 'V2', 'V3', 'V4', 'V5', 'V6', 'V7', 'V8.V9']  (9 段)
边界(秒): [1.0, 97.0, 187.0, 273.0, 347.0, 432.0, 516.0, 623.0, 712.0, 775.0, 881.0]

正在加载 WAV: LBeethoven_WOO63_5.wav...
已加载: 884.7s @ 48000Hz
Traceback (most recent call last):
  File "/Users/jiaxuan/Desktop/Music Project/VariVis/backend/extract_features.py", line 541, in <module>
    main()
  File "/Users/jiaxuan/Desktop/Music Project/VariVis/backend/extract_features.py", line 529, in main
    data = process_file(args.target, args.frames, args.sr)
           ^^^^^^^^^^^^^^^^^^^^^^^^^^^^^^^^^^^^^^^^^^^^^^^
  File "/Users/jiaxuan/Desktop/Music Project/VariVis/backend/extract_features.py", line 406, in process_file
    raise ValueError(
ValueError: boundary数量(11)应等于label数量(9)+1
Sat Apr 25 15:45:01 AEST 2026: FAIL extract LBeethoven_WOO63_5

============================================================
处理: LBeethoven_WOO69_1
============================================================
曲目: Ludwig van Beethoven - 9 Variations on 'Quant'e piu bello',WoO 69
作曲: Ludwig van Beethoven
段落: ['T', 'V1', 'V2', 'V3', 'V4', 'V5', 'V6', 'V7', 'V8', 'V9']  (10 段)
边界(秒): [6.0, 33.0, 57.0, 81.0, 109.0, 136.0, 158.0, 181.0, 205.0, 229.0, 312.0]

正在加载 WAV: LBeethoven_WOO69_1.wav...
已加载: 313.1s @ 48000Hz
  [ 0] T         6.0s →    33.0s  (27.0s)
  [ 1] V1       33.0s →    57.0s  (24.0s)
  [ 2] V2       57.0s →    81.0s  (24.0s)
  [ 3] V3       81.0s →   109.0s  (28.0s)
  [ 4] V4      109.0s →   136.0s  (27.0s)
  [ 5] V5      136.0s →   158.0s  (22.0s)
  [ 6] V6      158.0s →   181.0s  (23.0s)
  [ 7] V7      181.0s →   205.0s  (24.0s)
  [ 8] V8      205.0s →   229.0s  (24.0s)
  [ 9] V9      229.0s →   312.0s  (83.0s)

✓ 特征已保存: /Users/jiaxuan/Desktop/Music Project/VariVis/backend/features/LBeethoven_WOO69_1.json

LBeethoven_WOO69_1: 加载 WAV…
  T    6.0s–33.0s … key=Amaj r=0.83  voiced=0.71  beats=37 ✓
  V1   33.0s–57.0s … key=Amaj r=0.89  voiced=0.63  beats=46 ✓
  V2   57.0s–81.0s … key=Amaj r=0.87  voiced=0.57  beats=40 ✓
  V3   81.0s–109.0s … key=Amaj r=0.88  voiced=0.66  beats=20 ✓
  V4   109.0s–136.0s … key=Cmaj r=0.75  voiced=0.78  beats=48 ✓
  V5   136.0s–158.0s … key=Amaj r=0.80  voiced=0.58  beats=46 ✓
  V6   158.0s–181.0s … key=Amaj r=0.84  voiced=0.69  beats=47 ✓
  V7   181.0s–205.0s … key=Amaj r=0.79  voiced=0.80  beats=93 ✓
  V8   205.0s–229.0s … key=Amaj r=0.98  voiced=0.70  beats=92 ✓
  V9   229.0s–312.0s … key=Amaj r=0.91  voiced=0.67  beats=156 ✓
✓ 已保存: /Users/jiaxuan/Desktop/Music Project/VariVis/backend/features/LBeethoven_WOO69_1.json
Sat Apr 25 15:46:20 AEST 2026: OK LBeethoven_WOO69_1

============================================================
处理: LBeethoven_WOO69_2
============================================================
曲目: Ludwig van Beethoven - 9 Variations on 'Quant'e piu bello',WoO 69
作曲: Ludwig van Beethoven
段落: ['T', 'V1', 'V2', 'V3', 'V4', 'V5', 'V6', 'V7', 'V8', 'V9']  (10 段)
边界(秒): [0.0, 27.0, 51.0, 75.0, 102.0, 130.0, 151.0, 175.0, 199.0, 223.0, 303.0]

正在加载 WAV: LBeethoven_WOO69_2.wav...
已加载: 306.2s @ 48000Hz
  [ 0] T         0.0s →    27.0s  (27.0s)
  [ 1] V1       27.0s →    51.0s  (24.0s)
  [ 2] V2       51.0s →    75.0s  (24.0s)
  [ 3] V3       75.0s →   102.0s  (27.0s)
  [ 4] V4      102.0s →   130.0s  (28.0s)
  [ 5] V5      130.0s →   151.0s  (21.0s)
  [ 6] V6      151.0s →   175.0s  (24.0s)
  [ 7] V7      175.0s →   199.0s  (24.0s)
  [ 8] V8      199.0s →   223.0s  (24.0s)
  [ 9] V9      223.0s →   303.0s  (80.0s)

✓ 特征已保存: /Users/jiaxuan/Desktop/Music Project/VariVis/backend/features/LBeethoven_WOO69_2.json

LBeethoven_WOO69_2: 加载 WAV…
  T    0.0s–27.0s … key=Amaj r=0.83  voiced=0.73  beats=35 ✓
  V1   27.0s–51.0s … key=Amaj r=0.90  voiced=0.67  beats=46 ✓
  V2   51.0s–75.0s … key=Amaj r=0.86  voiced=0.62  beats=31 ✓
  V3   75.0s–102.0s … key=Amaj r=0.88  voiced=0.66  beats=22 ✓
  V4   102.0s–130.0s … key=Cmaj r=0.73  voiced=0.79  beats=93 ✓
  V5   130.0s–151.0s … key=Amaj r=0.78  voiced=0.57  beats=47 ✓
  V6   151.0s–175.0s … key=Amaj r=0.85  voiced=0.74  beats=46 ✓
  V7   175.0s–199.0s … key=Amaj r=0.79  voiced=0.77  beats=94 ✓
  V8   199.0s–223.0s … key=Amaj r=0.97  voiced=0.69  beats=88 ✓
  V9   223.0s–303.0s … key=Amaj r=0.91  voiced=0.67  beats=154 ✓
✓ 已保存: /Users/jiaxuan/Desktop/Music Project/VariVis/backend/features/LBeethoven_WOO69_2.json
Sat Apr 25 15:47:37 AEST 2026: OK LBeethoven_WOO69_2

============================================================
处理: LBeethoven_WOO69_3
============================================================
曲目: Ludwig van Beethoven - 9 Variations on 'Quant'e piu bello',WoO 69
作曲: Ludwig van Beethoven
段落: ['T', 'V1', 'V2', 'V3', 'V4', 'V5', 'V6', 'V7', 'V9']  (9 段)
边界(秒): [0.0, 26.0, 50.0, 74.0, 104.0, 131.0, 164.0, 187.0, 235.0, 322.0]

正在加载 WAV: LBeethoven_WOO69_3.wav...
已加载: 326.2s @ 48000Hz
  [ 0] T         0.0s →    26.0s  (26.0s)
  [ 1] V1       26.0s →    50.0s  (24.0s)
  [ 2] V2       50.0s →    74.0s  (24.0s)
  [ 3] V3       74.0s →   104.0s  (30.0s)
  [ 4] V4      104.0s →   131.0s  (27.0s)
  [ 5] V5      131.0s →   164.0s  (33.0s)
  [ 6] V6      164.0s →   187.0s  (23.0s)
  [ 7] V7      187.0s →   235.0s  (48.0s)
  [ 8] V9      235.0s →   322.0s  (87.0s)

✓ 特征已保存: /Users/jiaxuan/Desktop/Music Project/VariVis/backend/features/LBeethoven_WOO69_3.json

LBeethoven_WOO69_3: 加载 WAV…
  T    0.0s–26.0s … key=Amaj r=0.68  voiced=0.79  beats=33 ✓
  V1   26.0s–50.0s … key=Amaj r=0.68  voiced=0.78  beats=47 ✓
  V2   50.0s–74.0s … key=Amaj r=0.66  voiced=0.69  beats=54 ✓
  V3   74.0s–104.0s … key=Amaj r=0.73  voiced=0.74  beats=44 ✓
  V4   104.0s–131.0s … key=Cmaj r=0.83  voiced=0.85  beats=57 ✓
  V5   131.0s–164.0s … key=Amaj r=0.58  voiced=0.79  beats=90 ✓
  V6   164.0s–187.0s … key=Amin r=0.63  voiced=0.82  beats=34 ✓
  V7   187.0s–235.0s … key=Amaj r=0.70  voiced=0.82  beats=44 ✓
  V9   235.0s–322.0s … key=Amaj r=0.80  voiced=0.77  beats=263 ✓
✓ 已保存: /Users/jiaxuan/Desktop/Music Project/VariVis/backend/features/LBeethoven_WOO69_3.json
Sat Apr 25 15:48:59 AEST 2026: OK LBeethoven_WOO69_3

============================================================
处理: LBeethoven_WOO69_4
============================================================
曲目: Ludwig van Beethoven - 9 Variations on 'Quant'e piu bello',WoO 69
作曲: Ludwig van Beethoven
段落: ['T', 'V1', 'V2', 'V3', 'V4', 'V5', 'V6', 'V7', 'V8', 'V9']  (10 段)
边界(秒): [1.0, 29.0, 57.0, 83.0, 120.0, 151.0, 182.0, 206.0, 233.0, 257.0, 345.0]

正在加载 WAV: LBeethoven_WOO69_4.wav...
已加载: 334.1s @ 48000Hz
  [ 0] T         1.0s →    29.0s  (28.0s)
  [ 1] V1       29.0s →    57.0s  (28.0s)
  [ 2] V2       57.0s →    83.0s  (26.0s)
  [ 3] V3       83.0s →   120.0s  (37.0s)
  [ 4] V4      120.0s →   151.0s  (31.0s)
  [ 5] V5      151.0s →   182.0s  (31.0s)
  [ 6] V6      182.0s →   206.0s  (24.0s)
  [ 7] V7      206.0s →   233.0s  (27.0s)
  [ 8] V8      233.0s →   257.0s  (24.0s)
  [ 9] V9      257.0s →   345.0s  (88.0s)

✓ 特征已保存: /Users/jiaxuan/Desktop/Music Project/VariVis/backend/features/LBeethoven_WOO69_4.json

LBeethoven_WOO69_4: 加载 WAV…
  T    1.0s–29.0s … key=Amaj r=0.80  voiced=0.82  beats=47 ✓
  V1   29.0s–57.0s … key=Amaj r=0.72  voiced=0.77  beats=56 ✓
  V2   57.0s–83.0s … key=Amaj r=0.81  voiced=0.69  beats=46 ✓
  V3   83.0s–120.0s … key=Amaj r=0.64  voiced=0.79  beats=70 ✓
  V4   120.0s–151.0s … key=Amaj r=0.67  voiced=0.80  beats=92 ✓
  V5   151.0s–182.0s … key=Amaj r=0.73  voiced=0.82  beats=33 ✓
  V6   182.0s–206.0s … key=Amaj r=0.70  voiced=0.82  beats=36 ✓
  V7   206.0s–233.0s … key=Amaj r=0.88  voiced=0.81  beats=105 ✓
  V8   233.0s–257.0s … key=Amaj r=0.88  voiced=0.77  beats=38 ✓
  V9   257.0s–345.0s … key=Amaj r=0.86  voiced=0.67  beats=229 ✓
✓ 已保存: /Users/jiaxuan/Desktop/Music Project/VariVis/backend/features/LBeethoven_WOO69_4.json
Sat Apr 25 15:50:25 AEST 2026: OK LBeethoven_WOO69_4

============================================================
处理: LBeethoven_WOO69_5
============================================================
曲目: Ludwig van Beethoven - 9 Variations on 'Quant'e piu bello',WoO 69
作曲: Ludwig van Beethoven
段落: ['T', 'V1', 'V2', 'V3', 'V4', 'V5', 'V6', 'V7', 'V8', 'V9']  (10 段)
边界(秒): [1.0, 26.0, 49.0, 73.0, 99.0, 132.0, 155.0, 179.0, 204.0, 228.0, 305.0]

正在加载 WAV: LBeethoven_WOO69_5.wav...
已加载: 353.9s @ 48000Hz
  [ 0] T         1.0s →    26.0s  (25.0s)
  [ 1] V1       26.0s →    49.0s  (23.0s)
  [ 2] V2       49.0s →    73.0s  (24.0s)
  [ 3] V3       73.0s →    99.0s  (26.0s)
  [ 4] V4       99.0s →   132.0s  (33.0s)
  [ 5] V5      132.0s →   155.0s  (23.0s)
  [ 6] V6      155.0s →   179.0s  (24.0s)
  [ 7] V7      179.0s →   204.0s  (25.0s)
  [ 8] V8      204.0s →   228.0s  (24.0s)
  [ 9] V9      228.0s →   305.0s  (77.0s)

✓ 特征已保存: /Users/jiaxuan/Desktop/Music Project/VariVis/backend/features/LBeethoven_WOO69_5.json

LBeethoven_WOO69_5: 加载 WAV…
  T    1.0s–26.0s … key=Amaj r=0.79  voiced=0.69  beats=38 ✓
  V1   26.0s–49.0s … key=Amaj r=0.82  voiced=0.76  beats=44 ✓
  V2   49.0s–73.0s … key=Amaj r=0.86  voiced=0.70  beats=45 ✓
  V3   73.0s–99.0s … key=Emaj r=0.83  voiced=0.64  beats=31 ✓
  V4   99.0s–132.0s … key=Amaj r=0.77  voiced=0.73  beats=95 ✓
  V5   132.0s–155.0s … key=Emin r=0.74  voiced=0.79  beats=74 ✓
  V6   155.0s–179.0s … key=Emaj r=0.67  voiced=0.71  beats=37 ✓
  V7   179.0s–204.0s … key=Amaj r=0.79  voiced=0.82  beats=51 ✓
  V8   204.0s–228.0s … key=Emaj r=0.86  voiced=0.87  beats=77 ✓
  V9   228.0s–305.0s … key=Amaj r=0.89  voiced=0.80  beats=135 ✓
✓ 已保存: /Users/jiaxuan/Desktop/Music Project/VariVis/backend/features/LBeethoven_WOO69_5.json
Sat Apr 25 15:51:47 AEST 2026: OK LBeethoven_WOO69_5

============================================================
处理: LBeethoven_WOO69_6
============================================================
曲目: Ludwig van Beethoven - 9 Variations on 'Quant'e piu bello',WoO 69
作曲: Ludwig van Beethoven
段落: ['T', 'V1', 'V2', 'V3', 'V4', 'V5', 'V6', 'V7', 'V8', 'V9']  (10 段)
边界(秒): [0.0, 33.0, 62.0, 92.0, 121.0, 157.0, 188.0, 214.0, 240.0, 263.0, 347.0]

正在加载 WAV: LBeethoven_WOO69_6.wav...
已加载: 308.1s @ 48000Hz
  [ 0] T         0.0s →    33.0s  (33.0s)
  [ 1] V1       33.0s →    62.0s  (29.0s)
  [ 2] V2       62.0s →    92.0s  (30.0s)
  [ 3] V3       92.0s →   121.0s  (29.0s)
  [ 4] V4      121.0s →   157.0s  (36.0s)
  [ 5] V5      157.0s →   188.0s  (31.0s)
  [ 6] V6      188.0s →   214.0s  (26.0s)
  [ 7] V7      214.0s →   240.0s  (26.0s)
  [ 8] V8      240.0s →   263.0s  (23.0s)
  [ 9] V9      263.0s →   347.0s  (84.0s)

✓ 特征已保存: /Users/jiaxuan/Desktop/Music Project/VariVis/backend/features/LBeethoven_WOO69_6.json

LBeethoven_WOO69_6: 加载 WAV…
  T    0.0s–33.0s … key=Amaj r=0.69  voiced=0.73  beats=59 ✓
  V1   33.0s–62.0s … key=Amaj r=0.79  voiced=0.66  beats=52 ✓
  V2   62.0s–92.0s … key=Amaj r=0.77  voiced=0.64  beats=57 ✓
  V3   92.0s–121.0s … key=Cmaj r=0.80  voiced=0.68  beats=86 ✓
  V4   121.0s–157.0s … key=Amaj r=0.71  voiced=0.60  beats=75 ✓
  V5   157.0s–188.0s … key=Amaj r=0.70  voiced=0.79  beats=69 ✓
  V6   188.0s–214.0s … key=Emaj r=0.71  voiced=0.82  beats=100 ✓
  V7   214.0s–240.0s … key=Amaj r=0.81  voiced=0.71  beats=39 ✓
  V8   240.0s–263.0s … key=Amaj r=0.72  voiced=0.85  beats=38 ✓
  V9   263.0s–347.0s … key=Amaj r=0.85  voiced=0.64  beats=78 ✓
✓ 已保存: /Users/jiaxuan/Desktop/Music Project/VariVis/backend/features/LBeethoven_WOO69_6.json
Sat Apr 25 15:53:09 AEST 2026: OK LBeethoven_WOO69_6
/Users/jiaxuan/Desktop/Music Project/VariVis/backend/.venv/lib/python3.11/site-packages/librosa/core/spectrum.py:266: UserWarning: n_fft=2048 is too large for input signal of length=0
  warnings.warn(
/Users/jiaxuan/Desktop/Music Project/VariVis/backend/.venv/lib/python3.11/site-packages/librosa/core/pitch.py:103: UserWarning: Trying to estimate tuning from empty frequency set.
  return pitch_tuning(

============================================================
处理: LBeethoven_WOO69_7
============================================================
曲目: Ludwig van Beethoven - 9 Variations on 'Quant'e piu bello',WoO 69
作曲: Ludwig van Beethoven
段落: ['T', 'V1', 'V2', 'V3', 'V4', 'V5', 'V6', 'V7', 'V8', 'V9']  (10 段)
边界(秒): [0.0, 32.0, 64.0, 103.0, 154.0, 199.0, 241.0, 280.0, 318.0, 355.0, 461.0]

正在加载 WAV: LBeethoven_WOO69_7.wav...
已加载: 349.7s @ 48000Hz
  [ 0] T         0.0s →    32.0s  (32.0s)
  [ 1] V1       32.0s →    64.0s  (32.0s)
  [ 2] V2       64.0s →   103.0s  (39.0s)
  [ 3] V3      103.0s →   154.0s  (51.0s)
  [ 4] V4      154.0s →   199.0s  (45.0s)
  [ 5] V5      199.0s →   241.0s  (42.0s)
  [ 6] V6      241.0s →   280.0s  (39.0s)
  [ 7] V7      280.0s →   318.0s  (38.0s)
  [ 8] V8      318.0s →   355.0s  (37.0s)
  [ 9] V9      355.0s →   461.0s  (106.0s)  ⚠ 时长过短(106.00s)，特征可能不稳定
Traceback (most recent call last):
  File "/Users/jiaxuan/Desktop/Music Project/VariVis/backend/extract_features.py", line 541, in <module>
    main()
  File "/Users/jiaxuan/Desktop/Music Project/VariVis/backend/extract_features.py", line 529, in main
    data = process_file(args.target, args.frames, args.sr)
           ^^^^^^^^^^^^^^^^^^^^^^^^^^^^^^^^^^^^^^^^^^^^^^^
  File "/Users/jiaxuan/Desktop/Music Project/VariVis/backend/extract_features.py", line 429, in process_file
    feats = extract_segment_features(y_seg, sr, label, compressed_frames)
            ^^^^^^^^^^^^^^^^^^^^^^^^^^^^^^^^^^^^^^^^^^^^^^^^^^^^^^^^^^^^^
  File "/Users/jiaxuan/Desktop/Music Project/VariVis/backend/extract_features.py", line 172, in extract_segment_features
    chroma_cqt = librosa.feature.chroma_cqt(y=y, sr=sr, bins_per_octave=36)
                 ^^^^^^^^^^^^^^^^^^^^^^^^^^^^^^^^^^^^^^^^^^^^^^^^^^^^^^^^^^
  File "/Users/jiaxuan/Desktop/Music Project/VariVis/backend/.venv/lib/python3.11/site-packages/librosa/feature/spectral.py", line 1388, in chroma_cqt
    cqt_func[cqt_mode](
  File "/Users/jiaxuan/Desktop/Music Project/VariVis/backend/.venv/lib/python3.11/site-packages/librosa/core/constantq.py", line 171, in cqt
    return vqt(
           ^^^^
  File "/Users/jiaxuan/Desktop/Music Project/VariVis/backend/.venv/lib/python3.11/site-packages/librosa/core/constantq.py", line 980, in vqt
    y, sr, hop_length = __early_downsample(
                        ^^^^^^^^^^^^^^^^^^^
  File "/Users/jiaxuan/Desktop/Music Project/VariVis/backend/.venv/lib/python3.11/site-packages/librosa/core/constantq.py", line 1173, in __early_downsample
    raise ParameterError(
librosa.util.exceptions.ParameterError: Input signal length=0 is too short for 7-octave CQT
Sat Apr 25 15:53:58 AEST 2026: FAIL extract LBeethoven_WOO69_7

============================================================
处理: LBeethoven_WOO69_8
============================================================
曲目: Ludwig van Beethoven - 9 Variations on 'Quant'e piu bello',WoO 69
作曲: Ludwig van Beethoven
段落: ['T', 'V1', 'V2', 'V3', 'V4', 'V5', 'V6', 'V7', 'V8', 'V9']  (10 段)
边界(秒): [0.0, 30.0, 53.0, 83.0, 126.0, 154.0, 190.0, 221.0, 252.0, 285.0, 383.0]

正在加载 WAV: LBeethoven_WOO69_8.wav...
已加载: 468.1s @ 48000Hz
  [ 0] T         0.0s →    30.0s  (30.0s)
  [ 1] V1       30.0s →    53.0s  (23.0s)
  [ 2] V2       53.0s →    83.0s  (30.0s)
  [ 3] V3       83.0s →   126.0s  (43.0s)
  [ 4] V4      126.0s →   154.0s  (28.0s)
  [ 5] V5      154.0s →   190.0s  (36.0s)
  [ 6] V6      190.0s →   221.0s  (31.0s)
  [ 7] V7      221.0s →   252.0s  (31.0s)
  [ 8] V8      252.0s →   285.0s  (33.0s)
  [ 9] V9      285.0s →   383.0s  (98.0s)

✓ 特征已保存: /Users/jiaxuan/Desktop/Music Project/VariVis/backend/features/LBeethoven_WOO69_8.json

LBeethoven_WOO69_8: 加载 WAV…
  T    0.0s–30.0s … key=Amaj r=0.84  voiced=0.85  beats=39 ✓
  V1   30.0s–53.0s … key=Amaj r=0.87  voiced=0.79  beats=32 ✓
  V2   53.0s–83.0s … key=Amaj r=0.86  voiced=0.77  beats=57 ✓
  V3   83.0s–126.0s … key=Amaj r=0.90  voiced=0.82  beats=97 ✓
  V4   126.0s–154.0s … key=Amaj r=0.86  voiced=0.83  beats=19 ✓
  V5   154.0s–190.0s … key=Cmaj r=0.84  voiced=0.85  beats=48 ✓
  V6   190.0s–221.0s … key=Amaj r=0.79  voiced=0.80  beats=70 ✓
  V7   221.0s–252.0s … key=Amaj r=0.86  voiced=0.77  beats=31 ✓
  V8   252.0s–285.0s … key=Amaj r=0.80  voiced=0.84  beats=80 ✓
  V9   285.0s–383.0s … key=Amaj r=0.88  voiced=0.85  beats=257 ✓
✓ 已保存: /Users/jiaxuan/Desktop/Music Project/VariVis/backend/features/LBeethoven_WOO69_8.json
Sat Apr 25 15:55:41 AEST 2026: OK LBeethoven_WOO69_8

============================================================
处理: LBeethoven_WOO80_1
============================================================
曲目: Beethoven - 32 Variations in C minor,WoO 80
作曲: Ludwig van Beethoven
段落: ['T', 'V1', 'V2', 'V3', 'V4', 'V5', 'V6', 'V7', 'V8', 'V9', 'V10', 'V11', 'V12', 'V13', 'V14', 'V15', 'V16', 'V17', 'V18', 'V19', 'V20', 'V21', 'V22', 'V23', 'V24', 'V25', 'V26', 'V27', 'V28', 'V29', 'V30', 'V31', 'V32']  (33 段)
边界(秒): [0.0, 19.0, 32.0, 45.0, 59.0, 73.0, 93.0, 106.0, 125.0, 143.0, 168.0, 184.0, 201.0, 223.0, 241.0, 259.0, 276.0, 291.0, 312.0, 328.0, 345.0, 360.0, 375.0, 389.0, 408.0, 421.0, 437.0, 452.0, 467.0, 484.0, 500.0, 524.0, 545.0, 649.0]

正在加载 WAV: LBeethoven_WOO80_1.wav...
已加载: 651.4s @ 48000Hz
  [ 0] T         0.0s →    19.0s  (19.0s)
  [ 1] V1       19.0s →    32.0s  (13.0s)
  [ 2] V2       32.0s →    45.0s  (13.0s)
  [ 3] V3       45.0s →    59.0s  (14.0s)
  [ 4] V4       59.0s →    73.0s  (14.0s)
  [ 5] V5       73.0s →    93.0s  (20.0s)
  [ 6] V6       93.0s →   106.0s  (13.0s)
  [ 7] V7      106.0s →   125.0s  (19.0s)
  [ 8] V8      125.0s →   143.0s  (18.0s)
  [ 9] V9      143.0s →   168.0s  (25.0s)
  [10] V10     168.0s →   184.0s  (16.0s)
  [11] V11     184.0s →   201.0s  (17.0s)
  [12] V12     201.0s →   223.0s  (22.0s)
  [13] V13     223.0s →   241.0s  (18.0s)
  [14] V14     241.0s →   259.0s  (18.0s)
  [15] V15     259.0s →   276.0s  (17.0s)
  [16] V16     276.0s →   291.0s  (15.0s)
  [17] V17     291.0s →   312.0s  (21.0s)
  [18] V18     312.0s →   328.0s  (16.0s)
  [19] V19     328.0s →   345.0s  (17.0s)
  [20] V20     345.0s →   360.0s  (15.0s)
  [21] V21     360.0s →   375.0s  (15.0s)
  [22] V22     375.0s →   389.0s  (14.0s)
  [23] V23     389.0s →   408.0s  (19.0s)
  [24] V24     408.0s →   421.0s  (13.0s)
  [25] V25     421.0s →   437.0s  (16.0s)
  [26] V26     437.0s →   452.0s  (15.0s)
  [27] V27     452.0s →   467.0s  (15.0s)
  [28] V28     467.0s →   484.0s  (17.0s)
  [29] V29     484.0s →   500.0s  (16.0s)
  [30] V30     500.0s →   524.0s  (24.0s)
  [31] V31     524.0s →   545.0s  (21.0s)
  [32] V32     545.0s →   649.0s  (104.0s)

✓ 特征已保存: /Users/jiaxuan/Desktop/Music Project/VariVis/backend/features/LBeethoven_WOO80_1.json

LBeethoven_WOO80_1: 加载 WAV…
  T    0.0s–19.0s … key=Cmin r=0.77  voiced=0.66  beats=16 ✓
  V1   19.0s–32.0s … key=Cmin r=0.74  voiced=0.77  beats=24 ✓
  V2   32.0s–45.0s … key=Cmin r=0.81  voiced=0.66  beats=21 ✓
  V3   45.0s–59.0s … key=Cmin r=0.76  voiced=0.52  beats=26 ✓
  V4   59.0s–73.0s … key=Cmin r=0.71  voiced=0.82  beats=21 ✓
  V5   73.0s–93.0s … key=Gmaj r=0.71  voiced=0.74  beats=33 ✓
  V6   93.0s–106.0s … key=Cmin r=0.87  voiced=0.57  beats=21 ✓
  V7   106.0s–125.0s … key=Cmin r=0.72  voiced=0.61  beats=50 ✓
  V8   125.0s–143.0s … key=Cmin r=0.78  voiced=0.58  beats=22 ✓
  V9   143.0s–168.0s … key=Cmin r=0.58  voiced=0.82  beats=25 ✓
  V10  168.0s–184.0s … key=Cmaj r=0.74  voiced=0.71  beats=18 ✓
  V11  184.0s–201.0s … key=Cmin r=0.75  voiced=0.65  beats=42 ✓
  V12  201.0s–223.0s … key=Cmaj r=0.65  voiced=0.80  beats=46 ✓
  V13  223.0s–241.0s … key=Cmaj r=0.75  voiced=0.81  beats=46 ✓
  V14  241.0s–259.0s … key=Fmaj r=0.82  voiced=0.67  beats=45 ✓
  V15  259.0s–276.0s … key=Cmaj r=0.87  voiced=0.72  beats=38 ✓
  V16  276.0s–291.0s … key=Cmaj r=0.77  voiced=0.57  beats=17 ✓
  V17  291.0s–312.0s … key=Cmin r=0.76  voiced=0.84  beats=31 ✓
  V18  312.0s–328.0s … key=Cmaj r=0.68  voiced=0.48  beats=22 ✓
  V19  328.0s–345.0s … key=Cmin r=0.72  voiced=0.63  beats=48 ✓
  V20  345.0s–360.0s … key=Cmin r=0.76  voiced=0.72  beats=22 ✓
  V21  360.0s–375.0s … key=Cmaj r=0.64  voiced=0.63  beats=37 ✓
  V22  375.0s–389.0s … key=Cmin r=0.74  voiced=0.66  beats=21 ✓
  V23  389.0s–408.0s … key=Cmin r=0.74  voiced=0.58  beats=50 ✓
  V24  408.0s–421.0s … key=Cmin r=0.76  voiced=0.81  beats=11 ✓
  V25  421.0s–437.0s … key=Cmin r=0.85  voiced=0.70  beats=16 ✓
  V26  437.0s–452.0s … key=Cmin r=0.79  voiced=0.63  beats=43 ✓
  V27  452.0s–467.0s … key=Cmin r=0.70  voiced=0.58  beats=24 ✓
  V28  467.0s–484.0s … key=Cmin r=0.76  voiced=0.79  beats=18 ✓
  V29  484.0s–500.0s … key=Cmin r=0.78  voiced=0.57  beats=19 ✓
  V30  500.0s–524.0s … key=Cmin r=0.81  voiced=0.71  beats=17 ✓
  V31  524.0s–545.0s … key=Cmaj r=0.56  voiced=0.73  beats=35 ✓
  V32  545.0s–649.0s … key=Cmin r=0.84  voiced=0.67  beats=306 ✓
✓ 已保存: /Users/jiaxuan/Desktop/Music Project/VariVis/backend/features/LBeethoven_WOO80_1.json
Sat Apr 25 16:00:08 AEST 2026: OK LBeethoven_WOO80_1

============================================================
处理: LBeethoven_WOO80_2
============================================================
曲目: Beethoven - 32 Variations in C minor,WoO 80
作曲: Ludwig van Beethoven
段落: ['T', 'V1', 'V2', 'V3', 'V4', 'V5', 'V6', 'V7', 'V8', 'V9', 'V10', 'V11', 'V12', 'V13', 'V14', 'V15', 'V16', 'V17', 'V18', 'V19', 'V20', 'V21', 'V22', 'V23', 'V24', 'V25', 'V26', 'V27', 'V28', 'V29', 'V30', 'V31', 'V32']  (33 段)
边界(秒): [0.0, 17.0, 32.0, 47.0, 62.0, 76.0, 93.0, 107.0, 126.0, 145.0, 167.0, 183.0, 206.0, 226.0, 243.0, 262.0, 281.0, 300.0, 318.0, 338.0, 356.0, 373.0, 390.0, 409.0, 428.0, 443.0, 458.0, 474.0, 493.0, 511.0, 528.0, 551.0, 571.0, 686.0]

正在加载 WAV: LBeethoven_WOO80_2.wav...
已加载: 691.4s @ 48000Hz
  [ 0] T         0.0s →    17.0s  (17.0s)
  [ 1] V1       17.0s →    32.0s  (15.0s)
  [ 2] V2       32.0s →    47.0s  (15.0s)
  [ 3] V3       47.0s →    62.0s  (15.0s)
  [ 4] V4       62.0s →    76.0s  (14.0s)
  [ 5] V5       76.0s →    93.0s  (17.0s)
  [ 6] V6       93.0s →   107.0s  (14.0s)
  [ 7] V7      107.0s →   126.0s  (19.0s)
  [ 8] V8      126.0s →   145.0s  (19.0s)
  [ 9] V9      145.0s →   167.0s  (22.0s)
  [10] V10     167.0s →   183.0s  (16.0s)
  [11] V11     183.0s →   206.0s  (23.0s)
  [12] V12     206.0s →   226.0s  (20.0s)
  [13] V13     226.0s →   243.0s  (17.0s)
  [14] V14     243.0s →   262.0s  (19.0s)
  [15] V15     262.0s →   281.0s  (19.0s)
  [16] V16     281.0s →   300.0s  (19.0s)
  [17] V17     300.0s →   318.0s  (18.0s)
  [18] V18     318.0s →   338.0s  (20.0s)
  [19] V19     338.0s →   356.0s  (18.0s)
  [20] V20     356.0s →   373.0s  (17.0s)
  [21] V21     373.0s →   390.0s  (17.0s)
  [22] V22     390.0s →   409.0s  (19.0s)
  [23] V23     409.0s →   428.0s  (19.0s)
  [24] V24     428.0s →   443.0s  (15.0s)
  [25] V25     443.0s →   458.0s  (15.0s)
  [26] V26     458.0s →   474.0s  (16.0s)
  [27] V27     474.0s →   493.0s  (19.0s)
  [28] V28     493.0s →   511.0s  (18.0s)
  [29] V29     511.0s →   528.0s  (17.0s)
  [30] V30     528.0s →   551.0s  (23.0s)
  [31] V31     551.0s →   571.0s  (20.0s)
  [32] V32     571.0s →   686.0s  (115.0s)

✓ 特征已保存: /Users/jiaxuan/Desktop/Music Project/VariVis/backend/features/LBeethoven_WOO80_2.json

LBeethoven_WOO80_2: 加载 WAV…
  T    0.0s–17.0s … key=Cmin r=0.74  voiced=0.72  beats=17 ✓
  V1   17.0s–32.0s … key=Cmin r=0.69  voiced=0.77  beats=33 ✓
  V2   32.0s–47.0s … key=Cmin r=0.79  voiced=0.73  beats=3 ✓
  V3   47.0s–62.0s … key=Cmin r=0.92  voiced=0.64  beats=25 ✓
  V4   62.0s–76.0s … key=Cmin r=0.74  voiced=0.81  beats=8 ✓
  V5   76.0s–93.0s … key=Cmin r=0.69  voiced=0.78  beats=21 ✓
  V6   93.0s–107.0s … key=Cmin r=0.83  voiced=0.73  beats=19 ✓
  V7   107.0s–126.0s … key=Cmin r=0.79  voiced=0.68  beats=25 ✓
  V8   126.0s–145.0s … key=Cmin r=0.78  voiced=0.66  beats=39 ✓
  V9   145.0s–167.0s … key=Cmin r=0.70  voiced=0.87  beats=23 ✓
  V10  167.0s–183.0s … key=Cmaj r=0.77  voiced=0.83  beats=34 ✓
  V11  183.0s–206.0s … key=Cmin r=0.85  voiced=0.72  beats=47 ✓
  V12  206.0s–226.0s … key=Cmaj r=0.64  voiced=0.88  beats=29 ✓
  V13  226.0s–243.0s … key=Cmaj r=0.86  voiced=0.86  beats=21 ✓
  V14  243.0s–262.0s … key=Cmaj r=0.77  voiced=0.79  beats=42 ✓
  V15  262.0s–281.0s … key=Cmaj r=0.84  voiced=0.84  beats=12 ✓
  V16  281.0s–300.0s … key=Cmaj r=0.76  voiced=0.77  beats=16 ✓
  V17  300.0s–318.0s … key=Cmin r=0.79  voiced=0.80  beats=39 ✓
  V18  318.0s–338.0s … key=Cmin r=0.76  voiced=0.70  beats=22 ✓
  V19  338.0s–356.0s … key=Cmin r=0.80  voiced=0.76  beats=47 ✓
  V20  356.0s–373.0s … key=Cmin r=0.81  voiced=0.77  beats=22 ✓
  V21  373.0s–390.0s … key=Cmaj r=0.69  voiced=0.71  beats=46 ✓
  V22  390.0s–409.0s … key=Cmin r=0.83  voiced=0.81  beats=40 ✓
  V23  409.0s–428.0s … key=Cmin r=0.65  voiced=0.76  beats=3 ✓
  V24  428.0s–443.0s … key=Cmin r=0.71  voiced=0.80  beats=17 ✓
  V25  443.0s–458.0s … key=Cmin r=0.79  voiced=0.78  beats=17 ✓
  V26  458.0s–474.0s … key=Cmin r=0.88  voiced=0.53  beats=16 ✓
  V27  474.0s–493.0s … key=Cmin r=0.81  voiced=0.70  beats=22 ✓
  V28  493.0s–511.0s … key=Cmin r=0.84  voiced=0.79  beats=24 ✓
  V29  511.0s–528.0s … key=Cmin r=0.79  voiced=0.56  beats=41 ✓
  V30  528.0s–551.0s … key=Cmin r=0.86  voiced=0.87  beats=4 ✓
  V31  551.0s–571.0s … key=Cmin r=0.65  voiced=0.59  beats=46 ✓
  V32  571.0s–686.0s … key=Cmin r=0.87  voiced=0.71  beats=292 ✓
✓ 已保存: /Users/jiaxuan/Desktop/Music Project/VariVis/backend/features/LBeethoven_WOO80_2.json
Sat Apr 25 17:01:40 AEST 2026: OK LBeethoven_WOO80_2

============================================================
处理: LBeethoven_WOO80_3
============================================================
曲目: Beethoven - 32 Variations in C minor,WoO 80
作曲: Ludwig van Beethoven
段落: ['T', 'V1', 'V2', 'V3', 'V4', 'V5', 'V6', 'V7', 'V8', 'V9', 'V10', 'V11', 'V12', 'V13', 'V14', 'V15', 'V16', 'V17', 'V18', 'V19', 'V20', 'V21', 'V22', 'V23', 'V24', 'V25', 'V26', 'V27', 'V28', 'V29', 'V30', 'V31', 'V32']  (33 段)
边界(秒): [0.0, 24.0, 46.0, 66.0, 88.0, 111.0, 130.0, 143.0, 156.0, 169.0, 191.0, 208.0, 226.0, 254.0, 276.0, 300.0, 321.0, 341.0, 369.0, 388.0, 405.0, 419.0, 433.0, 451.0, 473.0, 487.0, 503.0, 516.0, 529.0, 549.0, 566.0, 588.0, 609.0, 743.0]

正在加载 WAV: LBeethoven_WOO80_3.wav...
已加载: 747.7s @ 48000Hz
  [ 0] T         0.0s →    24.0s  (24.0s)
  [ 1] V1       24.0s →    46.0s  (22.0s)
  [ 2] V2       46.0s →    66.0s  (20.0s)
  [ 3] V3       66.0s →    88.0s  (22.0s)
  [ 4] V4       88.0s →   111.0s  (23.0s)
  [ 5] V5      111.0s →   130.0s  (19.0s)
  [ 6] V6      130.0s →   143.0s  (13.0s)
  [ 7] V7      143.0s →   156.0s  (13.0s)
  [ 8] V8      156.0s →   169.0s  (13.0s)
  [ 9] V9      169.0s →   191.0s  (22.0s)
  [10] V10     191.0s →   208.0s  (17.0s)
  [11] V11     208.0s →   226.0s  (18.0s)
  [12] V12     226.0s →   254.0s  (28.0s)
  [13] V13     254.0s →   276.0s  (22.0s)
  [14] V14     276.0s →   300.0s  (24.0s)
  [15] V15     300.0s →   321.0s  (21.0s)
  [16] V16     321.0s →   341.0s  (20.0s)
  [17] V17     341.0s →   369.0s  (28.0s)
  [18] V18     369.0s →   388.0s  (19.0s)
  [19] V19     388.0s →   405.0s  (17.0s)
  [20] V20     405.0s →   419.0s  (14.0s)
  [21] V21     419.0s →   433.0s  (14.0s)
  [22] V22     433.0s →   451.0s  (18.0s)
  [23] V23     451.0s →   473.0s  (22.0s)
  [24] V24     473.0s →   487.0s  (14.0s)
  [25] V25     487.0s →   503.0s  (16.0s)
  [26] V26     503.0s →   516.0s  (13.0s)
  [27] V27     516.0s →   529.0s  (13.0s)
  [28] V28     529.0s →   549.0s  (20.0s)
  [29] V29     549.0s →   566.0s  (17.0s)
  [30] V30     566.0s →   588.0s  (22.0s)
  [31] V31     588.0s →   609.0s  (21.0s)
  [32] V32     609.0s →   743.0s  (134.0s)

✓ 特征已保存: /Users/jiaxuan/Desktop/Music Project/VariVis/backend/features/LBeethoven_WOO80_3.json

LBeethoven_WOO80_3: 加载 WAV…
  T    0.0s–24.0s … key=Cmin r=0.52  voiced=0.69  beats=17 ✓
  V1   24.0s–46.0s … key=Cmin r=0.62  voiced=0.70  beats=20 ✓
  V2   46.0s–66.0s … key=Cmin r=0.80  voiced=0.57  beats=38 ✓
  V3   66.0s–88.0s … key=Cmin r=0.81  voiced=0.47  beats=40 ✓
  V4   88.0s–111.0s … key=Cmin r=0.68  voiced=0.77  beats=29 ✓
  V5   111.0s–130.0s … key=Cmaj r=0.64  voiced=0.71  beats=34 ✓
  V6   130.0s–143.0s … key=Cmin r=0.82  voiced=0.47  beats=24 ✓
  V7   143.0s–156.0s … key=Cmaj r=0.87  voiced=0.35  beats=23 ✓
  V8   156.0s–169.0s … key=Cmin r=0.81  voiced=0.41  beats=21 ✓
  V9   169.0s–191.0s … key=Cmin r=0.58  voiced=0.76  beats=54 ✓
  V10  191.0s–208.0s … key=Cmaj r=0.80  voiced=0.49  beats=22 ✓
  V11  208.0s–226.0s … key=Cmaj r=0.86  voiced=0.56  beats=19 ✓
  V12  226.0s–254.0s … key=Cmaj r=0.70  voiced=0.65  beats=83 ✓
  V13  254.0s–276.0s … key=Cmaj r=0.73  voiced=0.81  beats=44 ✓
  V14  276.0s–300.0s … key=Cmaj r=0.94  voiced=0.61  beats=41 ✓
  V15  300.0s–321.0s … key=Cmaj r=0.88  voiced=0.72  beats=35 ✓
  V16  321.0s–341.0s … key=Cmaj r=0.94  voiced=0.64  beats=33 ✓
  V17  341.0s–369.0s … key=Cmin r=0.80  voiced=0.76  beats=54 ✓
  V18  369.0s–388.0s … key=Cmin r=0.70  voiced=0.52  beats=25 ✓
  V19  388.0s–405.0s … key=Cmin r=0.79  voiced=0.60  beats=43 ✓
  V20  405.0s–419.0s … key=Cmin r=0.74  voiced=0.52  beats=23 ✓
  V21  419.0s–433.0s … key=Cmaj r=0.74  voiced=0.71  beats=19 ✓
  V22  433.0s–451.0s … key=Cmin r=0.87  voiced=0.75  beats=45 ✓
  V23  451.0s–473.0s … key=Cmin r=0.61  voiced=0.63  beats=54 ✓
  V24  473.0s–487.0s … key=Cmin r=0.82  voiced=0.85  beats=28 ✓
  V25  487.0s–503.0s … key=Cmin r=0.81  voiced=0.75  beats=27 ✓
  V26  503.0s–516.0s … key=Cmin r=0.84  voiced=0.40  beats=46 ✓
  V27  516.0s–529.0s … key=Cmin r=0.82  voiced=0.41  beats=16 ✓
  V28  529.0s–549.0s … key=Cmin r=0.81  voiced=0.69  beats=66 ✓
  V29  549.0s–566.0s … key=Cmin r=0.63  voiced=0.35  beats=37 ✓
  V30  566.0s–588.0s … key=Cmin r=0.88  voiced=0.77  beats=18 ✓
  V31  588.0s–609.0s … key=Cmaj r=0.70  voiced=0.51  beats=41 ✓
  V32  609.0s–743.0s … key=Cmin r=0.86  voiced=0.70  beats=312 ✓
✓ 已保存: /Users/jiaxuan/Desktop/Music Project/VariVis/backend/features/LBeethoven_WOO80_3.json
Sat Apr 25 17:04:45 AEST 2026: OK LBeethoven_WOO80_3

============================================================
处理: LBeethoven_WOO80_4
============================================================
曲目: Beethoven - 32 Variations in C minor,WoO 80
作曲: Ludwig van Beethoven
段落: ['T', 'V1', 'V2', 'V3', 'V4', 'V5', 'V6', 'V7', 'V8', 'V9', 'V10', 'V11', 'V12', 'V13', 'V14', 'V15', 'V16', 'V17', 'V18', 'V19', 'V20', 'V21', 'V22', 'V23', 'V24', 'V25', 'V26', 'V27', 'V28', 'V29', 'V30', 'V31', 'V32']  (33 段)
边界(秒): [0.0, 19.0, 36.0, 50.0, 66.0, 81.0, 97.0, 110.0, 128.0, 146.0, 168.0, 184.0, 201.0, 223.0, 238.0, 257.0, 275.0, 293.0, 312.0, 332.0, 346.0, 359.0, 373.0, 389.0, 410.0, 426.0, 441.0, 457.0, 474.0, 494.0, 509.0, 537.0, 560.0, 661.0]

正在加载 WAV: LBeethoven_WOO80_4.wav...
已加载: 673.0s @ 48000Hz
  [ 0] T         0.0s →    19.0s  (19.0s)
  [ 1] V1       19.0s →    36.0s  (17.0s)
  [ 2] V2       36.0s →    50.0s  (14.0s)
  [ 3] V3       50.0s →    66.0s  (16.0s)
  [ 4] V4       66.0s →    81.0s  (15.0s)
  [ 5] V5       81.0s →    97.0s  (16.0s)
  [ 6] V6       97.0s →   110.0s  (13.0s)
  [ 7] V7      110.0s →   128.0s  (18.0s)
  [ 8] V8      128.0s →   146.0s  (18.0s)
  [ 9] V9      146.0s →   168.0s  (22.0s)
  [10] V10     168.0s →   184.0s  (16.0s)
  [11] V11     184.0s →   201.0s  (17.0s)
  [12] V12     201.0s →   223.0s  (22.0s)
  [13] V13     223.0s →   238.0s  (15.0s)
  [14] V14     238.0s →   257.0s  (19.0s)
  [15] V15     257.0s →   275.0s  (18.0s)
  [16] V16     275.0s →   293.0s  (18.0s)
  [17] V17     293.0s →   312.0s  (19.0s)
  [18] V18     312.0s →   332.0s  (20.0s)
  [19] V19     332.0s →   346.0s  (14.0s)
  [20] V20     346.0s →   359.0s  (13.0s)
  [21] V21     359.0s →   373.0s  (14.0s)
  [22] V22     373.0s →   389.0s  (16.0s)
  [23] V23     389.0s →   410.0s  (21.0s)
  [24] V24     410.0s →   426.0s  (16.0s)
  [25] V25     426.0s →   441.0s  (15.0s)
  [26] V26     441.0s →   457.0s  (16.0s)
  [27] V27     457.0s →   474.0s  (17.0s)
  [28] V28     474.0s →   494.0s  (20.0s)
  [29] V29     494.0s →   509.0s  (15.0s)
  [30] V30     509.0s →   537.0s  (28.0s)
  [31] V31     537.0s →   560.0s  (23.0s)
  [32] V32     560.0s →   661.0s  (101.0s)

✓ 特征已保存: /Users/jiaxuan/Desktop/Music Project/VariVis/backend/features/LBeethoven_WOO80_4.json

LBeethoven_WOO80_4: 加载 WAV…
  T    0.0s–19.0s … key=Cmin r=0.67  voiced=0.47  beats=17 ✓
  V1   19.0s–36.0s … key=Cmin r=0.72  voiced=0.77  beats=10 ✓
  V2   36.0s–50.0s … key=Cmin r=0.79  voiced=0.60  beats=15 ✓
  V3   50.0s–66.0s … key=Cmin r=0.87  voiced=0.46  beats=33 ✓
  V4   66.0s–81.0s … key=Cmin r=0.82  voiced=0.76  beats=21 ✓
  V5   81.0s–97.0s … key=Gmin r=0.68  voiced=0.75  beats=23 ✓
  V6   97.0s–110.0s … key=Cmin r=0.75  voiced=0.49  beats=19 ✓
  V7   110.0s–128.0s … key=Cmin r=0.67  voiced=0.56  beats=39 ✓
  V8   128.0s–146.0s … key=Cmin r=0.67  voiced=0.53  beats=45 ✓
  V9   146.0s–168.0s … key=Gmin r=0.71  voiced=0.80  beats=34 ✓
  V10  168.0s–184.0s … key=Gmaj r=0.76  voiced=0.65  beats=21 ✓
  V11  184.0s–201.0s … key=Cmin r=0.79  voiced=0.58  beats=20 ✓
  V12  201.0s–223.0s … key=Gmaj r=0.79  voiced=0.61  beats=4 ✓
  V13  223.0s–238.0s … key=Gmaj r=0.78  voiced=0.84  beats=21 ✓
  V14  238.0s–257.0s … key=Cmaj r=0.89  voiced=0.52  beats=39 ✓
  V15  257.0s–275.0s … key=Cmaj r=0.81  voiced=0.72  beats=23 ✓
  V16  275.0s–293.0s … key=Cmaj r=0.79  voiced=0.71  beats=14 ✓
  V17  293.0s–312.0s … key=Cmin r=0.71  voiced=0.80  beats=28 ✓
  V18  312.0s–332.0s … key=Gmin r=0.65  voiced=0.48  beats=25 ✓
  V19  332.0s–346.0s … key=Cmin r=0.62  voiced=0.55  beats=21 ✓
  V20  346.0s–359.0s … key=Gmin r=0.69  voiced=0.69  beats=22 ✓
  V21  359.0s–373.0s … key=Gmin r=0.73  voiced=0.41  beats=22 ✓
  V22  373.0s–389.0s … key=Cmin r=0.90  voiced=0.79  beats=23 ✓
  V23  389.0s–410.0s … key=Cmin r=0.60  voiced=0.68  beats=55 ✓
  V24  410.0s–426.0s … key=Cmin r=0.75  voiced=0.75  beats=16 ✓
  V25  426.0s–441.0s … key=Cmin r=0.78  voiced=0.67  beats=19 ✓
  V26  441.0s–457.0s … key=Cmin r=0.76  voiced=0.63  beats=48 ✓
  V27  457.0s–474.0s … key=Cmin r=0.80  voiced=0.43  beats=21 ✓
  V28  474.0s–494.0s … key=Cmin r=0.77  voiced=0.79  beats=16 ✓
  V29  494.0s–509.0s … key=Cmin r=0.72  voiced=0.43  beats=15 ✓
  V30  509.0s–537.0s … key=Cmin r=0.82  voiced=0.62  beats=53 ✓
  V31  537.0s–560.0s … key=Cmin r=0.70  voiced=0.58  beats=41 ✓
  V32  560.0s–661.0s … key=Cmin r=0.77  voiced=0.63  beats=258 ✓
✓ 已保存: /Users/jiaxuan/Desktop/Music Project/VariVis/backend/features/LBeethoven_WOO80_4.json
Sat Apr 25 17:07:33 AEST 2026: OK LBeethoven_WOO80_4

============================================================
处理: LBeethoven_WOO80_5
============================================================
曲目: Beethoven - 32 Variations in C minor,WoO 80
作曲: Ludwig van Beethoven
段落: ['T', 'V1', 'V2', 'V3', 'V4', 'V5', 'V6', 'V7', 'V8', 'V9', 'V10', 'V11', 'V12', 'V13', 'V14', 'V15', 'V16', 'V17', 'V18', 'V19', 'V20', 'V21', 'V22', 'V23', 'V24', 'V25', 'V26', 'V27', 'V28', 'V29', 'V30', 'V31', 'V32']  (33 段)
边界(秒): [8.0, 26.0, 38.0, 49.0, 61.0, 74.0, 97.0, 109.0, 135.0, 158.0, 191.0, 208.0, 225.0, 254.0, 274.0, 295.0, 326.0, 356.0, 389.0, 406.0, 420.0, 434.0, 448.0, 466.0, 497.0, 508.0, 520.0, 533.0, 546.0, 563.0, 577.0, 611.0, 637.0, 741.0]

正在加载 WAV: LBeethoven_WOO80_5.wav...
已加载: 760.5s @ 48000Hz
  [ 0] T         8.0s →    26.0s  (18.0s)
  [ 1] V1       26.0s →    38.0s  (12.0s)
  [ 2] V2       38.0s →    49.0s  (11.0s)
  [ 3] V3       49.0s →    61.0s  (12.0s)
  [ 4] V4       61.0s →    74.0s  (13.0s)
  [ 5] V5       74.0s →    97.0s  (23.0s)
  [ 6] V6       97.0s →   109.0s  (12.0s)
  [ 7] V7      109.0s →   135.0s  (26.0s)
  [ 8] V8      135.0s →   158.0s  (23.0s)
  [ 9] V9      158.0s →   191.0s  (33.0s)
  [10] V10     191.0s →   208.0s  (17.0s)
  [11] V11     208.0s →   225.0s  (17.0s)
  [12] V12     225.0s →   254.0s  (29.0s)
  [13] V13     254.0s →   274.0s  (20.0s)
  [14] V14     274.0s →   295.0s  (21.0s)
  [15] V15     295.0s →   326.0s  (31.0s)
  [16] V16     326.0s →   356.0s  (30.0s)
  [17] V17     356.0s →   389.0s  (33.0s)
  [18] V18     389.0s →   406.0s  (17.0s)
  [19] V19     406.0s →   420.0s  (14.0s)
  [20] V20     420.0s →   434.0s  (14.0s)
  [21] V21     434.0s →   448.0s  (14.0s)
  [22] V22     448.0s →   466.0s  (18.0s)
  [23] V23     466.0s →   497.0s  (31.0s)
  [24] V24     497.0s →   508.0s  (11.0s)
  [25] V25     508.0s →   520.0s  (12.0s)
  [26] V26     520.0s →   533.0s  (13.0s)
  [27] V27     533.0s →   546.0s  (13.0s)
  [28] V28     546.0s →   563.0s  (17.0s)
  [29] V29     563.0s →   577.0s  (14.0s)
  [30] V30     577.0s →   611.0s  (34.0s)
  [31] V31     611.0s →   637.0s  (26.0s)
  [32] V32     637.0s →   741.0s  (104.0s)

✓ 特征已保存: /Users/jiaxuan/Desktop/Music Project/VariVis/backend/features/LBeethoven_WOO80_5.json

LBeethoven_WOO80_5: 加载 WAV…
  T    8.0s–26.0s … key=Cmin r=0.61  voiced=0.46  beats=21 ✓
  V1   26.0s–38.0s … key=D#maj r=0.77  voiced=0.69  beats=20 ✓
  V2   38.0s–49.0s … key=G#maj r=0.45  voiced=0.63  beats=22 ✓
  V3   49.0s–61.0s … key=Cmin r=0.87  voiced=0.37  beats=24 ✓
  V4   61.0s–74.0s … key=Cmin r=0.88  voiced=0.71  beats=21 ✓
  V5   74.0s–97.0s … key=Gmaj r=0.66  voiced=0.78  beats=20 ✓
  V6   97.0s–109.0s … key=Cmin r=0.71  voiced=0.61  beats=24 ✓
  V7   109.0s–135.0s … key=Cmaj r=0.73  voiced=0.59  beats=54 ✓
  V8   135.0s–158.0s … key=Cmin r=0.71  voiced=0.53  beats=55 ✓
  V9   158.0s–191.0s … key=Cmin r=0.64  voiced=0.81  beats=68 ✓
  V10  191.0s–208.0s … key=Cmin r=0.72  voiced=0.62  beats=49 ✓
  V11  208.0s–225.0s … key=Cmin r=0.74  voiced=0.73  beats=38 ✓
  V12  225.0s–254.0s … key=Cmaj r=0.88  voiced=0.69  beats=83 ✓
  V13  254.0s–274.0s … key=Cmaj r=0.67  voiced=0.85  beats=19 ✓
  V14  274.0s–295.0s … key=Cmaj r=0.87  voiced=0.75  beats=39 ✓
  V15  295.0s–326.0s … key=Cmaj r=0.82  voiced=0.73  beats=45 ✓
  V16  326.0s–356.0s … key=Cmaj r=0.93  voiced=0.75  beats=91 ✓
  V17  356.0s–389.0s … key=Cmin r=0.76  voiced=0.70  beats=52 ✓
  V18  389.0s–406.0s … key=Cmaj r=0.76  voiced=0.57  beats=21 ✓
  V19  406.0s–420.0s … key=Cmin r=0.81  voiced=0.61  beats=46 ✓
  V20  420.0s–434.0s … key=Cmin r=0.80  voiced=0.69  beats=24 ✓
  V21  434.0s–448.0s … key=Cmin r=0.66  voiced=0.53  beats=20 ✓
  V22  448.0s–466.0s … key=Cmin r=0.85  voiced=0.69  beats=46 ✓
  V23  466.0s–497.0s … key=Cmin r=0.76  voiced=0.54  beats=72 ✓
  V24  497.0s–508.0s … key=Cmin r=0.65  voiced=0.62  beats=23 ✓
  V25  508.0s–520.0s … key=Cmin r=0.64  voiced=0.64  beats=21 ✓
  V26  520.0s–533.0s … key=Cmin r=0.90  voiced=0.59  beats=25 ✓
  V27  533.0s–546.0s … key=Cmin r=0.88  voiced=0.50  beats=23 ✓
  V28  546.0s–563.0s … key=Cmin r=0.77  voiced=0.73  beats=12 ✓
  V29  563.0s–577.0s … key=Cmin r=0.74  voiced=0.23  beats=17 ✓
  V30  577.0s–611.0s … key=Cmin r=0.83  voiced=0.77  beats=65 ✓
  V31  611.0s–637.0s … key=Cmin r=0.67  voiced=0.52  beats=61 ✓
  V32  637.0s–741.0s … key=Cmin r=0.85  voiced=0.68  beats=173 ✓
✓ 已保存: /Users/jiaxuan/Desktop/Music Project/VariVis/backend/features/LBeethoven_WOO80_5.json
Sat Apr 25 17:10:41 AEST 2026: OK LBeethoven_WOO80_5

============================================================
处理: LBeethoven_WOO80_6
============================================================
曲目: Beethoven - 32 Variations in C minor,WoO 80
作曲: Ludwig van Beethoven
段落: ['T', 'V1', 'V2', 'V3', 'V4', 'V5', 'V6', 'V7', 'V8', 'V9', 'V10', 'V11', 'V12', 'V13', 'V14', 'V15', 'V16', 'V17', 'V18', 'V19', 'V20', 'V21', 'V22', 'V23', 'V24', 'V25', 'V26', 'V27', 'V28', 'V29', 'V30', 'V31', 'V32']  (33 段)
边界(秒): [0.0, 22.0, 38.0, 54.0, 69.0, 85.0, 104.0, 117.0, 135.0, 156.0, 185.0, 204.0, 226.0, 249.0, 270.0, 293.0, 316.0, 339.0, 363.0, 383.0, 398.0, 413.0, 427.0, 446.0, 467.0, 483.0, 502.0, 519.0, 537.0, 556.0, 574.0, 612.0, 640.0, 750.0]

正在加载 WAV: LBeethoven_WOO80_6.wav...
已加载: 757.6s @ 48000Hz
  [ 0] T         0.0s →    22.0s  (22.0s)
  [ 1] V1       22.0s →    38.0s  (16.0s)
  [ 2] V2       38.0s →    54.0s  (16.0s)
  [ 3] V3       54.0s →    69.0s  (15.0s)
  [ 4] V4       69.0s →    85.0s  (16.0s)
  [ 5] V5       85.0s →   104.0s  (19.0s)
  [ 6] V6      104.0s →   117.0s  (13.0s)
  [ 7] V7      117.0s →   135.0s  (18.0s)
  [ 8] V8      135.0s →   156.0s  (21.0s)
  [ 9] V9      156.0s →   185.0s  (29.0s)
  [10] V10     185.0s →   204.0s  (19.0s)
  [11] V11     204.0s →   226.0s  (22.0s)
  [12] V12     226.0s →   249.0s  (23.0s)
  [13] V13     249.0s →   270.0s  (21.0s)
  [14] V14     270.0s →   293.0s  (23.0s)
  [15] V15     293.0s →   316.0s  (23.0s)
  [16] V16     316.0s →   339.0s  (23.0s)
  [17] V17     339.0s →   363.0s  (24.0s)
  [18] V18     363.0s →   383.0s  (20.0s)
  [19] V19     383.0s →   398.0s  (15.0s)
  [20] V20     398.0s →   413.0s  (15.0s)
  [21] V21     413.0s →   427.0s  (14.0s)
  [22] V22     427.0s →   446.0s  (19.0s)
  [23] V23     446.0s →   467.0s  (21.0s)
  [24] V24     467.0s →   483.0s  (16.0s)
  [25] V25     483.0s →   502.0s  (19.0s)
  [26] V26     502.0s →   519.0s  (17.0s)
  [27] V27     519.0s →   537.0s  (18.0s)
  [28] V28     537.0s →   556.0s  (19.0s)
  [29] V29     556.0s →   574.0s  (18.0s)
  [30] V30     574.0s →   612.0s  (38.0s)
  [31] V31     612.0s →   640.0s  (28.0s)
  [32] V32     640.0s →   750.0s  (110.0s)

✓ 特征已保存: /Users/jiaxuan/Desktop/Music Project/VariVis/backend/features/LBeethoven_WOO80_6.json

LBeethoven_WOO80_6: 加载 WAV…
  T    0.0s–22.0s … key=Cmin r=0.79  voiced=0.74  beats=40 ✓
  V1   22.0s–38.0s … key=Cmin r=0.78  voiced=0.79  beats=26 ✓
  V2   38.0s–54.0s … key=Cmin r=0.79  voiced=0.66  beats=20 ✓
  V3   54.0s–69.0s … key=Cmin r=0.77  voiced=0.43  beats=32 ✓
  V4   69.0s–85.0s … key=Cmin r=0.78  voiced=0.81  beats=11 ✓
  V5   85.0s–104.0s … key=Cmaj r=0.67  voiced=0.73  beats=23 ✓
  V6   104.0s–117.0s … key=Cmin r=0.85  voiced=0.68  beats=20 ✓
  V7   117.0s–135.0s … key=Cmaj r=0.76  voiced=0.48  beats=36 ✓
  V8   135.0s–156.0s … key=Cmin r=0.73  voiced=0.54  beats=40 ✓
  V9   156.0s–185.0s … key=Cmin r=0.72  voiced=0.80  beats=16 ✓
  V10  185.0s–204.0s … key=Cmaj r=0.75  voiced=0.58  beats=21 ✓
  V11  204.0s–226.0s … key=Cmin r=0.82  voiced=0.55  beats=22 ✓
  V12  226.0s–249.0s … key=Cmaj r=0.81  voiced=0.83  beats=36 ✓
  V13  249.0s–270.0s … key=Cmaj r=0.87  voiced=0.82  beats=22 ✓
  V14  270.0s–293.0s … key=Cmaj r=0.96  voiced=0.67  beats=34 ✓
  V15  293.0s–316.0s … key=Cmaj r=0.93  voiced=0.56  beats=37 ✓
  V16  316.0s–339.0s … key=Cmaj r=0.89  voiced=0.62  beats=17 ✓
  V17  339.0s–363.0s … key=Cmin r=0.77  voiced=0.79  beats=48 ✓
  V18  363.0s–383.0s … key=Cmaj r=0.77  voiced=0.56  beats=23 ✓
  V19  383.0s–398.0s … key=Cmin r=0.74  voiced=0.61  beats=42 ✓
  V20  398.0s–413.0s … key=Cmin r=0.79  voiced=0.65  beats=24 ✓
  V21  413.0s–427.0s … key=Cmaj r=0.77  voiced=0.50  beats=23 ✓
  V22  427.0s–446.0s … key=Cmin r=0.85  voiced=0.69  beats=25 ✓
  V23  446.0s–467.0s … key=Cmin r=0.65  voiced=0.59  beats=8 ✓
  V24  467.0s–483.0s … key=Cmin r=0.87  voiced=0.78  beats=12 ✓
  V25  483.0s–502.0s … key=Cmin r=0.86  voiced=0.82  beats=24 ✓
  V26  502.0s–519.0s … key=Cmin r=0.82  voiced=0.35  beats=16 ✓
  V27  519.0s–537.0s … key=Cmin r=0.87  voiced=0.50  beats=29 ✓
  V28  537.0s–556.0s … key=Cmin r=0.82  voiced=0.73  beats=16 ✓
  V29  556.0s–574.0s … key=Cmin r=0.74  voiced=0.42  beats=23 ✓
  V30  574.0s–612.0s … key=Cmin r=0.86  voiced=0.75  beats=3 ✓
  V31  612.0s–640.0s … key=Cmaj r=0.70  voiced=0.44  beats=91 ✓
  V32  640.0s–750.0s … key=Cmin r=0.90  voiced=0.63  beats=305 ✓
✓ 已保存: /Users/jiaxuan/Desktop/Music Project/VariVis/backend/features/LBeethoven_WOO80_6.json
Sat Apr 25 17:29:15 AEST 2026: OK LBeethoven_WOO80_6

============================================================
处理: LBeethoven_WOO80_7
============================================================
曲目: Beethoven - 32 Variations in C minor,WoO 80
作曲: Ludwig van Beethoven
段落: ['T', 'V1', 'V2', 'V3', 'V4', 'V5', 'V6', 'V7', 'V8', 'V9', 'V10', 'V11', 'V12', 'V13', 'V14', 'V15', 'V16', 'V17', 'V18', 'V19', 'V20', 'V21', 'V22', 'V23', 'V24', 'V25', 'V26', 'V27', 'V28', 'V29', 'V30', 'V31', 'V32']  (33 段)
边界(秒): [1.0, 17.0, 31.0, 44.0, 58.0, 72.0, 89.0, 102.0, 118.0, 136.0, 157.0, 172.0, 192.0, 210.0, 229.0, 249.0, 270.0, 289.0, 309.0, 325.0, 339.0, 353.0, 366.0, 381.0, 399.0, 413.0, 427.0, 441.0, 455.0, 470.0, 485.0, 506.0, 526.0, 622.0]

正在加载 WAV: LBeethoven_WOO80_7.wav...
已加载: 625.1s @ 48000Hz
  [ 0] T         1.0s →    17.0s  (16.0s)
  [ 1] V1       17.0s →    31.0s  (14.0s)
  [ 2] V2       31.0s →    44.0s  (13.0s)
  [ 3] V3       44.0s →    58.0s  (14.0s)
  [ 4] V4       58.0s →    72.0s  (14.0s)
  [ 5] V5       72.0s →    89.0s  (17.0s)
  [ 6] V6       89.0s →   102.0s  (13.0s)
  [ 7] V7      102.0s →   118.0s  (16.0s)
  [ 8] V8      118.0s →   136.0s  (18.0s)
  [ 9] V9      136.0s →   157.0s  (21.0s)
  [10] V10     157.0s →   172.0s  (15.0s)
  [11] V11     172.0s →   192.0s  (20.0s)
  [12] V12     192.0s →   210.0s  (18.0s)
  [13] V13     210.0s →   229.0s  (19.0s)
  [14] V14     229.0s →   249.0s  (20.0s)
  [15] V15     249.0s →   270.0s  (21.0s)
  [16] V16     270.0s →   289.0s  (19.0s)
  [17] V17     289.0s →   309.0s  (20.0s)
  [18] V18     309.0s →   325.0s  (16.0s)
  [19] V19     325.0s →   339.0s  (14.0s)
  [20] V20     339.0s →   353.0s  (14.0s)
  [21] V21     353.0s →   366.0s  (13.0s)
  [22] V22     366.0s →   381.0s  (15.0s)
  [23] V23     381.0s →   399.0s  (18.0s)
  [24] V24     399.0s →   413.0s  (14.0s)
  [25] V25     413.0s →   427.0s  (14.0s)
  [26] V26     427.0s →   441.0s  (14.0s)
  [27] V27     441.0s →   455.0s  (14.0s)
  [28] V28     455.0s →   470.0s  (15.0s)
  [29] V29     470.0s →   485.0s  (15.0s)
  [30] V30     485.0s →   506.0s  (21.0s)
  [31] V31     506.0s →   526.0s  (20.0s)
  [32] V32     526.0s →   622.0s  (96.0s)

✓ 特征已保存: /Users/jiaxuan/Desktop/Music Project/VariVis/backend/features/LBeethoven_WOO80_7.json

LBeethoven_WOO80_7: 加载 WAV…
  T    1.0s–17.0s … key=Cmin r=0.78  voiced=0.44  beats=16 ✓
  V1   17.0s–31.0s … key=Cmin r=0.69  voiced=0.73  beats=32 ✓
  V2   31.0s–44.0s … key=Cmin r=0.72  voiced=0.60  beats=15 ✓
  V3   44.0s–58.0s … key=Cmin r=0.84  voiced=0.36  beats=22 ✓
  V4   58.0s–72.0s … key=Cmin r=0.73  voiced=0.67  beats=22 ✓
  V5   72.0s–89.0s … key=Cmin r=0.70  voiced=0.62  beats=23 ✓
  V6   89.0s–102.0s … key=Cmin r=0.82  voiced=0.40  beats=22 ✓
  V7   102.0s–118.0s … key=Cmaj r=0.76  voiced=0.36  beats=50 ✓
  V8   118.0s–136.0s … key=Cmin r=0.72  voiced=0.39  beats=43 ✓
  V9   136.0s–157.0s … key=Cmin r=0.75  voiced=0.76  beats=43 ✓
  V10  157.0s–172.0s … key=Gmaj r=0.75  voiced=0.57  beats=40 ✓
  V11  172.0s–192.0s … key=Cmin r=0.74  voiced=0.60  beats=50 ✓
  V12  192.0s–210.0s … key=Cmaj r=0.81  voiced=0.77  beats=14 ✓
  V13  210.0s–229.0s … key=Cmaj r=0.76  voiced=0.81  beats=18 ✓
  V14  229.0s–249.0s … key=Cmaj r=0.89  voiced=0.50  beats=36 ✓
  V15  249.0s–270.0s … key=Cmaj r=0.90  voiced=0.63  beats=72 ✓
  V16  270.0s–289.0s … key=Cmaj r=0.87  voiced=0.55  beats=18 ✓
  V17  289.0s–309.0s … key=Cmin r=0.82  voiced=0.63  beats=35 ✓
  V18  309.0s–325.0s … key=Cmaj r=0.70  voiced=0.35  beats=24 ✓
  V19  325.0s–339.0s … key=Cmin r=0.78  voiced=0.44  beats=24 ✓
  V20  339.0s–353.0s … key=Cmin r=0.84  voiced=0.63  beats=23 ✓
  V21  353.0s–366.0s … key=Gmaj r=0.72  voiced=0.43  beats=19 ✓
  V22  366.0s–381.0s … key=Cmin r=0.91  voiced=0.58  beats=20 ✓
  V23  381.0s–399.0s … key=Cmin r=0.65  voiced=0.48  beats=23 ✓
  V24  399.0s–413.0s … key=Cmin r=0.73  voiced=0.67  beats=11 ✓
  V25  413.0s–427.0s … key=Cmin r=0.73  voiced=0.75  beats=37 ✓
  V26  427.0s–441.0s … key=Cmin r=0.79  voiced=0.43  beats=24 ✓
  V27  441.0s–455.0s … key=Cmin r=0.81  voiced=0.41  beats=15 ✓
  V28  455.0s–470.0s … key=Cmin r=0.88  voiced=0.75  beats=20 ✓
  V29  470.0s–485.0s … key=Cmin r=0.81  voiced=0.14  beats=23 ✓
  V30  485.0s–506.0s … key=Cmin r=0.82  voiced=0.70  beats=18 ✓
  V31  506.0s–526.0s … key=Cmin r=0.71  voiced=0.29  beats=41 ✓
  V32  526.0s–622.0s … key=Cmin r=0.85  voiced=0.55  beats=133 ✓
✓ 已保存: /Users/jiaxuan/Desktop/Music Project/VariVis/backend/features/LBeethoven_WOO80_7.json
Sat Apr 25 17:31:53 AEST 2026: OK LBeethoven_WOO80_7

============================================================
处理: LBeethoven_WOO70_1
============================================================
曲目: 6 Variations on 'Nel cor piu non mi sento',WoO 70 (Beethoven,Ludwig van)
作曲: Ludwig van Beethoven
段落: ['T', 'V1', 'V2', 'V3', 'V4', 'V5', 'V6']  (7 段)
边界(秒): [5.0, 43.0, 80.0, 114.0, 149.0, 196.0, 233.0, 306.0]

正在加载 WAV: LBeethoven_WOO70_1.wav...
已加载: 324.9s @ 48000Hz
  [ 0] T         5.0s →    43.0s  (38.0s)
  [ 1] V1       43.0s →    80.0s  (37.0s)
  [ 2] V2       80.0s →   114.0s  (34.0s)
  [ 3] V3      114.0s →   149.0s  (35.0s)
  [ 4] V4      149.0s →   196.0s  (47.0s)
  [ 5] V5      196.0s →   233.0s  (37.0s)
  [ 6] V6      233.0s →   306.0s  (73.0s)

✓ 特征已保存: /Users/jiaxuan/Desktop/Music Project/VariVis/backend/features/LBeethoven_WOO70_1.json

LBeethoven_WOO70_1: 加载 WAV…
  T    5.0s–43.0s … key=Gmaj r=0.86  voiced=0.82  beats=9 ✓
  V1   43.0s–80.0s … key=Gmaj r=0.78  voiced=0.82  beats=20 ✓
  V2   80.0s–114.0s … key=Gmaj r=0.77  voiced=0.76  beats=47 ✓
  V3   114.0s–149.0s … key=Gmaj r=0.81  voiced=0.70  beats=31 ✓
  V4   149.0s–196.0s … key=Gmin r=0.81  voiced=0.86  beats=19 ✓
  V5   196.0s–233.0s … key=Gmaj r=0.71  voiced=0.81  beats=90 ✓
  V6   233.0s–306.0s … key=Gmaj r=0.85  voiced=0.60  beats=129 ✓
✓ 已保存: /Users/jiaxuan/Desktop/Music Project/VariVis/backend/features/LBeethoven_WOO70_1.json
Sat Apr 25 17:48:09 AEST 2026: OK LBeethoven_WOO70_1

============================================================
处理: LBeethoven_WOO70_2
============================================================
曲目: 6 Variations on 'Nel cor piu non mi sento',WoO 70 (Beethoven,Ludwig van)
作曲: Ludwig van Beethoven
段落: ['T', 'V1', 'V2', 'V3', 'V4', 'V5', 'V6']  (7 段)
边界(秒): [0.0, 40.0, 75.0, 109.0, 149.0, 203.0, 244.0, 328.0]

正在加载 WAV: LBeethoven_WOO70_2.wav...
已加载: 336.9s @ 48000Hz
  [ 0] T         0.0s →    40.0s  (40.0s)
  [ 1] V1       40.0s →    75.0s  (35.0s)
  [ 2] V2       75.0s →   109.0s  (34.0s)
  [ 3] V3      109.0s →   149.0s  (40.0s)
  [ 4] V4      149.0s →   203.0s  (54.0s)
  [ 5] V5      203.0s →   244.0s  (41.0s)
  [ 6] V6      244.0s →   328.0s  (84.0s)

✓ 特征已保存: /Users/jiaxuan/Desktop/Music Project/VariVis/backend/features/LBeethoven_WOO70_2.json

LBeethoven_WOO70_2: 加载 WAV…
  T    0.0s–40.0s … key=Gmaj r=0.75  voiced=0.80  beats=62 ✓
  V1   40.0s–75.0s … key=Gmaj r=0.62  voiced=0.81  beats=81 ✓
  V2   75.0s–109.0s … key=Gmaj r=0.68  voiced=0.83  beats=36 ✓
  V3   109.0s–149.0s … key=Gmaj r=0.70  voiced=0.73  beats=86 ✓
  V4   149.0s–203.0s … key=Gmin r=0.82  voiced=0.83  beats=142 ✓
  V5   203.0s–244.0s … key=Gmaj r=0.67  voiced=0.85  beats=114 ✓
  V6   244.0s–328.0s … key=Gmaj r=0.75  voiced=0.72  beats=133 ✓
✓ 已保存: /Users/jiaxuan/Desktop/Music Project/VariVis/backend/features/LBeethoven_WOO70_2.json
Sat Apr 25 17:49:37 AEST 2026: OK LBeethoven_WOO70_2

============================================================
处理: LBeethoven_WOO70_3
============================================================
曲目: 6 Variations on 'Nel cor piu non mi sento',WoO 70 (Beethoven,Ludwig van)
作曲: Ludwig van Beethoven
段落: ['T', 'V1', 'V2', 'V3', 'V4', 'V5', 'V6']  (7 段)
边界(秒): [1.0, 43.0, 81.0, 117.0, 155.0, 206.0, 246.0, 327.0]

正在加载 WAV: LBeethoven_WOO70_3.wav...
已加载: 339.0s @ 48000Hz
  [ 0] T         1.0s →    43.0s  (42.0s)
  [ 1] V1       43.0s →    81.0s  (38.0s)
  [ 2] V2       81.0s →   117.0s  (36.0s)
  [ 3] V3      117.0s →   155.0s  (38.0s)
  [ 4] V4      155.0s →   206.0s  (51.0s)
  [ 5] V5      206.0s →   246.0s  (40.0s)
  [ 6] V6      246.0s →   327.0s  (81.0s)

✓ 特征已保存: /Users/jiaxuan/Desktop/Music Project/VariVis/backend/features/LBeethoven_WOO70_3.json

LBeethoven_WOO70_3: 加载 WAV…
  T    1.0s–43.0s … key=Gmaj r=0.92  voiced=0.82  beats=111 ✓
  V1   43.0s–81.0s … key=Gmaj r=0.93  voiced=0.77  beats=109 ✓
  V2   81.0s–117.0s … key=Gmaj r=0.76  voiced=0.84  beats=61 ✓
  V3   117.0s–155.0s … key=Gmaj r=0.87  voiced=0.71  beats=89 ✓
  V4   155.0s–206.0s … key=Gmin r=0.85  voiced=0.84  beats=123 ✓
  V5   206.0s–246.0s … key=Gmaj r=0.94  voiced=0.75  beats=66 ✓
  V6   246.0s–327.0s … key=Gmaj r=0.87  voiced=0.68  beats=133 ✓
✓ 已保存: /Users/jiaxuan/Desktop/Music Project/VariVis/backend/features/LBeethoven_WOO70_3.json
Sat Apr 25 17:51:14 AEST 2026: OK LBeethoven_WOO70_3

============================================================
处理: LBeethoven_WOO70_4
============================================================
曲目: 6 Variations on 'Nel cor piu non mi sento',WoO 70 (Beethoven,Ludwig van)
作曲: Ludwig van Beethoven
段落: ['T', 'V1', 'V2', 'V3', 'V4', 'V5', 'V6']  (7 段)
边界(秒): [1.0, 37.0, 70.0, 103.0, 138.0, 182.0, 223.0, 308.0]

正在加载 WAV: LBeethoven_WOO70_4.wav...
已加载: 314.3s @ 48000Hz
  [ 0] T         1.0s →    37.0s  (36.0s)
  [ 1] V1       37.0s →    70.0s  (33.0s)
  [ 2] V2       70.0s →   103.0s  (33.0s)
  [ 3] V3      103.0s →   138.0s  (35.0s)
  [ 4] V4      138.0s →   182.0s  (44.0s)
  [ 5] V5      182.0s →   223.0s  (41.0s)
  [ 6] V6      223.0s →   308.0s  (85.0s)

✓ 特征已保存: /Users/jiaxuan/Desktop/Music Project/VariVis/backend/features/LBeethoven_WOO70_4.json

LBeethoven_WOO70_4: 加载 WAV…
  T    1.0s–37.0s … key=Gmaj r=0.76  voiced=0.81  beats=57 ✓
  V1   37.0s–70.0s … key=Gmaj r=0.74  voiced=0.86  beats=59 ✓
  V2   70.0s–103.0s … key=Gmaj r=0.66  voiced=0.79  beats=43 ✓
  V3   103.0s–138.0s … key=Gmaj r=0.79  voiced=0.70  beats=91 ✓
  V4   138.0s–182.0s … key=Gmin r=0.73  voiced=0.84  beats=135 ✓
  V5   182.0s–223.0s … key=Gmaj r=0.79  voiced=0.84  beats=115 ✓
  V6   223.0s–308.0s … key=Gmaj r=0.77  voiced=0.70  beats=262 ✓
✓ 已保存: /Users/jiaxuan/Desktop/Music Project/VariVis/backend/features/LBeethoven_WOO70_4.json
Sat Apr 25 17:52:45 AEST 2026: OK LBeethoven_WOO70_4

============================================================
处理: LBeethoven_WOO70_5
============================================================
曲目: 6 Variations on 'Nel cor piu non mi sento',WoO 70 (Beethoven,Ludwig van)
作曲: Ludwig van Beethoven
段落: ['T', 'V1', 'V2', 'V3', 'V4', 'V5', 'V6']  (7 段)
边界(秒): [1.0, 32.0, 59.0, 91.0, 107.0, 146.0, 178.0, 246.0]

正在加载 WAV: LBeethoven_WOO70_5.wav...
已加载: 252.8s @ 48000Hz
  [ 0] T         1.0s →    32.0s  (31.0s)
  [ 1] V1       32.0s →    59.0s  (27.0s)
  [ 2] V2       59.0s →    91.0s  (32.0s)
  [ 3] V3       91.0s →   107.0s  (16.0s)
  [ 4] V4      107.0s →   146.0s  (39.0s)
  [ 5] V5      146.0s →   178.0s  (32.0s)
  [ 6] V6      178.0s →   246.0s  (68.0s)

✓ 特征已保存: /Users/jiaxuan/Desktop/Music Project/VariVis/backend/features/LBeethoven_WOO70_5.json

LBeethoven_WOO70_5: 加载 WAV…
  T    1.0s–32.0s … key=Gmaj r=0.87  voiced=0.80  beats=56 ✓
  V1   32.0s–59.0s … key=Gmaj r=0.80  voiced=0.73  beats=39 ✓
  V2   59.0s–91.0s … key=Gmaj r=0.79  voiced=0.68  beats=73 ✓
  V3   91.0s–107.0s … key=Gmaj r=0.82  voiced=0.65  beats=23 ✓
  V4   107.0s–146.0s … key=Gmin r=0.87  voiced=0.80  beats=75 ✓
  V5   146.0s–178.0s … key=Gmaj r=0.87  voiced=0.77  beats=41 ✓
  V6   178.0s–246.0s … key=Gmaj r=0.88  voiced=0.68  beats=130 ✓
✓ 已保存: /Users/jiaxuan/Desktop/Music Project/VariVis/backend/features/LBeethoven_WOO70_5.json
Sat Apr 25 17:53:56 AEST 2026: OK LBeethoven_WOO70_5

============================================================
处理: LBeethoven_WOO70_6
============================================================
曲目: 6 Variations on 'Nel cor piu non mi sento',WoO 70 (Beethoven,Ludwig van)
作曲: Ludwig van Beethoven
段落: ['T', 'V1', 'V2', 'V3', 'V4', 'V5', 'V6']  (7 段)
边界(秒): [2.0, 37.0, 70.0, 105.0, 136.0, 181.0, 220.0, 304.0]

正在加载 WAV: LBeethoven_WOO70_6.wav...
已加载: 306.0s @ 48000Hz
  [ 0] T         2.0s →    37.0s  (35.0s)
  [ 1] V1       37.0s →    70.0s  (33.0s)
  [ 2] V2       70.0s →   105.0s  (35.0s)
  [ 3] V3      105.0s →   136.0s  (31.0s)
  [ 4] V4      136.0s →   181.0s  (45.0s)
  [ 5] V5      181.0s →   220.0s  (39.0s)
  [ 6] V6      220.0s →   304.0s  (84.0s)

✓ 特征已保存: /Users/jiaxuan/Desktop/Music Project/VariVis/backend/features/LBeethoven_WOO70_6.json

LBeethoven_WOO70_6: 加载 WAV…
  T    2.0s–37.0s … key=G#maj r=0.72  voiced=0.81  beats=57 ✓
  V1   37.0s–70.0s … key=G#maj r=0.69  voiced=0.90  beats=42 ✓
  V2   70.0s–105.0s … key=G#maj r=0.71  voiced=0.77  beats=65 ✓
  V3   105.0s–136.0s … key=G#maj r=0.81  voiced=0.66  beats=88 ✓
  V4   136.0s–181.0s … key=G#maj r=0.55  voiced=0.84  beats=71 ✓
  V5   181.0s–220.0s … key=G#maj r=0.67  voiced=0.85  beats=108 ✓
  V6   220.0s–304.0s … key=G#maj r=0.76  voiced=0.72  beats=293 ✓
✓ 已保存: /Users/jiaxuan/Desktop/Music Project/VariVis/backend/features/LBeethoven_WOO70_6.json
Sat Apr 25 17:55:29 AEST 2026: OK LBeethoven_WOO70_6

============================================================
处理: LBeethoven_WOO70_7
============================================================
曲目: 6 Variations on 'Nel cor piu non mi sento',WoO 70 (Beethoven,Ludwig van)
作曲: Ludwig van Beethoven
段落: ['T', 'V1', 'V2', 'V3', 'V4', 'V5', 'V6']  (7 段)
边界(秒): [3.0, 39.0, 66.0, 93.0, 125.0, 175.0, 237.0, 286.0]

正在加载 WAV: LBeethoven_WOO70_7.wav...
已加载: 308.2s @ 48000Hz
  [ 0] T         3.0s →    39.0s  (36.0s)
  [ 1] V1       39.0s →    66.0s  (27.0s)
  [ 2] V2       66.0s →    93.0s  (27.0s)
  [ 3] V3       93.0s →   125.0s  (32.0s)
  [ 4] V4      125.0s →   175.0s  (50.0s)
  [ 5] V5      175.0s →   237.0s  (62.0s)
  [ 6] V6      237.0s →   286.0s  (49.0s)

✓ 特征已保存: /Users/jiaxuan/Desktop/Music Project/VariVis/backend/features/LBeethoven_WOO70_7.json

LBeethoven_WOO70_7: 加载 WAV…
  T    3.0s–39.0s … key=Gmaj r=0.83  voiced=0.76  beats=59 ✓
  V1   39.0s–66.0s … key=Gmaj r=0.87  voiced=0.67  beats=58 ✓
  V2   66.0s–93.0s … key=Gmaj r=0.83  voiced=0.66  beats=38 ✓
  V3   93.0s–125.0s … key=Gmaj r=0.82  voiced=0.70  beats=39 ✓
  V4   125.0s–175.0s … key=A#maj r=0.60  voiced=0.80  beats=152 ✓
  V5   175.0s–237.0s … key=Gmaj r=0.85  voiced=0.70  beats=132 ✓
  V6   237.0s–286.0s … key=Gmaj r=0.84  voiced=0.53  beats=94 ✓
✓ 已保存: /Users/jiaxuan/Desktop/Music Project/VariVis/backend/features/LBeethoven_WOO70_7.json
Sat Apr 25 17:56:48 AEST 2026: OK LBeethoven_WOO70_7

============================================================
处理: LBeethoven_WOO70_8
============================================================
曲目: 6 Variations on 'Nel cor piu non mi sento',WoO 70 (Beethoven,Ludwig van)
作曲: Ludwig van Beethoven
段落: ['T', 'V1', 'V2', 'V3', 'V4', 'V5', 'V6']  (7 段)
边界(秒): [2.0, 35.0, 73.0, 110.0, 149.0, 209.0, 255.0, 349.0]

正在加载 WAV: LBeethoven_WOO70_8.wav...
已加载: 351.9s @ 48000Hz
  [ 0] T         2.0s →    35.0s  (33.0s)
  [ 1] V1       35.0s →    73.0s  (38.0s)
  [ 2] V2       73.0s →   110.0s  (37.0s)
  [ 3] V3      110.0s →   149.0s  (39.0s)
  [ 4] V4      149.0s →   209.0s  (60.0s)
  [ 5] V5      209.0s →   255.0s  (46.0s)
  [ 6] V6      255.0s →   349.0s  (94.0s)

✓ 特征已保存: /Users/jiaxuan/Desktop/Music Project/VariVis/backend/features/LBeethoven_WOO70_8.json

LBeethoven_WOO70_8: 加载 WAV…
  T    2.0s–35.0s … key=Gmaj r=0.90  voiced=0.83  beats=68 ✓
  V1   35.0s–73.0s … key=Gmaj r=0.89  voiced=0.84  beats=63 ✓
  V2   73.0s–110.0s … key=Gmaj r=0.85  voiced=0.73  beats=41 ✓
  V3   110.0s–149.0s … key=Gmaj r=0.83  voiced=0.71  beats=33 ✓
  V4   149.0s–209.0s … key=Gmin r=0.74  voiced=0.86  beats=152 ✓
  V5   209.0s–255.0s … key=Gmaj r=0.79  voiced=0.83  beats=120 ✓
  V6   255.0s–349.0s … key=Gmaj r=0.88  voiced=0.74  beats=252 ✓
✓ 已保存: /Users/jiaxuan/Desktop/Music Project/VariVis/backend/features/LBeethoven_WOO70_8.json
Sat Apr 25 17:58:30 AEST 2026: OK LBeethoven_WOO70_8

============================================================
处理: LBeethoven_WOO79_1
============================================================
曲目: Beethoven： Variations on ＂Rule Britannia!＂,WoO 79
作曲: Ludwig van Beethoven
段落: ['T', 'V1', 'V2', 'V3', 'V4', 'V5', 'C']  (7 段)
边界(秒): [0.0, 40.0, 76.0, 113.0, 152.0, 191.0, 216.0, 266.0]

正在加载 WAV: LBeethoven_WOO79_1.wav...
已加载: 272.4s @ 48000Hz
  [ 0] T         0.0s →    40.0s  (40.0s)
  [ 1] V1       40.0s →    76.0s  (36.0s)
  [ 2] V2       76.0s →   113.0s  (37.0s)
  [ 3] V3      113.0s →   152.0s  (39.0s)
  [ 4] V4      152.0s →   191.0s  (39.0s)
  [ 5] V5      191.0s →   216.0s  (25.0s)
  [ 6] C       216.0s →   266.0s  (50.0s)

✓ 特征已保存: /Users/jiaxuan/Desktop/Music Project/VariVis/backend/features/LBeethoven_WOO79_1.json

LBeethoven_WOO79_1: 加载 WAV…
  T    0.0s–40.0s … key=Dmaj r=0.72  voiced=0.69  beats=121 ✓
  V1   40.0s–76.0s … key=Dmaj r=0.62  voiced=0.66  beats=50 ✓
  V2   76.0s–113.0s … key=Dmaj r=0.76  voiced=0.61  beats=24 ✓
  V3   113.0s–152.0s … key=Dmaj r=0.78  voiced=0.51  beats=55 ✓
  V4   152.0s–191.0s … key=F#min r=0.56  voiced=0.46  beats=60 ✓
  V5   191.0s–216.0s … key=Dmaj r=0.66  voiced=0.59  beats=35 ✓
  C    216.0s–266.0s … key=Dmin r=0.71  voiced=0.65  beats=55 ✓
✓ 已保存: /Users/jiaxuan/Desktop/Music Project/VariVis/backend/features/LBeethoven_WOO79_1.json
Sat Apr 25 17:59:53 AEST 2026: OK LBeethoven_WOO79_1

============================================================
处理: LBeethoven_WOO79_2
============================================================
曲目: Beethoven： Variations on ＂Rule Britannia!＂,WoO 80
作曲: Ludwig van Beethoven
段落: ['T', 'V1', 'V2', 'V3', 'V4', 'V5', 'C']  (7 段)
边界(秒): [2.0, 44.0, 82.0, 121.0, 161.0, 204.0, 232.0, 283.0]

正在加载 WAV: LBeethoven_WOO79_2.wav...
已加载: 294.0s @ 48000Hz
  [ 0] T         2.0s →    44.0s  (42.0s)
  [ 1] V1       44.0s →    82.0s  (38.0s)
  [ 2] V2       82.0s →   121.0s  (39.0s)
  [ 3] V3      121.0s →   161.0s  (40.0s)
  [ 4] V4      161.0s →   204.0s  (43.0s)
  [ 5] V5      204.0s →   232.0s  (28.0s)
  [ 6] C       232.0s →   283.0s  (51.0s)

✓ 特征已保存: /Users/jiaxuan/Desktop/Music Project/VariVis/backend/features/LBeethoven_WOO79_2.json

LBeethoven_WOO79_2: 加载 WAV…
  T    2.0s–44.0s … key=Dmaj r=0.68  voiced=0.78  beats=120 ✓
  V1   44.0s–82.0s … key=Dmaj r=0.62  voiced=0.79  beats=66 ✓
  V2   82.0s–121.0s … key=Dmaj r=0.80  voiced=0.73  beats=69 ✓
  V3   121.0s–161.0s … key=Dmaj r=0.79  voiced=0.63  beats=50 ✓
  V4   161.0s–204.0s … key=F#min r=0.54  voiced=0.42  beats=60 ✓
  V5   204.0s–232.0s … key=Dmaj r=0.70  voiced=0.78  beats=50 ✓
  C    232.0s–283.0s … key=Dmin r=0.62  voiced=0.75  beats=53 ✓
✓ 已保存: /Users/jiaxuan/Desktop/Music Project/VariVis/backend/features/LBeethoven_WOO79_2.json
Sat Apr 25 18:01:13 AEST 2026: OK LBeethoven_WOO79_2

============================================================
处理: LBeethoven_WOO79_3
============================================================
曲目: Beethoven： Variations on ＂Rule Britannia!＂,WoO 81
作曲: Ludwig van Beethoven
段落: ['T', 'V1', 'V2', 'V3', 'V4', 'V5', 'C']  (7 段)
边界(秒): [26.0, 76.0, 149.0, 210.0, 245.0, 289.0, 320.0, 378.0]

正在加载 WAV: LBeethoven_WOO79_3.wav...
已加载: 386.0s @ 48000Hz
  [ 0] T        26.0s →    76.0s  (50.0s)
  [ 1] V1       76.0s →   149.0s  (73.0s)
  [ 2] V2      149.0s →   210.0s  (61.0s)
  [ 3] V3      210.0s →   245.0s  (35.0s)
  [ 4] V4      245.0s →   289.0s  (44.0s)
  [ 5] V5      289.0s →   320.0s  (31.0s)
  [ 6] C       320.0s →   378.0s  (58.0s)

✓ 特征已保存: /Users/jiaxuan/Desktop/Music Project/VariVis/backend/features/LBeethoven_WOO79_3.json

LBeethoven_WOO79_3: 加载 WAV…
  T    26.0s–76.0s … key=Dmaj r=0.85  voiced=0.78  beats=116 ✓
  V1   76.0s–149.0s … key=Dmaj r=0.81  voiced=0.66  beats=133 ✓
  V2   149.0s–210.0s … key=Dmaj r=0.82  voiced=0.73  beats=91 ✓
  V3   210.0s–245.0s … key=Amaj r=0.81  voiced=0.47  beats=107 ✓
  V4   245.0s–289.0s … key=F#min r=0.71  voiced=0.41  beats=120 ✓
  V5   289.0s–320.0s … key=Dmaj r=0.85  voiced=0.71  beats=56 ✓
  C    320.0s–378.0s … key=Dmaj r=0.73  voiced=0.63  beats=113 ✓
✓ 已保存: /Users/jiaxuan/Desktop/Music Project/VariVis/backend/features/LBeethoven_WOO79_3.json
Sat Apr 25 18:13:50 AEST 2026: OK LBeethoven_WOO79_3

============================================================
处理: LBeethoven_WOO79_4
============================================================
曲目: Beethoven： Variations on ＂Rule Britannia!＂,WoO 82
作曲: Ludwig van Beethoven
段落: ['T', 'V1', 'V2', 'V3', 'V4', 'V5', 'C']  (7 段)
边界(秒): [2.0, 48.0, 97.0, 145.0, 186.0, 226.0, 252.0, 299.0]

正在加载 WAV: LBeethoven_WOO79_4.wav...
已加载: 299.9s @ 48000Hz
  [ 0] T         2.0s →    48.0s  (46.0s)
  [ 1] V1       48.0s →    97.0s  (49.0s)
  [ 2] V2       97.0s →   145.0s  (48.0s)
  [ 3] V3      145.0s →   186.0s  (41.0s)
  [ 4] V4      186.0s →   226.0s  (40.0s)
  [ 5] V5      226.0s →   252.0s  (26.0s)
  [ 6] C       252.0s →   299.0s  (47.0s)

✓ 特征已保存: /Users/jiaxuan/Desktop/Music Project/VariVis/backend/features/LBeethoven_WOO79_4.json

LBeethoven_WOO79_4: 加载 WAV…
  T    2.0s–48.0s … key=Dmaj r=0.80  voiced=0.77  beats=119 ✓
  V1   48.0s–97.0s … key=Dmaj r=0.76  voiced=0.74  beats=75 ✓
  V2   97.0s–145.0s … key=Amaj r=0.80  voiced=0.77  beats=54 ✓
  V3   145.0s–186.0s … key=Amaj r=0.85  voiced=0.53  beats=61 ✓
  V4   186.0s–226.0s … key=F#min r=0.72  voiced=0.42  beats=61 ✓
  V5   226.0s–252.0s … key=Dmaj r=0.81  voiced=0.68  beats=56 ✓
  C    252.0s–299.0s … key=Dmaj r=0.69  voiced=0.71  beats=107 ✓
✓ 已保存: /Users/jiaxuan/Desktop/Music Project/VariVis/backend/features/LBeethoven_WOO79_4.json
Sat Apr 25 18:15:09 AEST 2026: OK LBeethoven_WOO79_4

============================================================
处理: WAMozart_K501_2
============================================================
曲目: Andante and Variations in G major,K.501
作曲: Wolfgang Amadeus Mozart
段落: ['T', 'V1', 'V2', 'V3', 'V4', 'V5']  (6 段)
边界(秒): [7.0, 74.0, 138.0, 197.0, 259.0, 344.0, 459.0]

正在加载 WAV: WAMozart_K501_2.wav...
已加载: 497.9s @ 48000Hz
  [ 0] T         7.0s →    74.0s  (67.0s)
  [ 1] V1       74.0s →   138.0s  (64.0s)
  [ 2] V2      138.0s →   197.0s  (59.0s)
  [ 3] V3      197.0s →   259.0s  (62.0s)
  [ 4] V4      259.0s →   344.0s  (85.0s)
  [ 5] V5      344.0s →   459.0s  (115.0s)

✓ 特征已保存: /Users/jiaxuan/Desktop/Music Project/VariVis/backend/features/WAMozart_K501_2.json

WAMozart_K501_2: 加载 WAV…
  T    7.0s–74.0s … key=Gmaj r=0.86  voiced=0.74  beats=136 ✓
  V1   74.0s–138.0s … key=Gmaj r=0.80  voiced=0.72  beats=146 ✓
  V2   138.0s–197.0s … key=Gmaj r=0.88  voiced=0.68  beats=140 ✓
  V3   197.0s–259.0s … key=Gmaj r=0.74  voiced=0.63  beats=145 ✓
  V4   259.0s–344.0s … key=Gmin r=0.70  voiced=0.83  beats=157 ✓
  V5   344.0s–459.0s … key=Gmaj r=0.86  voiced=0.67  beats=241 ✓
✓ 已保存: /Users/jiaxuan/Desktop/Music Project/VariVis/backend/features/WAMozart_K501_2.json
Sat Apr 25 18:17:09 AEST 2026: OK WAMozart_K501_2

============================================================
处理: WAMozart_K501_3
============================================================
曲目: Andante and Variations in G major,K.501
作曲: Wolfgang Amadeus Mozart
段落: ['T', 'V1', 'V2', 'V3', 'V4', 'V5']  (6 段)
边界(秒): [9.0, 74.0, 138.0, 218.0, 285.0, 380.0, 504.0]

正在加载 WAV: WAMozart_K501_3.wav...
已加载: 519.8s @ 48000Hz
  [ 0] T         9.0s →    74.0s  (65.0s)
  [ 1] V1       74.0s →   138.0s  (64.0s)
  [ 2] V2      138.0s →   218.0s  (80.0s)
  [ 3] V3      218.0s →   285.0s  (67.0s)
  [ 4] V4      285.0s →   380.0s  (95.0s)
  [ 5] V5      380.0s →   504.0s  (124.0s)

✓ 特征已保存: /Users/jiaxuan/Desktop/Music Project/VariVis/backend/features/WAMozart_K501_3.json

WAMozart_K501_3: 加载 WAV…
  T    9.0s–74.0s … key=Gmaj r=0.85  voiced=0.76  beats=118 ✓
  V1   74.0s–138.0s … key=Gmaj r=0.85  voiced=0.71  beats=127 ✓
  V2   138.0s–218.0s … key=Gmaj r=0.86  voiced=0.70  beats=177 ✓
  V3   218.0s–285.0s … key=Gmaj r=0.80  voiced=0.62  beats=151 ✓
  V4   285.0s–380.0s … key=Gmin r=0.79  voiced=0.83  beats=141 ✓
  V5   380.0s–504.0s … key=Gmaj r=0.89  voiced=0.70  beats=223 ✓
✓ 已保存: /Users/jiaxuan/Desktop/Music Project/VariVis/backend/features/WAMozart_K501_3.json
Sat Apr 25 18:19:23 AEST 2026: OK WAMozart_K501_3

============================================================
处理: WAMozart_K501_4
============================================================
曲目: Andante and Variations in G major,K.501
作曲: Wolfgang Amadeus Mozart
段落: ['T', 'V1', 'V2', 'V3', 'V4', 'V5']  (6 段)
边界(秒): [34.0, 103.0, 165.0, 223.0, 276.0, 360.0, 474.0]

正在加载 WAV: WAMozart_K501_4.wav...
已加载: 486.5s @ 48000Hz
  [ 0] T        34.0s →   103.0s  (69.0s)
  [ 1] V1      103.0s →   165.0s  (62.0s)
  [ 2] V2      165.0s →   223.0s  (58.0s)
  [ 3] V3      223.0s →   276.0s  (53.0s)
  [ 4] V4      276.0s →   360.0s  (84.0s)
  [ 5] V5      360.0s →   474.0s  (114.0s)

✓ 特征已保存: /Users/jiaxuan/Desktop/Music Project/VariVis/backend/features/WAMozart_K501_4.json

WAMozart_K501_4: 加载 WAV…
  T    34.0s–103.0s … key=Gmaj r=0.85  voiced=0.81  beats=137 ✓
  V1   103.0s–165.0s … key=Gmaj r=0.86  voiced=0.68  beats=142 ✓
  V2   165.0s–223.0s … key=Gmaj r=0.84  voiced=0.72  beats=141 ✓
  V3   223.0s–276.0s … key=Gmaj r=0.81  voiced=0.57  beats=71 ✓
  V4   276.0s–360.0s … key=Gmin r=0.85  voiced=0.85  beats=155 ✓
  V5   360.0s–474.0s … key=Gmaj r=0.89  voiced=0.66  beats=285 ✓
✓ 已保存: /Users/jiaxuan/Desktop/Music Project/VariVis/backend/features/WAMozart_K501_4.json
Sat Apr 25 18:21:22 AEST 2026: OK WAMozart_K501_4

============================================================
处理: WAMozart_K501_5
============================================================
曲目: Andante and Variations in G major,K.501
作曲: Wolfgang Amadeus Mozart
段落: ['T', 'V1', 'V2', 'V3', 'V4', 'V5']  (6 段)
边界(秒): [33.0, 110.0, 177.0, 236.0, 298.0, 395.0, 517.0]

正在加载 WAV: WAMozart_K501_5.wav...
已加载: 563.9s @ 48000Hz
  [ 0] T        33.0s →   110.0s  (77.0s)
  [ 1] V1      110.0s →   177.0s  (67.0s)
  [ 2] V2      177.0s →   236.0s  (59.0s)
  [ 3] V3      236.0s →   298.0s  (62.0s)
  [ 4] V4      298.0s →   395.0s  (97.0s)
  [ 5] V5      395.0s →   517.0s  (122.0s)

✓ 特征已保存: /Users/jiaxuan/Desktop/Music Project/VariVis/backend/features/WAMozart_K501_5.json

WAMozart_K501_5: 加载 WAV…
  T    33.0s–110.0s … key=Gmaj r=0.86  voiced=0.72  beats=149 ✓
  V1   110.0s–177.0s … key=Gmaj r=0.84  voiced=0.76  beats=139 ✓
  V2   177.0s–236.0s … key=Gmaj r=0.84  voiced=0.69  beats=142 ✓
  V3   236.0s–298.0s … key=Gmaj r=0.65  voiced=0.66  beats=134 ✓
  V4   298.0s–395.0s … key=Gmin r=0.83  voiced=0.83  beats=138 ✓
  V5   395.0s–517.0s … key=Gmaj r=0.88  voiced=0.61  beats=249 ✓
✓ 已保存: /Users/jiaxuan/Desktop/Music Project/VariVis/backend/features/WAMozart_K501_5.json
Sat Apr 25 18:23:30 AEST 2026: OK WAMozart_K501_5

============================================================
处理: WAMozart_K501_6
============================================================
曲目: Andante and Variations in G major,K.501
作曲: Wolfgang Amadeus Mozart
段落: ['T', 'V1', 'V2', 'V3', 'V4', 'V5']  (6 段)
边界(秒): [1.0, 69.0, 132.0, 194.0, 265.0, 348.0, 468.0]

正在加载 WAV: WAMozart_K501_6.wav...
已加载: 472.1s @ 48000Hz
  [ 0] T         1.0s →    69.0s  (68.0s)
  [ 1] V1       69.0s →   132.0s  (63.0s)
  [ 2] V2      132.0s →   194.0s  (62.0s)
  [ 3] V3      194.0s →   265.0s  (71.0s)
  [ 4] V4      265.0s →   348.0s  (83.0s)
  [ 5] V5      348.0s →   468.0s  (120.0s)

✓ 特征已保存: /Users/jiaxuan/Desktop/Music Project/VariVis/backend/features/WAMozart_K501_6.json

WAMozart_K501_6: 加载 WAV…
  T    1.0s–69.0s … key=Gmaj r=0.88  voiced=0.81  beats=133 ✓
  V1   69.0s–132.0s … key=Gmaj r=0.80  voiced=0.72  beats=140 ✓
  V2   132.0s–194.0s … key=Gmaj r=0.87  voiced=0.82  beats=136 ✓
  V3   194.0s–265.0s … key=Gmaj r=0.70  voiced=0.71  beats=137 ✓
  V4   265.0s–348.0s … key=Gmin r=0.70  voiced=0.86  beats=117 ✓
  V5   348.0s–468.0s … key=Gmaj r=0.82  voiced=0.70  beats=231 ✓
✓ 已保存: /Users/jiaxuan/Desktop/Music Project/VariVis/backend/features/WAMozart_K501_6.json
Sat Apr 25 18:25:33 AEST 2026: OK WAMozart_K501_6

============================================================
处理: WAMozart_K501_7
============================================================
曲目: Andante and Variations in G major,K.501
作曲: Wolfgang Amadeus Mozart
段落: ['T', 'V1', 'V2', 'V3', 'V4', 'V5']  (6 段)
边界(秒): [5.0, 73.0, 140.0, 201.0, 259.0, 346.0, 456.0]

正在加载 WAV: WAMozart_K501_7.wav...
已加载: 460.6s @ 48000Hz
  [ 0] T         5.0s →    73.0s  (68.0s)
  [ 1] V1       73.0s →   140.0s  (67.0s)
  [ 2] V2      140.0s →   201.0s  (61.0s)
  [ 3] V3      201.0s →   259.0s  (58.0s)
  [ 4] V4      259.0s →   346.0s  (87.0s)
  [ 5] V5      346.0s →   456.0s  (110.0s)

✓ 特征已保存: /Users/jiaxuan/Desktop/Music Project/VariVis/backend/features/WAMozart_K501_7.json

WAMozart_K501_7: 加载 WAV…
  T    5.0s–73.0s … key=Dmin r=0.57  voiced=0.77  beats=147 ✓
  V1   73.0s–140.0s … key=Dmaj r=0.64  voiced=0.71  beats=155 ✓
  V2   140.0s–201.0s … key=Gmaj r=0.85  voiced=0.72  beats=141 ✓
  V3   201.0s–259.0s … key=Gmaj r=0.67  voiced=0.52  beats=138 ✓
  V4   259.0s–346.0s … key=A#maj r=0.66  voiced=0.77  beats=151 ✓
  V5   346.0s–456.0s … key=Gmaj r=0.68  voiced=0.58  beats=271 ✓
✓ 已保存: /Users/jiaxuan/Desktop/Music Project/VariVis/backend/features/WAMozart_K501_7.json
Sat Apr 25 18:27:31 AEST 2026: OK WAMozart_K501_7

============================================================
处理: WAMozart_K501_8
============================================================
曲目: Andante and Variations in G major,K.501
作曲: Wolfgang Amadeus Mozart
段落: ['T', 'V1', 'V2', 'V3', 'V4', 'V5']  (6 段)
边界(秒): [3.0, 76.0, 155.0, 227.0, 281.0, 414.0, 543.0]

正在加载 WAV: WAMozart_K501_8.wav...
已加载: 555.5s @ 48000Hz
  [ 0] T         3.0s →    76.0s  (73.0s)
  [ 1] V1       76.0s →   155.0s  (79.0s)
  [ 2] V2      155.0s →   227.0s  (72.0s)
  [ 3] V3      227.0s →   281.0s  (54.0s)
  [ 4] V4      281.0s →   414.0s  (133.0s)
  [ 5] V5      414.0s →   543.0s  (129.0s)

✓ 特征已保存: /Users/jiaxuan/Desktop/Music Project/VariVis/backend/features/WAMozart_K501_8.json

WAMozart_K501_8: 加载 WAV…
  T    3.0s–76.0s … key=Gmaj r=0.92  voiced=0.71  beats=145 ✓
  V1   76.0s–155.0s … key=Gmaj r=0.93  voiced=0.76  beats=294 ✓
  V2   155.0s–227.0s … key=Gmaj r=0.91  voiced=0.74  beats=139 ✓
  V3   227.0s–281.0s … key=Gmaj r=0.89  voiced=0.68  beats=102 ✓
  V4   281.0s–414.0s … key=Gmin r=0.83  voiced=0.82  beats=226 ✓
  V5   414.0s–543.0s … key=Gmaj r=0.93  voiced=0.69  beats=272 ✓
✓ 已保存: /Users/jiaxuan/Desktop/Music Project/VariVis/backend/features/WAMozart_K501_8.json
Sat Apr 25 18:29:52 AEST 2026: OK WAMozart_K501_8

============================================================
处理: WAMozart_K501_9
============================================================
曲目: Andante and Variations in G major,K.501
作曲: Wolfgang Amadeus Mozart
段落: ['T', 'V1', 'V2', 'V3', 'V4', 'V5']  (6 段)
边界(秒): [10.0, 82.0, 141.0, 200.0, 271.0, 360.0, 450.0]

正在加载 WAV: WAMozart_K501_9.wav...
已加载: 455.3s @ 48000Hz
  [ 0] T        10.0s →    82.0s  (72.0s)
  [ 1] V1       82.0s →   141.0s  (59.0s)
  [ 2] V2      141.0s →   200.0s  (59.0s)
  [ 3] V3      200.0s →   271.0s  (71.0s)
  [ 4] V4      271.0s →   360.0s  (89.0s)
  [ 5] V5      360.0s →   450.0s  (90.0s)

✓ 特征已保存: /Users/jiaxuan/Desktop/Music Project/VariVis/backend/features/WAMozart_K501_9.json

WAMozart_K501_9: 加载 WAV…
  T    10.0s–82.0s … key=Gmaj r=0.89  voiced=0.84  beats=137 ✓
  V1   82.0s–141.0s … key=Gmaj r=0.87  voiced=0.68  beats=132 ✓
  V2   141.0s–200.0s … key=Gmaj r=0.90  voiced=0.76  beats=143 ✓
  V3   200.0s–271.0s … key=Gmaj r=0.80  voiced=0.65  beats=93 ✓
  V4   271.0s–360.0s … key=Gmin r=0.84  voiced=0.78  beats=174 ✓
  V5   360.0s–450.0s … key=Gmaj r=0.89  voiced=0.68  beats=159 ✓
✓ 已保存: /Users/jiaxuan/Desktop/Music Project/VariVis/backend/features/WAMozart_K501_9.json
Sat Apr 25 18:31:44 AEST 2026: OK WAMozart_K501_9

============================================================
处理: WAMozart_K264_2
============================================================
曲目: Variations on "Lison dormait",K 264
作曲: Wolfgang Amadeus Mozart
段落: ['T', 'V1', 'V2', 'V3', 'V4', 'V5', 'V6', 'V7', 'V8', 'V9']  (10 段)
边界(秒): [0.0, 68.0, 133.0, 197.0, 258.0, 324.0, 415.0, 469.0, 538.0, 782.0, 905.0]

正在加载 WAV: WAMozart_K264_2.wav...
已加载: 916.5s @ 48000Hz
  [ 0] T         0.0s →    68.0s  (68.0s)
  [ 1] V1       68.0s →   133.0s  (65.0s)
  [ 2] V2      133.0s →   197.0s  (64.0s)
  [ 3] V3      197.0s →   258.0s  (61.0s)
  [ 4] V4      258.0s →   324.0s  (66.0s)
  [ 5] V5      324.0s →   415.0s  (91.0s)
  [ 6] V6      415.0s →   469.0s  (54.0s)
  [ 7] V7      469.0s →   538.0s  (69.0s)
  [ 8] V8      538.0s →   782.0s  (244.0s)
  [ 9] V9      782.0s →   905.0s  (123.0s)

✓ 特征已保存: /Users/jiaxuan/Desktop/Music Project/VariVis/backend/features/WAMozart_K264_2.json

WAMozart_K264_2: 加载 WAV…
  T    0.0s–68.0s … key=Cmaj r=0.75  voiced=0.66  beats=136 ✓
  V1   68.0s–133.0s … key=Cmaj r=0.85  voiced=0.72  beats=145 ✓
  V2   133.0s–197.0s … key=Cmaj r=0.89  voiced=0.75  beats=145 ✓
  V3   197.0s–258.0s … key=Cmaj r=0.86  voiced=0.69  beats=138 ✓
  V4   258.0s–324.0s … key=Cmaj r=0.76  voiced=0.65  beats=131 ✓
  V5   324.0s–415.0s … key=Cmin r=0.82  voiced=0.76  beats=266 ✓
  V6   415.0s–469.0s … key=Cmaj r=0.83  voiced=0.70  beats=141 ✓
  V7   469.0s–538.0s … key=Gmaj r=0.78  voiced=0.66  beats=162 ✓
  V8   538.0s–782.0s … key=Cmaj r=0.82  voiced=0.76  beats=526 ✓
  V9   782.0s–905.0s … key=Cmaj r=0.77  voiced=0.63  beats=392 ✓
✓ 已保存: /Users/jiaxuan/Desktop/Music Project/VariVis/backend/features/WAMozart_K264_2.json
Sat Apr 25 18:35:29 AEST 2026: OK WAMozart_K264_2

============================================================
处理: WAMozart_K264_3
============================================================
曲目: Variations on "Lison dormait",K 264
作曲: Wolfgang Amadeus Mozart
段落: ['T', 'V1', 'V2', 'V3', 'V4', 'V5', 'V6', 'V7', 'V8', 'V9']  (10 段)
边界(秒): [1.0, 70.0, 140.0, 211.0, 280.0, 356.0, 443.0, 516.0, 579.0, 868.0, 993.0]

正在加载 WAV: WAMozart_K264_3.wav...
已加载: 1002.5s @ 48000Hz
  [ 0] T         1.0s →    70.0s  (69.0s)
  [ 1] V1       70.0s →   140.0s  (70.0s)
  [ 2] V2      140.0s →   211.0s  (71.0s)
  [ 3] V3      211.0s →   280.0s  (69.0s)
  [ 4] V4      280.0s →   356.0s  (76.0s)
  [ 5] V5      356.0s →   443.0s  (87.0s)
  [ 6] V6      443.0s →   516.0s  (73.0s)
  [ 7] V7      516.0s →   579.0s  (63.0s)
  [ 8] V8      579.0s →   868.0s  (289.0s)
  [ 9] V9      868.0s →   993.0s  (125.0s)

✓ 特征已保存: /Users/jiaxuan/Desktop/Music Project/VariVis/backend/features/WAMozart_K264_3.json

WAMozart_K264_3: 加载 WAV…
  T    1.0s–70.0s … key=Bmaj r=0.74  voiced=0.49  beats=145 ✓
  V1   70.0s–140.0s … key=Bmaj r=0.74  voiced=0.39  beats=159 ✓
  V2   140.0s–211.0s … key=Bmaj r=0.70  voiced=0.60  beats=154 ✓
  V3   211.0s–280.0s … key=Bmaj r=0.72  voiced=0.41  beats=157 ✓
  V4   280.0s–356.0s … key=Bmaj r=0.71  voiced=0.45  beats=159 ✓
  V5   356.0s–443.0s … key=Bmin r=0.69  voiced=0.54  beats=180 ✓
  V6   443.0s–516.0s … key=Bmaj r=0.72  voiced=0.47  beats=161 ✓
  V7   516.0s–579.0s … key=Bmaj r=0.63  voiced=0.55  beats=121 ✓
  V8   579.0s–868.0s … key=Bmaj r=0.80  voiced=0.70  beats=591 ✓
  V9   868.0s–993.0s … key=Bmaj r=0.61  voiced=0.57  beats=260 ✓
✓ 已保存: /Users/jiaxuan/Desktop/Music Project/VariVis/backend/features/WAMozart_K264_3.json
Sat Apr 25 18:39:39 AEST 2026: OK WAMozart_K264_3

============================================================
处理: WAMozart_K264_4
============================================================
曲目: Variations on "Lison dormait",K 264
作曲: Wolfgang Amadeus Mozart
段落: ['T', 'V1', 'V2', 'V3', 'V4', 'V5', 'V6', 'V7', 'V8', 'V9']  (10 段)
边界(秒): [11.0, 54.0, 97.0, 130.0, 170.0, 237.0, 295.0, 334.0, 364.0, 618.0, 738.0]

正在加载 WAV: WAMozart_K264_4.wav...
已加载: 758.5s @ 48000Hz
  [ 0] T        11.0s →    54.0s  (43.0s)
  [ 1] V1       54.0s →    97.0s  (43.0s)
  [ 2] V2       97.0s →   130.0s  (33.0s)
  [ 3] V3      130.0s →   170.0s  (40.0s)
  [ 4] V4      170.0s →   237.0s  (67.0s)
  [ 5] V5      237.0s →   295.0s  (58.0s)
  [ 6] V6      295.0s →   334.0s  (39.0s)
  [ 7] V7      334.0s →   364.0s  (30.0s)
  [ 8] V8      364.0s →   618.0s  (254.0s)
  [ 9] V9      618.0s →   738.0s  (120.0s)

✓ 特征已保存: /Users/jiaxuan/Desktop/Music Project/VariVis/backend/features/WAMozart_K264_4.json

WAMozart_K264_4: 加载 WAV…
  T    11.0s–54.0s … key=Cmaj r=0.77  voiced=0.76  beats=89 ✓
  V1   54.0s–97.0s … key=Cmaj r=0.91  voiced=0.74  beats=95 ✓
  V2   97.0s–130.0s … key=Cmaj r=0.88  voiced=0.81  beats=63 ✓
  V3   130.0s–170.0s … key=Cmaj r=0.92  voiced=0.75  beats=91 ✓
  V4   170.0s–237.0s … key=Cmaj r=0.79  voiced=0.68  beats=138 ✓
  V5   237.0s–295.0s … key=Cmin r=0.89  voiced=0.76  beats=87 ✓
  V6   295.0s–334.0s … key=Cmaj r=0.91  voiced=0.76  beats=79 ✓
  V7   334.0s–364.0s … key=Gmaj r=0.81  voiced=0.69  beats=71 ✓
  V8   364.0s–618.0s … key=Cmaj r=0.87  voiced=0.80  beats=603 ✓
  V9   618.0s–738.0s … key=Cmaj r=0.74  voiced=0.63  beats=163 ✓
✓ 已保存: /Users/jiaxuan/Desktop/Music Project/VariVis/backend/features/WAMozart_K264_4.json
Sat Apr 25 18:42:41 AEST 2026: OK WAMozart_K264_4

============================================================
处理: WAMozart_K264_5
============================================================
曲目: Variations on "Lison dormait",K 264
作曲: Wolfgang Amadeus Mozart
段落: ['T', 'V1', 'V2', 'V3', 'V4', 'V5', 'V6', 'V7', 'V8', 'V9']  (10 段)
边界(秒): [0.0, 74.0, 110.0, 146.0, 182.0, 247.0, 295.0, 327.0, 362.0, 598.0, 722.0]

正在加载 WAV: WAMozart_K264_5.wav...
已加载: 729.8s @ 44100Hz
  [ 0] T         0.0s →    74.0s  (74.0s)
  [ 1] V1       74.0s →   110.0s  (36.0s)
  [ 2] V2      110.0s →   146.0s  (36.0s)
  [ 3] V3      146.0s →   182.0s  (36.0s)
  [ 4] V4      182.0s →   247.0s  (65.0s)
  [ 5] V5      247.0s →   295.0s  (48.0s)
  [ 6] V6      295.0s →   327.0s  (32.0s)
  [ 7] V7      327.0s →   362.0s  (35.0s)
  [ 8] V8      362.0s →   598.0s  (236.0s)
  [ 9] V9      598.0s →   722.0s  (124.0s)

✓ 特征已保存: /Users/jiaxuan/Desktop/Music Project/VariVis/backend/features/WAMozart_K264_5.json

WAMozart_K264_5: 加载 WAV…
  T    0.0s–74.0s … key=Cmaj r=0.70  voiced=0.74  beats=132 ✓
  V1   74.0s–110.0s … key=Cmaj r=0.68  voiced=0.81  beats=72 ✓
  V2   110.0s–146.0s … key=Cmaj r=0.77  voiced=0.79  beats=72 ✓
  V3   146.0s–182.0s … key=Cmaj r=0.75  voiced=0.77  beats=68 ✓
  V4   182.0s–247.0s … key=Cmaj r=0.58  voiced=0.69  beats=124 ✓
  V5   247.0s–295.0s … key=Cmin r=0.76  voiced=0.76  beats=139 ✓
  V6   295.0s–327.0s … key=Cmaj r=0.67  voiced=0.74  beats=66 ✓
  V7   327.0s–362.0s … key=Cmin r=0.72  voiced=0.70  beats=71 ✓
  V8   362.0s–598.0s … key=Cmaj r=0.66  voiced=0.81  beats=556 ✓
  V9   598.0s–722.0s … key=Cmin r=0.73  voiced=0.71  beats=240 ✓
✓ 已保存: /Users/jiaxuan/Desktop/Music Project/VariVis/backend/features/WAMozart_K264_5.json
Sat Apr 25 18:45:30 AEST 2026: OK WAMozart_K264_5

============================================================
处理: WAMozart_K264_6
============================================================
曲目: Variations on "Lison dormait",K 264
作曲: Wolfgang Amadeus Mozart
段落: ['T', 'V1', 'V2', 'V3', 'V4', 'V5', 'V6', 'V7', 'V8', 'V9']  (10 段)
边界(秒): [1.0, 67.0, 130.0, 194.0, 257.0, 331.0, 410.0, 463.0, 525.0, 719.0, 822.0]

正在加载 WAV: WAMozart_K264_6.wav...
已加载: 844.7s @ 48000Hz
  [ 0] T         1.0s →    67.0s  (66.0s)
  [ 1] V1       67.0s →   130.0s  (63.0s)
  [ 2] V2      130.0s →   194.0s  (64.0s)
  [ 3] V3      194.0s →   257.0s  (63.0s)
  [ 4] V4      257.0s →   331.0s  (74.0s)
  [ 5] V5      331.0s →   410.0s  (79.0s)
  [ 6] V6      410.0s →   463.0s  (53.0s)
  [ 7] V7      463.0s →   525.0s  (62.0s)
  [ 8] V8      525.0s →   719.0s  (194.0s)
  [ 9] V9      719.0s →   822.0s  (103.0s)

✓ 特征已保存: /Users/jiaxuan/Desktop/Music Project/VariVis/backend/features/WAMozart_K264_6.json

WAMozart_K264_6: 加载 WAV…
  T    1.0s–67.0s … key=Cmaj r=0.87  voiced=0.71  beats=153 ✓
  V1   67.0s–130.0s … key=Cmaj r=0.84  voiced=0.65  beats=143 ✓
  V2   130.0s–194.0s … key=Cmaj r=0.95  voiced=0.78  beats=138 ✓
  V3   194.0s–257.0s … key=Cmaj r=0.86  voiced=0.69  beats=135 ✓
  V4   257.0s–331.0s … key=Cmaj r=0.78  voiced=0.71  beats=95 ✓
  V5   331.0s–410.0s … key=Cmin r=0.85  voiced=0.73  beats=147 ✓
  V6   410.0s–463.0s … key=Cmaj r=0.89  voiced=0.68  beats=135 ✓
  V7   463.0s–525.0s … key=Cmaj r=0.85  voiced=0.65  beats=142 ✓
  V8   525.0s–719.0s … key=Cmaj r=0.89  voiced=0.78  beats=495 ✓
  V9   719.0s–822.0s … key=Cmaj r=0.87  voiced=0.58  beats=223 ✓
✓ 已保存: /Users/jiaxuan/Desktop/Music Project/VariVis/backend/features/WAMozart_K264_6.json
Sat Apr 25 18:48:57 AEST 2026: OK WAMozart_K264_6

============================================================
处理: WAMozart_K264_7
============================================================
曲目: Variations on "Lison dormait",K 264
作曲: Wolfgang Amadeus Mozart
段落: ['T', 'V1', 'V2', 'V3', 'V4', 'V5', 'V6', 'V7', 'V8', 'V9']  (10 段)
边界(秒): [2.0, 64.0, 128.0, 192.0, 253.0, 318.0, 421.0, 479.0, 545.0, 817.0, 924.0]

正在加载 WAV: WAMozart_K264_7.wav...
已加载: 924.0s @ 48000Hz
  [ 0] T         2.0s →    64.0s  (62.0s)
  [ 1] V1       64.0s →   128.0s  (64.0s)
  [ 2] V2      128.0s →   192.0s  (64.0s)
  [ 3] V3      192.0s →   253.0s  (61.0s)
  [ 4] V4      253.0s →   318.0s  (65.0s)
  [ 5] V5      318.0s →   421.0s  (103.0s)
  [ 6] V6      421.0s →   479.0s  (58.0s)
  [ 7] V7      479.0s →   545.0s  (66.0s)
  [ 8] V8      545.0s →   817.0s  (272.0s)
  [ 9] V9      817.0s →   924.0s  (107.0s)

✓ 特征已保存: /Users/jiaxuan/Desktop/Music Project/VariVis/backend/features/WAMozart_K264_7.json

WAMozart_K264_7: 加载 WAV…
  T    2.0s–64.0s … key=Gmaj r=0.78  voiced=0.66  beats=139 ✓
  V1   64.0s–128.0s … key=Gmaj r=0.74  voiced=0.65  beats=137 ✓
  V2   128.0s–192.0s … key=Cmaj r=0.80  voiced=0.70  beats=147 ✓
  V3   192.0s–253.0s … key=Gmaj r=0.77  voiced=0.56  beats=141 ✓
  V4   253.0s–318.0s … key=Gmaj r=0.74  voiced=0.59  beats=150 ✓
  V5   318.0s–421.0s … key=Gmaj r=0.67  voiced=0.77  beats=309 ✓
  V6   421.0s–479.0s … key=Gmaj r=0.73  voiced=0.66  beats=144 ✓
  V7   479.0s–545.0s … key=Gmaj r=0.80  voiced=0.64  beats=153 ✓
  V8   545.0s–817.0s … key=Gmaj r=0.74  voiced=0.77  beats=583 ✓
  V9   817.0s–924.0s … key=Gmaj r=0.72  voiced=0.60  beats=226 ✓
✓ 已保存: /Users/jiaxuan/Desktop/Music Project/VariVis/backend/features/WAMozart_K264_7.json
Sat Apr 25 18:53:02 AEST 2026: OK WAMozart_K264_7

============================================================
处理: WAMozart_K264_8
============================================================
曲目: Variations on "Lison dormait",K 264
作曲: Wolfgang Amadeus Mozart
段落: ['T', 'V1', 'V2', 'V3', 'V4', 'V5', 'V6', 'V7', 'V8', 'V9']  (10 段)
边界(秒): [0.0, 43.0, 84.0, 134.0, 163.0, 213.0, 253.0, 290.0, 330.0, 480.0, 578.0]

正在加载 WAV: WAMozart_K264_8.wav...
已加载: 581.0s @ 48000Hz
  [ 0] T         0.0s →    43.0s  (43.0s)
  [ 1] V1       43.0s →    84.0s  (41.0s)
  [ 2] V2       84.0s →   134.0s  (50.0s)
  [ 3] V3      134.0s →   163.0s  (29.0s)
  [ 4] V4      163.0s →   213.0s  (50.0s)
  [ 5] V5      213.0s →   253.0s  (40.0s)
  [ 6] V6      253.0s →   290.0s  (37.0s)
  [ 7] V7      290.0s →   330.0s  (40.0s)
  [ 8] V8      330.0s →   480.0s  (150.0s)
  [ 9] V9      480.0s →   578.0s  (98.0s)

✓ 特征已保存: /Users/jiaxuan/Desktop/Music Project/VariVis/backend/features/WAMozart_K264_8.json

WAMozart_K264_8: 加载 WAV…
  T    0.0s–43.0s … key=Cmaj r=0.85  voiced=0.75  beats=82 ✓
  V1   43.0s–84.0s … key=Cmaj r=0.89  voiced=0.78  beats=85 ✓
  V2   84.0s–134.0s … key=Cmaj r=0.88  voiced=0.75  beats=99 ✓
  V3   134.0s–163.0s … key=Cmaj r=0.88  voiced=0.73  beats=62 ✓
  V4   163.0s–213.0s … key=Cmaj r=0.79  voiced=0.71  beats=99 ✓
  V5   213.0s–253.0s … key=Cmin r=0.81  voiced=0.75  beats=67 ✓
  V6   253.0s–290.0s … key=Cmaj r=0.84  voiced=0.78  beats=82 ✓
  V7   290.0s–330.0s … key=Cmaj r=0.82  voiced=0.69  beats=81 ✓
  V8   330.0s–480.0s … key=Cmaj r=0.83  voiced=0.83  beats=367 ✓
  V9   480.0s–578.0s … key=Cmaj r=0.84  voiced=0.77  beats=202 ✓
✓ 已保存: /Users/jiaxuan/Desktop/Music Project/VariVis/backend/features/WAMozart_K264_8.json
Sat Apr 25 18:55:32 AEST 2026: OK WAMozart_K264_8

============================================================
处理: WAMozart_K264_9
============================================================
曲目: Variations on "Lison dormait",K 264
作曲: Wolfgang Amadeus Mozart
段落: ['T', 'V1', 'V2', 'V3', 'V4', 'V5', 'V6', 'V7', 'V8', 'V9']  (10 段)
边界(秒): [1.0, 49.0, 97.0, 145.0, 184.0, 259.0, 350.0, 393.0, 436.0, 733.0, 880.0]

正在加载 WAV: WAMozart_K264_9.wav...
已加载: 889.2s @ 48000Hz
  [ 0] T         1.0s →    49.0s  (48.0s)
  [ 1] V1       49.0s →    97.0s  (48.0s)
  [ 2] V2       97.0s →   145.0s  (48.0s)
  [ 3] V3      145.0s →   184.0s  (39.0s)
  [ 4] V4      184.0s →   259.0s  (75.0s)
  [ 5] V5      259.0s →   350.0s  (91.0s)
  [ 6] V6      350.0s →   393.0s  (43.0s)
  [ 7] V7      393.0s →   436.0s  (43.0s)
  [ 8] V8      436.0s →   733.0s  (297.0s)
  [ 9] V9      733.0s →   880.0s  (147.0s)

✓ 特征已保存: /Users/jiaxuan/Desktop/Music Project/VariVis/backend/features/WAMozart_K264_9.json

WAMozart_K264_9: 加载 WAV…
  T    1.0s–49.0s … key=Cmaj r=0.82  voiced=0.77  beats=78 ✓
  V1   49.0s–97.0s … key=Cmaj r=0.74  voiced=0.80  beats=86 ✓
  V2   97.0s–145.0s … key=Cmaj r=0.88  voiced=0.75  beats=82 ✓
  V3   145.0s–184.0s … key=Cmaj r=0.90  voiced=0.79  beats=64 ✓
  V4   184.0s–259.0s … key=Cmaj r=0.62  voiced=0.73  beats=135 ✓
  V5   259.0s–350.0s … key=Cmin r=0.84  voiced=0.79  beats=265 ✓
  V6   350.0s–393.0s … key=Cmaj r=0.72  voiced=0.79  beats=65 ✓
  V7   393.0s–436.0s … key=Gmaj r=0.75  voiced=0.71  beats=67 ✓
  V8   436.0s–733.0s … key=Cmaj r=0.88  voiced=0.83  beats=556 ✓
  V9   733.0s–880.0s … key=Cmaj r=0.80  voiced=0.70  beats=259 ✓
✓ 已保存: /Users/jiaxuan/Desktop/Music Project/VariVis/backend/features/WAMozart_K264_9.json
Sat Apr 25 18:59:21 AEST 2026: OK WAMozart_K264_9

============================================================
处理: WAMozart_K264_10
============================================================
曲目: Variations on "Lison dormait",K 264
作曲: Wolfgang Amadeus Mozart
段落: ['T', 'V1', 'V2', 'V3', 'V4', 'V5', 'V6', 'V7', 'V8', 'V9']  (10 段)
边界(秒): [1.0, 42.0, 79.0, 125.0, 157.0, 223.0, 277.0, 310.0, 355.0, 604.0, 718.0]

正在加载 WAV: WAMozart_K264_10.wav...
已加载: 736.2s @ 48000Hz
  [ 0] T         1.0s →    42.0s  (41.0s)
  [ 1] V1       42.0s →    79.0s  (37.0s)
  [ 2] V2       79.0s →   125.0s  (46.0s)
  [ 3] V3      125.0s →   157.0s  (32.0s)
  [ 4] V4      157.0s →   223.0s  (66.0s)
  [ 5] V5      223.0s →   277.0s  (54.0s)
  [ 6] V6      277.0s →   310.0s  (33.0s)
  [ 7] V7      310.0s →   355.0s  (45.0s)
  [ 8] V8      355.0s →   604.0s  (249.0s)
  [ 9] V9      604.0s →   718.0s  (114.0s)

✓ 特征已保存: /Users/jiaxuan/Desktop/Music Project/VariVis/backend/features/WAMozart_K264_10.json

WAMozart_K264_10: 加载 WAV…
  T    1.0s–42.0s … key=Cmaj r=0.81  voiced=0.65  beats=77 ✓
  V1   42.0s–79.0s … key=Cmaj r=0.84  voiced=0.70  beats=79 ✓
  V2   79.0s–125.0s … key=Cmaj r=0.94  voiced=0.75  beats=98 ✓
  V3   125.0s–157.0s … key=Cmaj r=0.86  voiced=0.71  beats=70 ✓
  V4   157.0s–223.0s … key=Cmaj r=0.82  voiced=0.65  beats=132 ✓
  V5   223.0s–277.0s … key=Cmin r=0.90  voiced=0.78  beats=176 ✓
  V6   277.0s–310.0s … key=Cmaj r=0.85  voiced=0.79  beats=77 ✓
  V7   310.0s–355.0s … key=Cmaj r=0.80  voiced=0.62  beats=99 ✓
  V8   355.0s–604.0s … key=Cmaj r=0.91  voiced=0.82  beats=547 ✓
  V9   604.0s–718.0s … key=Cmaj r=0.78  voiced=0.64  beats=232 ✓
✓ 已保存: /Users/jiaxuan/Desktop/Music Project/VariVis/backend/features/WAMozart_K264_10.json
Sat Apr 25 19:02:26 AEST 2026: OK WAMozart_K264_10

============================================================
处理: WAMozart_K264_11
============================================================
曲目: Variations on "Lison dormait",K 264
作曲: Wolfgang Amadeus Mozart
段落: ['T', 'V1', 'V2', 'V3', 'V4', 'V5', 'V6', 'V7', 'V8', 'V9']  (10 段)
边界(秒): [1.0, 43.0, 80.0, 128.0, 159.0, 226.0, 330.0, 366.0, 405.0, 706.0, 802.0]

正在加载 WAV: WAMozart_K264_11.wav...
已加载: 811.5s @ 48000Hz
  [ 0] T         1.0s →    43.0s  (42.0s)
  [ 1] V1       43.0s →    80.0s  (37.0s)
  [ 2] V2       80.0s →   128.0s  (48.0s)
  [ 3] V3      128.0s →   159.0s  (31.0s)
  [ 4] V4      159.0s →   226.0s  (67.0s)
  [ 5] V5      226.0s →   330.0s  (104.0s)
  [ 6] V6      330.0s →   366.0s  (36.0s)
  [ 7] V7      366.0s →   405.0s  (39.0s)
  [ 8] V8      405.0s →   706.0s  (301.0s)
  [ 9] V9      706.0s →   802.0s  (96.0s)

✓ 特征已保存: /Users/jiaxuan/Desktop/Music Project/VariVis/backend/features/WAMozart_K264_11.json

WAMozart_K264_11: 加载 WAV…
  T    1.0s–43.0s … key=Cmaj r=0.76  voiced=0.69  beats=83 ✓
  V1   43.0s–80.0s … key=Cmaj r=0.85  voiced=0.63  beats=83 ✓
  V2   80.0s–128.0s … key=Cmaj r=0.83  voiced=0.72  beats=102 ✓
  V3   128.0s–159.0s … key=Cmaj r=0.86  voiced=0.68  beats=61 ✓
  V4   159.0s–226.0s … key=Cmaj r=0.77  voiced=0.64  beats=146 ✓
  V5   226.0s–330.0s … key=Cmin r=0.80  voiced=0.80  beats=167 ✓
  V6   330.0s–366.0s … key=Cmaj r=0.74  voiced=0.68  beats=86 ✓
  V7   366.0s–405.0s … key=Cmaj r=0.76  voiced=0.62  beats=86 ✓
  V8   405.0s–706.0s … key=Cmaj r=0.79  voiced=0.79  beats=568 ✓
  V9   706.0s–802.0s … key=Cmaj r=0.71  voiced=0.56  beats=212 ✓
✓ 已保存: /Users/jiaxuan/Desktop/Music Project/VariVis/backend/features/WAMozart_K264_11.json
Sat Apr 25 19:05:54 AEST 2026: OK WAMozart_K264_11

============================================================
处理: WAMozart_K264_12
============================================================
曲目: Variations on "Lison dormait",K 264
作曲: Wolfgang Amadeus Mozart
段落: ['T', 'V1', 'V2', 'V3', 'V4', 'V5', 'V6', 'V7', 'V8', 'V9']  (10 段)
边界(秒): [0.0, 69.0, 133.0, 199.0, 261.0, 326.0, 413.0, 472.0, 536.0, 744.0, 859.0]

正在加载 WAV: WAMozart_K264_12.wav...
已加载: 866.6s @ 48000Hz
  [ 0] T         0.0s →    69.0s  (69.0s)
  [ 1] V1       69.0s →   133.0s  (64.0s)
  [ 2] V2      133.0s →   199.0s  (66.0s)
  [ 3] V3      199.0s →   261.0s  (62.0s)
  [ 4] V4      261.0s →   326.0s  (65.0s)
  [ 5] V5      326.0s →   413.0s  (87.0s)
  [ 6] V6      413.0s →   472.0s  (59.0s)
  [ 7] V7      472.0s →   536.0s  (64.0s)
  [ 8] V8      536.0s →   744.0s  (208.0s)
  [ 9] V9      744.0s →   859.0s  (115.0s)

✓ 特征已保存: /Users/jiaxuan/Desktop/Music Project/VariVis/backend/features/WAMozart_K264_12.json

WAMozart_K264_12: 加载 WAV…
  T    0.0s–69.0s … key=Gmaj r=0.80  voiced=0.67  beats=143 ✓
  V1   69.0s–133.0s … key=Gmaj r=0.74  voiced=0.63  beats=152 ✓
  V2   133.0s–199.0s … key=Cmaj r=0.75  voiced=0.68  beats=148 ✓
  V3   199.0s–261.0s … key=Cmaj r=0.72  voiced=0.50  beats=148 ✓
  V4   261.0s–326.0s … key=Gmaj r=0.73  voiced=0.61  beats=145 ✓
  V5   326.0s–413.0s … key=Gmaj r=0.72  voiced=0.70  beats=152 ✓
  V6   413.0s–472.0s … key=Gmaj r=0.70  voiced=0.61  beats=158 ✓
  V7   472.0s–536.0s … key=Gmaj r=0.74  voiced=0.72  beats=146 ✓
  V8   536.0s–744.0s … key=Gmaj r=0.83  voiced=0.73  beats=683 ✓
  V9   744.0s–859.0s … key=Gmaj r=0.71  voiced=0.66  beats=223 ✓
✓ 已保存: /Users/jiaxuan/Desktop/Music Project/VariVis/backend/features/WAMozart_K264_12.json
Sat Apr 25 19:09:33 AEST 2026: OK WAMozart_K264_12

============================================================
处理: WAMozart_K264_13
============================================================
曲目: Variations on "Lison dormait",K 264
作曲: Wolfgang Amadeus Mozart
段落: ['T', 'V1', 'V2', 'V3', 'V4', 'V5', 'V6', 'V7', 'V8', 'V9']  (10 段)
边界(秒): [0.0, 76.0, 146.0, 224.0, 300.0, 372.0, 452.0, 523.0, 598.0, 875.0, 1001.0]

正在加载 WAV: WAMozart_K264_13.wav...
已加载: 1009.1s @ 48000Hz
  [ 0] T         0.0s →    76.0s  (76.0s)
  [ 1] V1       76.0s →   146.0s  (70.0s)
  [ 2] V2      146.0s →   224.0s  (78.0s)
  [ 3] V3      224.0s →   300.0s  (76.0s)
  [ 4] V4      300.0s →   372.0s  (72.0s)
  [ 5] V5      372.0s →   452.0s  (80.0s)
  [ 6] V6      452.0s →   523.0s  (71.0s)
  [ 7] V7      523.0s →   598.0s  (75.0s)
  [ 8] V8      598.0s →   875.0s  (277.0s)
  [ 9] V9      875.0s →  1001.0s  (126.0s)

✓ 特征已保存: /Users/jiaxuan/Desktop/Music Project/VariVis/backend/features/WAMozart_K264_13.json

WAMozart_K264_13: 加载 WAV…
  T    0.0s–76.0s … key=Cmaj r=0.68  voiced=0.70  beats=149 ✓
  V1   76.0s–146.0s … key=Cmaj r=0.73  voiced=0.69  beats=127 ✓
  V2   146.0s–224.0s … key=Cmaj r=0.90  voiced=0.79  beats=142 ✓
  V3   224.0s–300.0s … key=Cmaj r=0.72  voiced=0.70  beats=161 ✓
  V4   300.0s–372.0s … key=Cmaj r=0.68  voiced=0.68  beats=138 ✓
  V5   372.0s–452.0s … key=Cmin r=0.81  voiced=0.75  beats=170 ✓
  V6   452.0s–523.0s … key=Cmaj r=0.69  voiced=0.78  beats=159 ✓
  V7   523.0s–598.0s … key=Cmaj r=0.78  voiced=0.55  beats=91 ✓
  V8   598.0s–875.0s … key=Cmaj r=0.67  voiced=0.79  beats=620 ✓
  V9   875.0s–1001.0s … key=Cmaj r=0.63  voiced=0.67  beats=157 ✓
✓ 已保存: /Users/jiaxuan/Desktop/Music Project/VariVis/backend/features/WAMozart_K264_13.json
Sat Apr 25 19:13:48 AEST 2026: OK WAMozart_K264_13

============================================================
处理: WAMozart_K460_2
============================================================
曲目: Mozart： 8 Variations on ＂Come un' Agnello＂,K.460
作曲: Wolfgang Amadeus Mozart
段落: ['T', 'V1', 'V2', 'V3', 'V4', 'V5', 'V6', 'V7', 'V8', 'C']  (10 段)
边界(秒): [9.0, 58.0, 93.0, 156.0, 199.0, 250.0, 300.0, 344.0, 496.0, 743.0, 786.0]

正在加载 WAV: WAMozart_K460_2.wav...
已加载: 802.7s @ 48000Hz
  [ 0] T         9.0s →    58.0s  (49.0s)
  [ 1] V1       58.0s →    93.0s  (35.0s)
  [ 2] V2       93.0s →   156.0s  (63.0s)
  [ 3] V3      156.0s →   199.0s  (43.0s)
  [ 4] V4      199.0s →   250.0s  (51.0s)
  [ 5] V5      250.0s →   300.0s  (50.0s)
  [ 6] V6      300.0s →   344.0s  (44.0s)
  [ 7] V7      344.0s →   496.0s  (152.0s)
  [ 8] V8      496.0s →   743.0s  (247.0s)
  [ 9] C       743.0s →   786.0s  (43.0s)

✓ 特征已保存: /Users/jiaxuan/Desktop/Music Project/VariVis/backend/features/WAMozart_K460_2.json

WAMozart_K460_2: 加载 WAV…
  T    9.0s–58.0s … key=Amaj r=0.91  voiced=0.70  beats=88 ✓
  V1   58.0s–93.0s … key=Amaj r=0.91  voiced=0.76  beats=66 ✓
  V2   93.0s–156.0s … key=Amaj r=0.89  voiced=0.80  beats=110 ✓
  V3   156.0s–199.0s … key=Amaj r=0.86  voiced=0.74  beats=96 ✓
  V4   199.0s–250.0s … key=Amaj r=0.82  voiced=0.77  beats=101 ✓
  V5   250.0s–300.0s … key=Amaj r=0.91  voiced=0.80  beats=96 ✓
  V6   300.0s–344.0s … key=Emaj r=0.84  voiced=0.77  beats=94 ✓
  V7   344.0s–496.0s … key=Amaj r=0.86  voiced=0.77  beats=378 ✓
  V8   496.0s–743.0s … key=Amaj r=0.82  voiced=0.82  beats=566 ✓
  C    743.0s–786.0s … key=Amaj r=0.85  voiced=0.67  beats=131 ✓
✓ 已保存: /Users/jiaxuan/Desktop/Music Project/VariVis/backend/features/WAMozart_K460_2.json
Sat Apr 25 19:17:09 AEST 2026: OK WAMozart_K460_2

============================================================
处理: WAMozart_K460_3
============================================================
曲目: Mozart： 8 Variations on ＂Come un' Agnello＂,K.460
作曲: Wolfgang Amadeus Mozart
段落: ['T', 'V1', 'V2', 'V3', 'V4', 'V5', 'V6', 'V7', 'V8', 'C']  (10 段)
边界(秒): [2.0, 28.0, 42.0, 78.0, 102.0, 129.0, 155.0, 188.0, 343.0, 481.0, 507.0]

正在加载 WAV: WAMozart_K460_3.wav...
已加载: 510.0s @ 48000Hz
  [ 0] T         2.0s →    28.0s  (26.0s)
  [ 1] V1       28.0s →    42.0s  (14.0s)
  [ 2] V2       42.0s →    78.0s  (36.0s)
  [ 3] V3       78.0s →   102.0s  (24.0s)
  [ 4] V4      102.0s →   129.0s  (27.0s)
  [ 5] V5      129.0s →   155.0s  (26.0s)
  [ 6] V6      155.0s →   188.0s  (33.0s)
  [ 7] V7      188.0s →   343.0s  (155.0s)
  [ 8] V8      343.0s →   481.0s  (138.0s)
  [ 9] C       481.0s →   507.0s  (26.0s)

✓ 特征已保存: /Users/jiaxuan/Desktop/Music Project/VariVis/backend/features/WAMozart_K460_3.json

WAMozart_K460_3: 加载 WAV…
  T    2.0s–28.0s … key=Amaj r=0.79  voiced=0.81  beats=48 ✓
  V1   28.0s–42.0s … key=Amaj r=0.86  voiced=0.80  beats=29 ✓
  V2   42.0s–78.0s … key=Amaj r=0.88  voiced=0.73  beats=74 ✓
  V3   78.0s–102.0s … key=Amaj r=0.76  voiced=0.71  beats=46 ✓
  V4   102.0s–129.0s … key=Amaj r=0.68  voiced=0.71  beats=46 ✓
  V5   129.0s–155.0s … key=Amaj r=0.88  voiced=0.70  beats=41 ✓
  V6   155.0s–188.0s … key=Emaj r=0.59  voiced=0.69  beats=66 ✓
  V7   188.0s–343.0s … key=Amaj r=0.83  voiced=0.68  beats=366 ✓
  V8   343.0s–481.0s … key=Amaj r=0.72  voiced=0.80  beats=294 ✓
  C    481.0s–507.0s … key=Amaj r=0.87  voiced=0.56  beats=49 ✓
✓ 已保存: /Users/jiaxuan/Desktop/Music Project/VariVis/backend/features/WAMozart_K460_3.json
Sat Apr 25 19:19:21 AEST 2026: OK WAMozart_K460_3

============================================================
处理: WAMozart_K460_4
============================================================
曲目: Mozart： 8 Variations on ＂Come un' Agnello＂,K.460
作曲: Wolfgang Amadeus Mozart
段落: ['T', 'V1', 'V2', 'V3', 'V4', 'V5', 'V6', 'V7', 'V8', 'C']  (10 段)
边界(秒): [0.0, 31.0, 50.0, 90.0, 121.0, 153.0, 179.0, 217.0, 381.0, 530.0, 559.0]

正在加载 WAV: WAMozart_K460_4.wav...
已加载: 562.3s @ 48000Hz
  [ 0] T         0.0s →    31.0s  (31.0s)
  [ 1] V1       31.0s →    50.0s  (19.0s)
  [ 2] V2       50.0s →    90.0s  (40.0s)
  [ 3] V3       90.0s →   121.0s  (31.0s)
  [ 4] V4      121.0s →   153.0s  (32.0s)
  [ 5] V5      153.0s →   179.0s  (26.0s)
  [ 6] V6      179.0s →   217.0s  (38.0s)
  [ 7] V7      217.0s →   381.0s  (164.0s)
  [ 8] V8      381.0s →   530.0s  (149.0s)
  [ 9] C       530.0s →   559.0s  (29.0s)

✓ 特征已保存: /Users/jiaxuan/Desktop/Music Project/VariVis/backend/features/WAMozart_K460_4.json

WAMozart_K460_4: 加载 WAV…
  T    0.0s–31.0s … key=Amaj r=0.92  voiced=0.78  beats=45 ✓
  V1   31.0s–50.0s … key=Amaj r=0.96  voiced=0.79  beats=32 ✓
  V2   50.0s–90.0s … key=Amaj r=0.95  voiced=0.74  beats=70 ✓
  V3   90.0s–121.0s … key=Amaj r=0.94  voiced=0.73  beats=29 ✓
  V4   121.0s–153.0s … key=Amaj r=0.87  voiced=0.80  beats=46 ✓
  V5   153.0s–179.0s … key=Amaj r=0.94  voiced=0.67  beats=46 ✓
  V6   179.0s–217.0s … key=Emaj r=0.87  voiced=0.76  beats=48 ✓
  V7   217.0s–381.0s … key=Amaj r=0.90  voiced=0.74  beats=376 ✓
  V8   381.0s–530.0s … key=Amaj r=0.84  voiced=0.82  beats=288 ✓
  C    530.0s–559.0s … key=Amaj r=0.93  voiced=0.65  beats=64 ✓
✓ 已保存: /Users/jiaxuan/Desktop/Music Project/VariVis/backend/features/WAMozart_K460_4.json
Sat Apr 25 19:21:45 AEST 2026: OK WAMozart_K460_4

============================================================
处理: WAMozart_K460_5
============================================================
曲目: Mozart： 8 Variations on ＂Come un' Agnello＂,K.460
作曲: Wolfgang Amadeus Mozart
段落: ['T', 'V1', 'V2', 'V3', 'V4', 'V5', 'V6', 'V7', 'V8', 'C']  (10 段)
边界(秒): [0.0, 53.0, 89.0, 155.0, 203.0, 253.0, 301.0, 352.0, 521.0, 662.0, 723.0]

正在加载 WAV: WAMozart_K460_5.wav...
已加载: 730.5s @ 48000Hz
  [ 0] T         0.0s →    53.0s  (53.0s)
  [ 1] V1       53.0s →    89.0s  (36.0s)
  [ 2] V2       89.0s →   155.0s  (66.0s)
  [ 3] V3      155.0s →   203.0s  (48.0s)
  [ 4] V4      203.0s →   253.0s  (50.0s)
  [ 5] V5      253.0s →   301.0s  (48.0s)
  [ 6] V6      301.0s →   352.0s  (51.0s)
  [ 7] V7      352.0s →   521.0s  (169.0s)
  [ 8] V8      521.0s →   662.0s  (141.0s)
  [ 9] C       662.0s →   723.0s  (61.0s)

✓ 特征已保存: /Users/jiaxuan/Desktop/Music Project/VariVis/backend/features/WAMozart_K460_5.json

WAMozart_K460_5: 加载 WAV…
  T    0.0s–53.0s … key=Amaj r=0.86  voiced=0.83  beats=91 ✓
  V1   53.0s–89.0s … key=Amaj r=0.88  voiced=0.85  beats=67 ✓
  V2   89.0s–155.0s … key=Amaj r=0.89  voiced=0.84  beats=115 ✓
  V3   155.0s–203.0s … key=Amaj r=0.91  voiced=0.77  beats=94 ✓
  V4   203.0s–253.0s … key=Amaj r=0.82  voiced=0.80  beats=82 ✓
  V5   253.0s–301.0s … key=Amaj r=0.94  voiced=0.82  beats=93 ✓
  V6   301.0s–352.0s … key=Amaj r=0.76  voiced=0.88  beats=94 ✓
  V7   352.0s–521.0s … key=Amaj r=0.90  voiced=0.81  beats=331 ✓
  V8   521.0s–662.0s … key=Amaj r=0.77  voiced=0.84  beats=292 ✓
  C    662.0s–723.0s … key=Amaj r=0.92  voiced=0.76  beats=132 ✓
✓ 已保存: /Users/jiaxuan/Desktop/Music Project/VariVis/backend/features/WAMozart_K460_5.json
Sat Apr 25 19:24:51 AEST 2026: OK WAMozart_K460_5

============================================================
处理: WAMozart_K460_6
============================================================
曲目: Mozart： 8 Variations on ＂Come un' Agnello＂,K.460
作曲: Wolfgang Amadeus Mozart
段落: ['T', 'V1', 'V2', 'V3', 'V4', 'V5', 'V6', 'V7', 'V8', 'C']  (10 段)
边界(秒): [0.0, 23.0, 41.0, 70.0, 93.0, 117.0, 141.0, 175.0, 309.0, 426.0, 451.0]

正在加载 WAV: WAMozart_K460_6.wav...
已加载: 460.9s @ 48000Hz
  [ 0] T         0.0s →    23.0s  (23.0s)
  [ 1] V1       23.0s →    41.0s  (18.0s)
  [ 2] V2       41.0s →    70.0s  (29.0s)
  [ 3] V3       70.0s →    93.0s  (23.0s)
  [ 4] V4       93.0s →   117.0s  (24.0s)
  [ 5] V5      117.0s →   141.0s  (24.0s)
  [ 6] V6      141.0s →   175.0s  (34.0s)
  [ 7] V7      175.0s →   309.0s  (134.0s)
  [ 8] V8      309.0s →   426.0s  (117.0s)
  [ 9] C       426.0s →   451.0s  (25.0s)

✓ 特征已保存: /Users/jiaxuan/Desktop/Music Project/VariVis/backend/features/WAMozart_K460_6.json

WAMozart_K460_6: 加载 WAV…
  T    0.0s–23.0s … key=Amaj r=0.90  voiced=0.80  beats=41 ✓
  V1   23.0s–41.0s … key=Amaj r=0.92  voiced=0.80  beats=39 ✓
  V2   41.0s–70.0s … key=Amaj r=0.91  voiced=0.82  beats=55 ✓
  V3   70.0s–93.0s … key=Amaj r=0.92  voiced=0.70  beats=43 ✓
  V4   93.0s–117.0s … key=Amaj r=0.80  voiced=0.81  beats=43 ✓
  V5   117.0s–141.0s … key=Amaj r=0.90  voiced=0.73  beats=48 ✓
  V6   141.0s–175.0s … key=Emaj r=0.83  voiced=0.77  beats=68 ✓
  V7   175.0s–309.0s … key=Amaj r=0.92  voiced=0.71  beats=327 ✓
  V8   309.0s–426.0s … key=Amaj r=0.76  voiced=0.87  beats=246 ✓
  C    426.0s–451.0s … key=Amaj r=0.90  voiced=0.53  beats=60 ✓
✓ 已保存: /Users/jiaxuan/Desktop/Music Project/VariVis/backend/features/WAMozart_K460_6.json
Sat Apr 25 19:26:48 AEST 2026: OK WAMozart_K460_6

============================================================
处理: WAMozart_K460_7
============================================================
曲目: Mozart： 8 Variations on ＂Come un' Agnello＂,K.460
作曲: Wolfgang Amadeus Mozart
段落: ['T', 'V1', 'V2', 'V3', 'V4', 'V5', 'V6', 'V7', 'V8', 'C']  (10 段)
边界(秒): [0.0, 46.0, 80.0, 141.0, 187.0, 244.0, 290.0, 331.0, 472.0, 752.0]

正在加载 WAV: WAMozart_K460_7.wav...
已加载: 809.6s @ 48000Hz
Traceback (most recent call last):
  File "/Users/jiaxuan/Desktop/Music Project/VariVis/backend/extract_features.py", line 541, in <module>
    main()
  File "/Users/jiaxuan/Desktop/Music Project/VariVis/backend/extract_features.py", line 529, in main
    data = process_file(args.target, args.frames, args.sr)
           ^^^^^^^^^^^^^^^^^^^^^^^^^^^^^^^^^^^^^^^^^^^^^^^
  File "/Users/jiaxuan/Desktop/Music Project/VariVis/backend/extract_features.py", line 406, in process_file
    raise ValueError(
ValueError: boundary数量(10)应等于label数量(10)+1
Sat Apr 25 19:26:51 AEST 2026: FAIL extract WAMozart_K460_7

============================================================
处理: WAMozart_K180_1
============================================================
曲目: Variations on "Mio caro adone," K180
作曲: Wolfgang Amadeus Mozart
段落: ['T', 'V1', 'V2', 'V3', 'V4', 'V5', 'V6']  (7 段)
边界(秒): [7.0, 62.0, 106.0, 160.0, 227.0, 299.0, 462.0, 507.0]

正在加载 WAV: WAMozart_K180_1.wav...
已加载: 519.4s @ 48000Hz
  [ 0] T         7.0s →    62.0s  (55.0s)
  [ 1] V1       62.0s →   106.0s  (44.0s)
  [ 2] V2      106.0s →   160.0s  (54.0s)
  [ 3] V3      160.0s →   227.0s  (67.0s)
  [ 4] V4      227.0s →   299.0s  (72.0s)
  [ 5] V5      299.0s →   462.0s  (163.0s)
  [ 6] V6      462.0s →   507.0s  (45.0s)

✓ 特征已保存: /Users/jiaxuan/Desktop/Music Project/VariVis/backend/features/WAMozart_K180_1.json

WAMozart_K180_1: 加载 WAV…
  T    7.0s–62.0s … key=Gmaj r=0.91  voiced=0.79  beats=152 ✓
  V1   62.0s–106.0s … key=Gmaj r=0.87  voiced=0.70  beats=86 ✓
  V2   106.0s–160.0s … key=Gmaj r=0.90  voiced=0.74  beats=139 ✓
  V3   160.0s–227.0s … key=Gmaj r=0.84  voiced=0.80  beats=123 ✓
  V4   227.0s–299.0s … key=Gmaj r=0.93  voiced=0.80  beats=195 ✓
  V5   299.0s–462.0s … key=Gmaj r=0.92  voiced=0.85  beats=408 ✓
  V6   462.0s–507.0s … key=Gmaj r=0.73  voiced=0.73  beats=74 ✓
✓ 已保存: /Users/jiaxuan/Desktop/Music Project/VariVis/backend/features/WAMozart_K180_1.json
Sat Apr 25 19:29:02 AEST 2026: OK WAMozart_K180_1

============================================================
处理: WAMozart_K180_2
============================================================
曲目: Variations on "Mio caro adone," K180
作曲: Wolfgang Amadeus Mozart
段落: ['T', 'V1', 'V2', 'V3', 'V4', 'V5', 'V6']  (7 段)
边界(秒): [0.0, 88.0, 177.0, 256.0, 358.0, 458.0, 664.0, 711.0]

正在加载 WAV: WAMozart_K180_2.wav...
已加载: 714.2s @ 48000Hz
  [ 0] T         0.0s →    88.0s  (88.0s)
  [ 1] V1       88.0s →   177.0s  (89.0s)
  [ 2] V2      177.0s →   256.0s  (79.0s)
  [ 3] V3      256.0s →   358.0s  (102.0s)
  [ 4] V4      358.0s →   458.0s  (100.0s)
  [ 5] V5      458.0s →   664.0s  (206.0s)
  [ 6] V6      664.0s →   711.0s  (47.0s)

✓ 特征已保存: /Users/jiaxuan/Desktop/Music Project/VariVis/backend/features/WAMozart_K180_2.json

WAMozart_K180_2: 加载 WAV…
  T    0.0s–88.0s … key=Gmaj r=0.84  voiced=0.88  beats=185 ✓
  V1   88.0s–177.0s … key=Gmaj r=0.91  voiced=0.86  beats=187 ✓
  V2   177.0s–256.0s … key=Gmaj r=0.90  voiced=0.84  beats=149 ✓
  V3   256.0s–358.0s … key=Gmaj r=0.81  voiced=0.85  beats=187 ✓
  V4   358.0s–458.0s … key=Gmaj r=0.91  voiced=0.84  beats=191 ✓
  V5   458.0s–664.0s … key=Gmaj r=0.83  voiced=0.88  beats=385 ✓
  V6   664.0s–711.0s … key=Gmaj r=0.91  voiced=0.74  beats=80 ✓
✓ 已保存: /Users/jiaxuan/Desktop/Music Project/VariVis/backend/features/WAMozart_K180_2.json
Sat Apr 25 19:32:06 AEST 2026: OK WAMozart_K180_2

============================================================
处理: WAMozart_K180_3
============================================================
曲目: Variations on "Mio caro adone," K180
作曲: Wolfgang Amadeus Mozart
段落: ['T', 'V1', 'V2', 'V3', 'V4', 'V5', 'V6']  (7 段)
边界(秒): [4.0, 75.0, 129.0, 181.0, 245.0, 317.0, 457.0, 505.0]

正在加载 WAV: WAMozart_K180_3.wav...
已加载: 522.9s @ 48000Hz
  [ 0] T         4.0s →    75.0s  (71.0s)
  [ 1] V1       75.0s →   129.0s  (54.0s)
  [ 2] V2      129.0s →   181.0s  (52.0s)
  [ 3] V3      181.0s →   245.0s  (64.0s)
  [ 4] V4      245.0s →   317.0s  (72.0s)
  [ 5] V5      317.0s →   457.0s  (140.0s)
  [ 6] V6      457.0s →   505.0s  (48.0s)

✓ 特征已保存: /Users/jiaxuan/Desktop/Music Project/VariVis/backend/features/WAMozart_K180_3.json

WAMozart_K180_3: 加载 WAV…
  T    4.0s–75.0s … key=Gmaj r=0.91  voiced=0.89  beats=194 ✓
  V1   75.0s–129.0s … key=Gmaj r=0.93  voiced=0.79  beats=90 ✓
  V2   129.0s–181.0s … key=Gmaj r=0.92  voiced=0.75  beats=98 ✓
  V3   181.0s–245.0s … key=Gmaj r=0.85  voiced=0.76  beats=109 ✓
  V4   245.0s–317.0s … key=Gmaj r=0.92  voiced=0.86  beats=197 ✓
  V5   317.0s–457.0s … key=Dmaj r=0.86  voiced=0.84  beats=402 ✓
  V6   457.0s–505.0s … key=Gmaj r=0.93  voiced=0.74  beats=158 ✓
✓ 已保存: /Users/jiaxuan/Desktop/Music Project/VariVis/backend/features/WAMozart_K180_3.json
Sat Apr 25 19:34:16 AEST 2026: OK WAMozart_K180_3

============================================================
处理: WAMozart_K180_4
============================================================
曲目: Variations on "Mio caro adone," K180
作曲: Wolfgang Amadeus Mozart
段落: ['T', 'V1', 'V2', 'V3', 'V4', 'V5', 'V6']  (7 段)
边界(秒): [2.0, 68.0, 124.0, 177.0, 234.0, 303.0, 454.0, 499.0]

正在加载 WAV: WAMozart_K180_4.wav...
已加载: 512.1s @ 48000Hz
  [ 0] T         2.0s →    68.0s  (66.0s)
  [ 1] V1       68.0s →   124.0s  (56.0s)
  [ 2] V2      124.0s →   177.0s  (53.0s)
  [ 3] V3      177.0s →   234.0s  (57.0s)
  [ 4] V4      234.0s →   303.0s  (69.0s)
  [ 5] V5      303.0s →   454.0s  (151.0s)
  [ 6] V6      454.0s →   499.0s  (45.0s)

✓ 特征已保存: /Users/jiaxuan/Desktop/Music Project/VariVis/backend/features/WAMozart_K180_4.json

WAMozart_K180_4: 加载 WAV…
  T    2.0s–68.0s … key=Dmaj r=0.81  voiced=0.76  beats=202 ✓
  V1   68.0s–124.0s … key=Gmaj r=0.82  voiced=0.68  beats=189 ✓
  V2   124.0s–177.0s … key=Dmaj r=0.79  voiced=0.72  beats=146 ✓
  V3   177.0s–234.0s … key=Dmaj r=0.78  voiced=0.59  beats=141 ✓
  V4   234.0s–303.0s … key=Gmaj r=0.82  voiced=0.73  beats=203 ✓
  V5   303.0s–454.0s … key=Dmaj r=0.77  voiced=0.76  beats=425 ✓
  V6   454.0s–499.0s … key=Dmaj r=0.74  voiced=0.59  beats=150 ✓
✓ 已保存: /Users/jiaxuan/Desktop/Music Project/VariVis/backend/features/WAMozart_K180_4.json
Sat Apr 25 19:36:26 AEST 2026: OK WAMozart_K180_4

============================================================
处理: WAMozart_K180_5
============================================================
曲目: Variations on "Mio caro adone," K180
作曲: Wolfgang Amadeus Mozart
段落: ['T', 'V1', 'V2', 'V3', 'V4', 'V5', 'V6']  (7 段)
边界(秒): [0.0, 48.0, 97.0, 145.0, 193.0, 245.0, 338.0, 376.0]

正在加载 WAV: WAMozart_K180_5.wav...
已加载: 503.0s @ 48000Hz
  [ 0] T         0.0s →    48.0s  (48.0s)
  [ 1] V1       48.0s →    97.0s  (49.0s)
  [ 2] V2       97.0s →   145.0s  (48.0s)
  [ 3] V3      145.0s →   193.0s  (48.0s)
  [ 4] V4      193.0s →   245.0s  (52.0s)
  [ 5] V5      245.0s →   338.0s  (93.0s)
  [ 6] V6      338.0s →   376.0s  (38.0s)

✓ 特征已保存: /Users/jiaxuan/Desktop/Music Project/VariVis/backend/features/WAMozart_K180_5.json

WAMozart_K180_5: 加载 WAV…
  T    0.0s–48.0s … key=Dmaj r=0.83  voiced=0.78  beats=68 ✓
  V1   48.0s–97.0s … key=Gmaj r=0.76  voiced=0.76  beats=88 ✓
  V2   97.0s–145.0s … key=Gmaj r=0.78  voiced=0.65  beats=91 ✓
  V3   145.0s–193.0s … key=Dmaj r=0.79  voiced=0.69  beats=95 ✓
  V4   193.0s–245.0s … key=Dmaj r=0.74  voiced=0.60  beats=130 ✓
  V5   245.0s–338.0s … key=Dmaj r=0.79  voiced=0.71  beats=281 ✓
  V6   338.0s–376.0s … key=Dmaj r=0.83  voiced=0.69  beats=94 ✓
✓ 已保存: /Users/jiaxuan/Desktop/Music Project/VariVis/backend/features/WAMozart_K180_5.json
Sat Apr 25 19:38:04 AEST 2026: OK WAMozart_K180_5
/Users/jiaxuan/Desktop/Music Project/VariVis/backend/.venv/lib/python3.11/site-packages/librosa/core/spectrum.py:266: UserWarning: n_fft=2048 is too large for input signal of length=0
  warnings.warn(
/Users/jiaxuan/Desktop/Music Project/VariVis/backend/.venv/lib/python3.11/site-packages/librosa/core/pitch.py:103: UserWarning: Trying to estimate tuning from empty frequency set.
  return pitch_tuning(

============================================================
处理: WAMozart_K180_6
============================================================
曲目: Variations on "Mio caro adone," K180
作曲: Wolfgang Amadeus Mozart
段落: ['T', 'V1', 'V2', 'V3', 'V4', 'V5', 'V6']  (7 段)
边界(秒): [1.0, 75.0, 148.0, 219.0, 296.0, 373.0, 545.0, 590.0]

正在加载 WAV: WAMozart_K180_6.wav...
已加载: 381.1s @ 48000Hz
  [ 0] T         1.0s →    75.0s  (74.0s)
  [ 1] V1       75.0s →   148.0s  (73.0s)
  [ 2] V2      148.0s →   219.0s  (71.0s)
  [ 3] V3      219.0s →   296.0s  (77.0s)
  [ 4] V4      296.0s →   373.0s  (77.0s)
  [ 5] V5      373.0s →   545.0s  (172.0s)
  [ 6] V6      545.0s →   590.0s  (45.0s)  ⚠ 时长过短(45.00s)，特征可能不稳定
Traceback (most recent call last):
  File "/Users/jiaxuan/Desktop/Music Project/VariVis/backend/extract_features.py", line 541, in <module>
    main()
  File "/Users/jiaxuan/Desktop/Music Project/VariVis/backend/extract_features.py", line 529, in main
    data = process_file(args.target, args.frames, args.sr)
           ^^^^^^^^^^^^^^^^^^^^^^^^^^^^^^^^^^^^^^^^^^^^^^^
  File "/Users/jiaxuan/Desktop/Music Project/VariVis/backend/extract_features.py", line 429, in process_file
    feats = extract_segment_features(y_seg, sr, label, compressed_frames)
            ^^^^^^^^^^^^^^^^^^^^^^^^^^^^^^^^^^^^^^^^^^^^^^^^^^^^^^^^^^^^^
  File "/Users/jiaxuan/Desktop/Music Project/VariVis/backend/extract_features.py", line 172, in extract_segment_features
    chroma_cqt = librosa.feature.chroma_cqt(y=y, sr=sr, bins_per_octave=36)
                 ^^^^^^^^^^^^^^^^^^^^^^^^^^^^^^^^^^^^^^^^^^^^^^^^^^^^^^^^^^
  File "/Users/jiaxuan/Desktop/Music Project/VariVis/backend/.venv/lib/python3.11/site-packages/librosa/feature/spectral.py", line 1388, in chroma_cqt
    cqt_func[cqt_mode](
  File "/Users/jiaxuan/Desktop/Music Project/VariVis/backend/.venv/lib/python3.11/site-packages/librosa/core/constantq.py", line 171, in cqt
    return vqt(
           ^^^^
  File "/Users/jiaxuan/Desktop/Music Project/VariVis/backend/.venv/lib/python3.11/site-packages/librosa/core/constantq.py", line 980, in vqt
    y, sr, hop_length = __early_downsample(
                        ^^^^^^^^^^^^^^^^^^^
  File "/Users/jiaxuan/Desktop/Music Project/VariVis/backend/.venv/lib/python3.11/site-packages/librosa/core/constantq.py", line 1173, in __early_downsample
    raise ParameterError(
librosa.util.exceptions.ParameterError: Input signal length=0 is too short for 7-octave CQT
Sat Apr 25 19:38:55 AEST 2026: FAIL extract WAMozart_K180_6

============================================================
处理: WAMozart_K180_7
============================================================
曲目: Variations on "Mio caro adone," K180
作曲: Wolfgang Amadeus Mozart
段落: ['T', 'V1', 'V2', 'V3', 'V4', 'V5', 'V6']  (7 段)
边界(秒): [1.0, 61.0, 110.0, 160.0, 221.0, 300.0, 443.0, 483.0]

正在加载 WAV: WAMozart_K180_7.wav...
已加载: 597.3s @ 48000Hz
  [ 0] T         1.0s →    61.0s  (60.0s)
  [ 1] V1       61.0s →   110.0s  (49.0s)
  [ 2] V2      110.0s →   160.0s  (50.0s)
  [ 3] V3      160.0s →   221.0s  (61.0s)
  [ 4] V4      221.0s →   300.0s  (79.0s)
  [ 5] V5      300.0s →   443.0s  (143.0s)
  [ 6] V6      443.0s →   483.0s  (40.0s)

✓ 特征已保存: /Users/jiaxuan/Desktop/Music Project/VariVis/backend/features/WAMozart_K180_7.json

WAMozart_K180_7: 加载 WAV…
  T    1.0s–61.0s … key=Dmaj r=0.79  voiced=0.82  beats=173 ✓
  V1   61.0s–110.0s … key=Gmaj r=0.86  voiced=0.81  beats=127 ✓
  V2   110.0s–160.0s … key=Gmaj r=0.76  voiced=0.83  beats=120 ✓
  V3   160.0s–221.0s … key=Gmaj r=0.78  voiced=0.83  beats=130 ✓
  V4   221.0s–300.0s … key=Gmaj r=0.81  voiced=0.79  beats=151 ✓
  V5   300.0s–443.0s … key=Gmaj r=0.81  voiced=0.80  beats=184 ✓
  V6   443.0s–483.0s … key=Dmaj r=0.82  voiced=0.85  beats=61 ✓
✓ 已保存: /Users/jiaxuan/Desktop/Music Project/VariVis/backend/features/WAMozart_K180_7.json
Sat Apr 25 19:40:59 AEST 2026: OK WAMozart_K180_7

============================================================
处理: WAMozart_K354_2
============================================================
曲目: Variations on "Je suis Lindor",K 354
作曲: Wolfgang Amadeus Mozart
段落: ['T', 'V1', 'V2', 'V3', 'V4', 'V5', 'V6', 'V7', 'V12', 'V8', 'V9', 'V10', 'V11', 'C']  (14 段)
边界(秒): [1.0, 69.0, 134.0, 197.0, 271.0, 347.0, 400.0, 454.0, 517.0, 600.0, 738.0, 770.0, 804.0, 942.0, 1011.0]

正在加载 WAV: WAMozart_K354_2.wav...
已加载: 1014.1s @ 48000Hz
  [ 0] T         1.0s →    69.0s  (68.0s)
  [ 1] V1       69.0s →   134.0s  (65.0s)
  [ 2] V2      134.0s →   197.0s  (63.0s)
  [ 3] V3      197.0s →   271.0s  (74.0s)
  [ 4] V4      271.0s →   347.0s  (76.0s)
  [ 5] V5      347.0s →   400.0s  (53.0s)
  [ 6] V6      400.0s →   454.0s  (54.0s)
  [ 7] V7      454.0s →   517.0s  (63.0s)
  [ 8] V12     517.0s →   600.0s  (83.0s)
  [ 9] V8      600.0s →   738.0s  (138.0s)
  [10] V9      738.0s →   770.0s  (32.0s)
  [11] V10     770.0s →   804.0s  (34.0s)
  [12] V11     804.0s →   942.0s  (138.0s)
  [13] C       942.0s →  1011.0s  (69.0s)

✓ 特征已保存: /Users/jiaxuan/Desktop/Music Project/VariVis/backend/features/WAMozart_K354_2.json

WAMozart_K354_2: 加载 WAV…
  T    1.0s–69.0s … key=A#maj r=0.71  voiced=0.64  beats=171 ✓
  V1   69.0s–134.0s … key=D#maj r=0.71  voiced=0.78  beats=172 ✓
  V2   134.0s–197.0s … key=A#maj r=0.74  voiced=0.63  beats=169 ✓
  V3   197.0s–271.0s … key=D#maj r=0.75  voiced=0.61  beats=171 ✓
  V4   271.0s–347.0s … key=D#maj r=0.73  voiced=0.72  beats=167 ✓
  V5   347.0s–400.0s … key=D#maj r=0.74  voiced=0.62  beats=86 ✓
  V6   400.0s–454.0s … key=A#maj r=0.63  voiced=0.40  beats=168 ✓
  V7   454.0s–517.0s … key=D#maj r=0.75  voiced=0.62  beats=87 ✓
  V12  517.0s–600.0s … key=A#maj r=0.72  voiced=0.64  beats=190 ✓
  V8   600.0s–738.0s … key=D#min r=0.61  voiced=0.76  beats=180 ✓
  V9   738.0s–770.0s … key=A#maj r=0.72  voiced=0.62  beats=87 ✓
  V10  770.0s–804.0s … key=A#maj r=0.74  voiced=0.57  beats=83 ✓
  V11  804.0s–942.0s … key=A#maj r=0.76  voiced=0.81  beats=420 ✓
  C    942.0s–1011.0s … key=A#maj r=0.70  voiced=0.65  beats=168 ✓
✓ 已保存: /Users/jiaxuan/Desktop/Music Project/VariVis/backend/features/WAMozart_K354_2.json
Sat Apr 25 19:45:14 AEST 2026: OK WAMozart_K354_2

============================================================
处理: WAMozart_K354_3
============================================================
曲目: Variations on "Je suis Lindor",K 354
作曲: Wolfgang Amadeus Mozart
段落: ['T', 'V1', 'V2', 'V3', 'V4', 'V5', 'V6', 'V7', 'V8', 'V9', 'V10', 'V11', 'V12']  (13 段)
边界(秒): [1.0, 73.0, 144.0, 219.0, 303.0, 406.0, 476.0, 544.0, 628.0, 748.0, 787.0, 828.0, 969.0, 1077.0]

正在加载 WAV: WAMozart_K354_3.wav...
已加载: 1080.2s @ 48000Hz
  [ 0] T         1.0s →    73.0s  (72.0s)
  [ 1] V1       73.0s →   144.0s  (71.0s)
  [ 2] V2      144.0s →   219.0s  (75.0s)
  [ 3] V3      219.0s →   303.0s  (84.0s)
  [ 4] V4      303.0s →   406.0s  (103.0s)
  [ 5] V5      406.0s →   476.0s  (70.0s)
  [ 6] V6      476.0s →   544.0s  (68.0s)
  [ 7] V7      544.0s →   628.0s  (84.0s)
  [ 8] V8      628.0s →   748.0s  (120.0s)
  [ 9] V9      748.0s →   787.0s  (39.0s)
  [10] V10     787.0s →   828.0s  (41.0s)
  [11] V11     828.0s →   969.0s  (141.0s)
  [12] V12     969.0s →  1077.0s  (108.0s)

✓ 特征已保存: /Users/jiaxuan/Desktop/Music Project/VariVis/backend/features/WAMozart_K354_3.json

WAMozart_K354_3: 加载 WAV…
  T    1.0s–73.0s … key=D#maj r=0.80  voiced=0.71  beats=172 ✓
  V1   73.0s–144.0s … key=D#maj r=0.85  voiced=0.81  beats=151 ✓
  V2   144.0s–219.0s … key=D#maj r=0.91  voiced=0.66  beats=170 ✓
  V3   219.0s–303.0s … key=D#maj r=0.87  voiced=0.78  beats=178 ✓
  V4   303.0s–406.0s … key=D#maj r=0.82  voiced=0.79  beats=159 ✓
  V5   406.0s–476.0s … key=D#maj r=0.88  voiced=0.79  beats=79 ✓
  V6   476.0s–544.0s … key=A#maj r=0.75  voiced=0.50  beats=172 ✓
  V7   544.0s–628.0s … key=D#maj r=0.90  voiced=0.80  beats=184 ✓
  V8   628.0s–748.0s … key=D#min r=0.85  voiced=0.86  beats=169 ✓
  V9   748.0s–787.0s … key=D#maj r=0.71  voiced=0.69  beats=85 ✓
  V10  787.0s–828.0s … key=D#maj r=0.80  voiced=0.55  beats=79 ✓
  V11  828.0s–969.0s … key=D#maj r=0.85  voiced=0.81  beats=356 ✓
  V12  969.0s–1077.0s … key=D#maj r=0.75  voiced=0.64  beats=172 ✓
✓ 已保存: /Users/jiaxuan/Desktop/Music Project/VariVis/backend/features/WAMozart_K354_3.json
Sat Apr 25 19:49:46 AEST 2026: OK WAMozart_K354_3

============================================================
处理: WAMozart_K354_4
============================================================
曲目: Variations on "Je suis Lindor",K 354
作曲: Wolfgang Amadeus Mozart
段落: ['T', 'V1', 'V2', 'V3', 'V4', 'V5', 'V6', 'V7', 'V8', 'V9', 'V10', 'V11', 'V12']  (13 段)
边界(秒): [34.0, 126.0, 167.0, 245.0, 287.0, 335.0, 365.0, 418.0, 481.0, 622.0, 662.0, 702.0, 850.0, 946.0]

正在加载 WAV: WAMozart_K354_4.wav...
已加载: 968.2s @ 48000Hz
  [ 0] T        34.0s →   126.0s  (92.0s)
  [ 1] V1      126.0s →   167.0s  (41.0s)
  [ 2] V2      167.0s →   245.0s  (78.0s)
  [ 3] V3      245.0s →   287.0s  (42.0s)
  [ 4] V4      287.0s →   335.0s  (48.0s)
  [ 5] V5      335.0s →   365.0s  (30.0s)
  [ 6] V6      365.0s →   418.0s  (53.0s)
  [ 7] V7      418.0s →   481.0s  (63.0s)
  [ 8] V8      481.0s →   622.0s  (141.0s)
  [ 9] V9      622.0s →   662.0s  (40.0s)
  [10] V10     662.0s →   702.0s  (40.0s)
  [11] V11     702.0s →   850.0s  (148.0s)
  [12] V12     850.0s →   946.0s  (96.0s)

✓ 特征已保存: /Users/jiaxuan/Desktop/Music Project/VariVis/backend/features/WAMozart_K354_4.json

WAMozart_K354_4: 加载 WAV…
  T    34.0s–126.0s … key=D#maj r=0.84  voiced=0.78  beats=170 ✓
  V1   126.0s–167.0s … key=D#maj r=0.90  voiced=0.81  beats=81 ✓
  V2   167.0s–245.0s … key=D#maj r=0.95  voiced=0.71  beats=169 ✓
  V3   245.0s–287.0s … key=D#maj r=0.91  voiced=0.74  beats=90 ✓
  V4   287.0s–335.0s … key=D#maj r=0.86  voiced=0.81  beats=80 ✓
  V5   335.0s–365.0s … key=D#maj r=0.87  voiced=0.78  beats=83 ✓
  V6   365.0s–418.0s … key=D#maj r=0.85  voiced=0.68  beats=143 ✓
  V7   418.0s–481.0s … key=D#maj r=0.95  voiced=0.73  beats=124 ✓
  V8   481.0s–622.0s … key=D#min r=0.85  voiced=0.84  beats=371 ✓
  V9   622.0s–662.0s … key=D#maj r=0.69  voiced=0.80  beats=87 ✓
  V10  662.0s–702.0s … key=D#maj r=0.86  voiced=0.69  beats=84 ✓
  V11  702.0s–850.0s … key=D#maj r=0.86  voiced=0.83  beats=407 ✓
  V12  850.0s–946.0s … key=D#maj r=0.87  voiced=0.69  beats=182 ✓
✓ 已保存: /Users/jiaxuan/Desktop/Music Project/VariVis/backend/features/WAMozart_K354_4.json
Sat Apr 25 19:53:37 AEST 2026: OK WAMozart_K354_4

============================================================
处理: WAMozart_K354_5
============================================================
曲目: Variations on "Je suis Lindor",K 354
作曲: Wolfgang Amadeus Mozart
段落: ['T', 'V1', 'V2', 'V3', 'V4', 'V5', 'V6', 'V7', 'V12', 'V8', 'V9', 'V10', 'V11', 'C']  (14 段)
边界(秒): [0.0, 76.0, 148.0, 218.0, 296.0, 373.0, 443.0, 513.0, 588.0, 679.0, 794.0, 831.0, 870.0, 1021.0, 1063.0]

正在加载 WAV: WAMozart_K354_5.wav...
已加载: 1075.5s @ 48000Hz
  [ 0] T         0.0s →    76.0s  (76.0s)
  [ 1] V1       76.0s →   148.0s  (72.0s)
  [ 2] V2      148.0s →   218.0s  (70.0s)
  [ 3] V3      218.0s →   296.0s  (78.0s)
  [ 4] V4      296.0s →   373.0s  (77.0s)
  [ 5] V5      373.0s →   443.0s  (70.0s)
  [ 6] V6      443.0s →   513.0s  (70.0s)
  [ 7] V7      513.0s →   588.0s  (75.0s)
  [ 8] V12     588.0s →   679.0s  (91.0s)
  [ 9] V8      679.0s →   794.0s  (115.0s)
  [10] V9      794.0s →   831.0s  (37.0s)
  [11] V10     831.0s →   870.0s  (39.0s)
  [12] V11     870.0s →  1021.0s  (151.0s)
  [13] C      1021.0s →  1063.0s  (42.0s)

✓ 特征已保存: /Users/jiaxuan/Desktop/Music Project/VariVis/backend/features/WAMozart_K354_5.json

WAMozart_K354_5: 加载 WAV…
  T    0.0s–76.0s … key=D#maj r=0.83  voiced=0.83  beats=68 ✓
  V1   76.0s–148.0s … key=D#maj r=0.86  voiced=0.88  beats=159 ✓
  V2   148.0s–218.0s … key=D#maj r=0.87  voiced=0.74  beats=144 ✓
  V3   218.0s–296.0s … key=D#maj r=0.86  voiced=0.78  beats=162 ✓
  V4   296.0s–373.0s … key=D#maj r=0.79  voiced=0.79  beats=164 ✓
  V5   373.0s–443.0s … key=D#maj r=0.87  voiced=0.86  beats=158 ✓
  V6   443.0s–513.0s … key=D#maj r=0.84  voiced=0.70  beats=177 ✓
  V7   513.0s–588.0s … key=D#maj r=0.92  voiced=0.77  beats=172 ✓
  V12  588.0s–679.0s … key=D#maj r=0.86  voiced=0.68  beats=97 ✓
  V8   679.0s–794.0s … key=D#min r=0.93  voiced=0.86  beats=106 ✓
  V9   794.0s–831.0s … key=D#maj r=0.79  voiced=0.71  beats=40 ✓
  V10  831.0s–870.0s … key=D#maj r=0.78  voiced=0.73  beats=72 ✓
  V11  870.0s–1021.0s … key=D#maj r=0.79  voiced=0.81  beats=287 ✓
  C    1021.0s–1063.0s … key=D#maj r=0.84  voiced=0.86  beats=90 ✓
✓ 已保存: /Users/jiaxuan/Desktop/Music Project/VariVis/backend/features/WAMozart_K354_5.json
Sat Apr 25 19:58:09 AEST 2026: OK WAMozart_K354_5

============================================================
处理: WAMozart_K354_6
============================================================
曲目: Variations on "Je suis Lindor",K 354
作曲: Wolfgang Amadeus Mozart
段落: ['T', 'V1', 'V2', 'V3', 'V4', 'V5', 'V6', 'V7', 'V8', 'V9', 'V10', 'V11', 'V12']  (13 段)
边界(秒): [0.0, 95.0, 190.0, 284.0, 379.0, 463.0, 505.0, 577.0, 696.0, 806.0, 854.0, 899.0, 1076.0, 1170.0]

正在加载 WAV: WAMozart_K354_6.wav...
已加载: 1172.2s @ 48000Hz
  [ 0] T         0.0s →    95.0s  (95.0s)
  [ 1] V1       95.0s →   190.0s  (95.0s)
  [ 2] V2      190.0s →   284.0s  (94.0s)
  [ 3] V3      284.0s →   379.0s  (95.0s)
  [ 4] V4      379.0s →   463.0s  (84.0s)
  [ 5] V5      463.0s →   505.0s  (42.0s)
  [ 6] V6      505.0s →   577.0s  (72.0s)
  [ 7] V7      577.0s →   696.0s  (119.0s)
  [ 8] V8      696.0s →   806.0s  (110.0s)
  [ 9] V9      806.0s →   854.0s  (48.0s)
  [10] V10     854.0s →   899.0s  (45.0s)
  [11] V11     899.0s →  1076.0s  (177.0s)
  [12] V12    1076.0s →  1170.0s  (94.0s)

✓ 特征已保存: /Users/jiaxuan/Desktop/Music Project/VariVis/backend/features/WAMozart_K354_6.json

WAMozart_K354_6: 加载 WAV…
  T    0.0s–95.0s … key=D#maj r=0.79  voiced=0.79  beats=172 ✓
  V1   95.0s–190.0s … key=D#maj r=0.81  voiced=0.80  beats=177 ✓
  V2   190.0s–284.0s … key=D#maj r=0.98  voiced=0.61  beats=170 ✓
  V3   284.0s–379.0s … key=D#maj r=0.85  voiced=0.78  beats=178 ✓
  V4   379.0s–463.0s … key=D#maj r=0.83  voiced=0.76  beats=179 ✓
  V5   463.0s–505.0s … key=D#maj r=0.91  voiced=0.70  beats=87 ✓
  V6   505.0s–577.0s … key=D#maj r=0.83  voiced=0.56  beats=173 ✓
  V7   577.0s–696.0s … key=D#maj r=0.89  voiced=0.76  beats=221 ✓
  V8   696.0s–806.0s … key=D#min r=0.78  voiced=0.81  beats=129 ✓
  V9   806.0s–854.0s … key=D#maj r=0.79  voiced=0.76  beats=89 ✓
  V10  854.0s–899.0s … key=D#maj r=0.90  voiced=0.51  beats=88 ✓
  V11  899.0s–1076.0s … key=D#maj r=0.81  voiced=0.81  beats=347 ✓
  V12  1076.0s–1170.0s … key=D#maj r=0.82  voiced=0.64  beats=174 ✓
✓ 已保存: /Users/jiaxuan/Desktop/Music Project/VariVis/backend/features/WAMozart_K354_6.json
Sat Apr 25 20:03:03 AEST 2026: OK WAMozart_K354_6

============================================================
处理: WAMozart_K354_7
============================================================
曲目: Variations on "Je suis Lindor",K 354
作曲: Wolfgang Amadeus Mozart
段落: ['T', 'V1', 'V2', 'V3', 'V4', 'V5', 'V6', 'V7', 'V8', 'V9', 'V10', 'V11', 'V12']  (13 段)
边界(秒): [1.0, 76.0, 142.0, 204.0, 289.0, 359.0, 408.0, 465.0, 548.0, 661.0, 693.0, 727.0, 869.0, 938.0]

正在加载 WAV: WAMozart_K354_7.wav...
已加载: 939.8s @ 48000Hz
  [ 0] T         1.0s →    76.0s  (75.0s)
  [ 1] V1       76.0s →   142.0s  (66.0s)
  [ 2] V2      142.0s →   204.0s  (62.0s)
  [ 3] V3      204.0s →   289.0s  (85.0s)
  [ 4] V4      289.0s →   359.0s  (70.0s)
  [ 5] V5      359.0s →   408.0s  (49.0s)
  [ 6] V6      408.0s →   465.0s  (57.0s)
  [ 7] V7      465.0s →   548.0s  (83.0s)
  [ 8] V8      548.0s →   661.0s  (113.0s)
  [ 9] V9      661.0s →   693.0s  (32.0s)
  [10] V10     693.0s →   727.0s  (34.0s)
  [11] V11     727.0s →   869.0s  (142.0s)
  [12] V12     869.0s →   938.0s  (69.0s)

✓ 特征已保存: /Users/jiaxuan/Desktop/Music Project/VariVis/backend/features/WAMozart_K354_7.json

WAMozart_K354_7: 加载 WAV…
  T    1.0s–76.0s … key=D#maj r=0.87  voiced=0.82  beats=178 ✓
  V1   76.0s–142.0s … key=D#maj r=0.93  voiced=0.84  beats=171 ✓
  V2   142.0s–204.0s … key=D#maj r=0.93  voiced=0.67  beats=159 ✓
  V3   204.0s–289.0s … key=D#maj r=0.90  voiced=0.76  beats=165 ✓
  V4   289.0s–359.0s … key=D#maj r=0.88  voiced=0.71  beats=171 ✓
  V5   359.0s–408.0s … key=D#maj r=0.90  voiced=0.84  beats=168 ✓
  V6   408.0s–465.0s … key=D#maj r=0.83  voiced=0.62  beats=160 ✓
  V7   465.0s–548.0s … key=D#maj r=0.93  voiced=0.79  beats=169 ✓
  V8   548.0s–661.0s … key=D#min r=0.88  voiced=0.80  beats=153 ✓
  V9   661.0s–693.0s … key=D#maj r=0.68  voiced=0.81  beats=79 ✓
  V10  693.0s–727.0s … key=D#maj r=0.82  voiced=0.61  beats=80 ✓
  V11  727.0s–869.0s … key=D#maj r=0.84  voiced=0.87  beats=357 ✓
  V12  869.0s–938.0s … key=D#maj r=0.83  voiced=0.72  beats=171 ✓
✓ 已保存: /Users/jiaxuan/Desktop/Music Project/VariVis/backend/features/WAMozart_K354_7.json
Sat Apr 25 20:06:58 AEST 2026: OK WAMozart_K354_7

============================================================
处理: WAMozart_K354_8
============================================================
曲目: Variations on "Je suis Lindor",K 354
作曲: Wolfgang Amadeus Mozart
段落: ['T', 'V1', 'V2', 'V3', 'V4', 'V5', 'V6', 'V7', 'V8', 'V9', 'V10', 'V11', 'V12']  (13 段)
边界(秒): [1.0, 74.0, 105.0, 138.0, 193.0, 232.0, 257.0, 286.0, 342.0, 418.0, 454.0, 493.0, 674.0, 769.0]

正在加载 WAV: WAMozart_K354_8.wav...
已加载: 778.1s @ 48000Hz
  [ 0] T         1.0s →    74.0s  (73.0s)
  [ 1] V1       74.0s →   105.0s  (31.0s)
  [ 2] V2      105.0s →   138.0s  (33.0s)
  [ 3] V3      138.0s →   193.0s  (55.0s)
  [ 4] V4      193.0s →   232.0s  (39.0s)
  [ 5] V5      232.0s →   257.0s  (25.0s)
  [ 6] V6      257.0s →   286.0s  (29.0s)
  [ 7] V7      286.0s →   342.0s  (56.0s)
  [ 8] V8      342.0s →   418.0s  (76.0s)
  [ 9] V9      418.0s →   454.0s  (36.0s)
  [10] V10     454.0s →   493.0s  (39.0s)
  [11] V11     493.0s →   674.0s  (181.0s)
  [12] V12     674.0s →   769.0s  (95.0s)

✓ 特征已保存: /Users/jiaxuan/Desktop/Music Project/VariVis/backend/features/WAMozart_K354_8.json

WAMozart_K354_8: 加载 WAV…
  T    1.0s–74.0s … key=D#maj r=0.80  voiced=0.76  beats=168 ✓
  V1   74.0s–105.0s … key=D#maj r=0.87  voiced=0.85  beats=80 ✓
  V2   105.0s–138.0s … key=D#maj r=0.88  voiced=0.60  beats=87 ✓
  V3   138.0s–193.0s … key=D#maj r=0.86  voiced=0.81  beats=102 ✓
  V4   193.0s–232.0s … key=D#maj r=0.82  voiced=0.74  beats=85 ✓
  V5   232.0s–257.0s … key=D#maj r=0.83  voiced=0.80  beats=38 ✓
  V6   257.0s–286.0s … key=A#maj r=0.81  voiced=0.54  beats=40 ✓
  V7   286.0s–342.0s … key=D#maj r=0.92  voiced=0.80  beats=131 ✓
  V8   342.0s–418.0s … key=D#min r=0.76  voiced=0.85  beats=124 ✓
  V9   418.0s–454.0s … key=D#maj r=0.73  voiced=0.73  beats=86 ✓
  V10  454.0s–493.0s … key=D#maj r=0.86  voiced=0.58  beats=92 ✓
  V11  493.0s–674.0s … key=D#maj r=0.83  voiced=0.82  beats=406 ✓
  V12  674.0s–769.0s … key=D#maj r=0.85  voiced=0.65  beats=150 ✓
✓ 已保存: /Users/jiaxuan/Desktop/Music Project/VariVis/backend/features/WAMozart_K354_8.json
Sat Apr 25 20:10:13 AEST 2026: OK WAMozart_K354_8

============================================================
处理: WAMozart_K352_1
============================================================
曲目: Mozart - Variations on ＂Dieu d'Amour＂,K.352
作曲: Wolfgang Amadeus Mozart
段落: ['T', 'V1', 'V2', 'V3', 'V4', 'V5', 'V6', 'V7', 'V8']  (9 段)
边界(秒): [7.0, 90.0, 167.0, 238.0, 312.0, 390.0, 471.0, 554.0, 720.0, 774.0]

正在加载 WAV: WAMozart_K352_1.wav...
已加载: 785.3s @ 48000Hz
  [ 0] T         7.0s →    90.0s  (83.0s)
  [ 1] V1       90.0s →   167.0s  (77.0s)
  [ 2] V2      167.0s →   238.0s  (71.0s)
  [ 3] V3      238.0s →   312.0s  (74.0s)
  [ 4] V4      312.0s →   390.0s  (78.0s)
  [ 5] V5      390.0s →   471.0s  (81.0s)
  [ 6] V6      471.0s →   554.0s  (83.0s)
  [ 7] V7      554.0s →   720.0s  (166.0s)
  [ 8] V8      720.0s →   774.0s  (54.0s)

✓ 特征已保存: /Users/jiaxuan/Desktop/Music Project/VariVis/backend/features/WAMozart_K352_1.json

WAMozart_K352_1: 加载 WAV…
  T    7.0s–90.0s … key=Fmaj r=0.84  voiced=0.73  beats=217 ✓
  V1   90.0s–167.0s … key=Fmaj r=0.78  voiced=0.78  beats=226 ✓
  V2   167.0s–238.0s … key=Cmaj r=0.83  voiced=0.75  beats=110 ✓
  V3   238.0s–312.0s … key=Cmaj r=0.59  voiced=0.76  beats=230 ✓
  V4   312.0s–390.0s … key=Fmaj r=0.68  voiced=0.71  beats=108 ✓
  V5   390.0s–471.0s … key=Fmin r=0.71  voiced=0.78  beats=228 ✓
  V6   471.0s–554.0s … key=Fmaj r=0.87  voiced=0.63  beats=225 ✓
  V7   554.0s–720.0s … key=Fmaj r=0.70  voiced=0.84  beats=506 ✓
  V8   720.0s–774.0s … key=Fmaj r=0.80  voiced=0.79  beats=50 ✓
✓ 已保存: /Users/jiaxuan/Desktop/Music Project/VariVis/backend/features/WAMozart_K352_1.json
Sat Apr 25 20:13:27 AEST 2026: OK WAMozart_K352_1

============================================================
处理: WAMozart_K352_2
============================================================
曲目: Mozart - Variations on ＂Dieu d'Amour＂,K.352
作曲: Wolfgang Amadeus Mozart
段落: ['T', 'V1', 'V2', 'V3', 'V4', 'V5', 'V6', 'V7', 'V8']  (9 段)
边界(秒): [0.0, 39.0, 73.0, 105.0, 138.0, 173.0, 222.0, 253.0, 331.0, 357.0]

正在加载 WAV: WAMozart_K352_2.wav...
已加载: 361.6s @ 48000Hz
  [ 0] T         0.0s →    39.0s  (39.0s)
  [ 1] V1       39.0s →    73.0s  (34.0s)
  [ 2] V2       73.0s →   105.0s  (32.0s)
  [ 3] V3      105.0s →   138.0s  (33.0s)
  [ 4] V4      138.0s →   173.0s  (35.0s)
  [ 5] V5      173.0s →   222.0s  (49.0s)
  [ 6] V6      222.0s →   253.0s  (31.0s)
  [ 7] V7      253.0s →   331.0s  (78.0s)
  [ 8] V8      331.0s →   357.0s  (26.0s)

✓ 特征已保存: /Users/jiaxuan/Desktop/Music Project/VariVis/backend/features/WAMozart_K352_2.json

WAMozart_K352_2: 加载 WAV…
  T    0.0s–39.0s … key=Fmaj r=0.79  voiced=0.73  beats=67 ✓
  V1   39.0s–73.0s … key=Cmaj r=0.74  voiced=0.76  beats=59 ✓
  V2   73.0s–105.0s … key=Cmaj r=0.76  voiced=0.78  beats=63 ✓
  V3   105.0s–138.0s … key=Cmaj r=0.66  voiced=0.74  beats=62 ✓
  V4   138.0s–173.0s … key=Cmaj r=0.61  voiced=0.77  beats=60 ✓
  V5   173.0s–222.0s … key=G#maj r=0.69  voiced=0.80  beats=128 ✓
  V6   222.0s–253.0s … key=Fmaj r=0.82  voiced=0.71  beats=63 ✓
  V7   253.0s–331.0s … key=Cmaj r=0.73  voiced=0.80  beats=133 ✓
  V8   331.0s–357.0s … key=Cmaj r=0.72  voiced=0.71  beats=46 ✓
✓ 已保存: /Users/jiaxuan/Desktop/Music Project/VariVis/backend/features/WAMozart_K352_2.json
Sat Apr 25 20:15:05 AEST 2026: OK WAMozart_K352_2

============================================================
处理: WAMozart_K352_3
============================================================
曲目: Mozart - Variations on ＂Dieu d'Amour＂,K.352
作曲: Wolfgang Amadeus Mozart
段落: ['T', 'V1', 'V2', 'V3', 'V4', 'V5', 'V6', 'V7', 'V8']  (9 段)
边界(秒): [3.0, 65.0, 128.0, 188.0, 248.0, 311.0, 405.0, 471.0, 660.0, 711.0]

正在加载 WAV: WAMozart_K352_3.wav...
已加载: 724.0s @ 48000Hz
  [ 0] T         3.0s →    65.0s  (62.0s)
  [ 1] V1       65.0s →   128.0s  (63.0s)
  [ 2] V2      128.0s →   188.0s  (60.0s)
  [ 3] V3      188.0s →   248.0s  (60.0s)
  [ 4] V4      248.0s →   311.0s  (63.0s)
  [ 5] V5      311.0s →   405.0s  (94.0s)
  [ 6] V6      405.0s →   471.0s  (66.0s)
  [ 7] V7      471.0s →   660.0s  (189.0s)
  [ 8] V8      660.0s →   711.0s  (51.0s)

✓ 特征已保存: /Users/jiaxuan/Desktop/Music Project/VariVis/backend/features/WAMozart_K352_3.json

WAMozart_K352_3: 加载 WAV…
  T    3.0s–65.0s … key=Fmaj r=0.74  voiced=0.53  beats=125 ✓
  V1   65.0s–128.0s … key=Fmaj r=0.78  voiced=0.67  beats=128 ✓
  V2   128.0s–188.0s … key=Cmaj r=0.70  voiced=0.65  beats=121 ✓
  V3   188.0s–248.0s … key=Cmaj r=0.67  voiced=0.59  beats=128 ✓
  V4   248.0s–311.0s … key=Cmaj r=0.72  voiced=0.54  beats=130 ✓
  V5   311.0s–405.0s … key=Fmin r=0.52  voiced=0.74  beats=264 ✓
  V6   405.0s–471.0s … key=Cmaj r=0.79  voiced=0.42  beats=130 ✓
  V7   471.0s–660.0s … key=Cmaj r=0.77  voiced=0.80  beats=523 ✓
  V8   660.0s–711.0s … key=Cmaj r=0.65  voiced=0.66  beats=96 ✓
✓ 已保存: /Users/jiaxuan/Desktop/Music Project/VariVis/backend/features/WAMozart_K352_3.json
Sat Apr 25 20:18:06 AEST 2026: OK WAMozart_K352_3

============================================================
处理: WAMozart_K352_4
============================================================
曲目: Mozart - Variations on ＂Dieu d'Amour＂,K.352
作曲: Wolfgang Amadeus Mozart
段落: ['T', 'V1', 'V2', 'V3', 'V4', 'V5', 'V6', 'V7', 'V8']  (9 段)
边界(秒): [7.0, 38.0, 71.0, 107.0, 142.0, 176.0, 222.0, 259.0, 349.0, 376.0]

正在加载 WAV: WAMozart_K352_4.wav...
已加载: 389.4s @ 48000Hz
  [ 0] T         7.0s →    38.0s  (31.0s)
  [ 1] V1       38.0s →    71.0s  (33.0s)
  [ 2] V2       71.0s →   107.0s  (36.0s)
  [ 3] V3      107.0s →   142.0s  (35.0s)
  [ 4] V4      142.0s →   176.0s  (34.0s)
  [ 5] V5      176.0s →   222.0s  (46.0s)
  [ 6] V6      222.0s →   259.0s  (37.0s)
  [ 7] V7      259.0s →   349.0s  (90.0s)
  [ 8] V8      349.0s →   376.0s  (27.0s)

✓ 特征已保存: /Users/jiaxuan/Desktop/Music Project/VariVis/backend/features/WAMozart_K352_4.json

WAMozart_K352_4: 加载 WAV…
  T    7.0s–38.0s … key=Fmaj r=0.87  voiced=0.73  beats=58 ✓
  V1   38.0s–71.0s … key=Fmaj r=0.91  voiced=0.81  beats=45 ✓
  V2   71.0s–107.0s … key=Fmaj r=0.84  voiced=0.76  beats=58 ✓
  V3   107.0s–142.0s … key=Cmaj r=0.81  voiced=0.76  beats=60 ✓
  V4   142.0s–176.0s … key=Fmaj r=0.88  voiced=0.72  beats=64 ✓
  V5   176.0s–222.0s … key=Fmin r=0.75  voiced=0.82  beats=119 ✓
  V6   222.0s–259.0s … key=Fmaj r=0.94  voiced=0.67  beats=57 ✓
  V7   259.0s–349.0s … key=Fmaj r=0.88  voiced=0.89  beats=267 ✓
  V8   349.0s–376.0s … key=Fmaj r=0.93  voiced=0.76  beats=32 ✓
✓ 已保存: /Users/jiaxuan/Desktop/Music Project/VariVis/backend/features/WAMozart_K352_4.json
Sat Apr 25 20:19:41 AEST 2026: OK WAMozart_K352_4

============================================================
处理: WAMozart_K24_1
============================================================
曲目: 8 variazioni in Sol magg. su ＂Laat ons Juichen,Batavieren!＂ KV 24
作曲: Wolfgang Amadeus Mozart
段落: ['T', 'V1', 'V2', 'V3', 'V4', 'V5', 'V6', 'V7', 'V8']  (9 段)
边界(秒): [13.0, 50.0, 83.0, 113.0, 148.0, 184.0, 219.0, 257.0, 326.0, 361.0]

正在加载 WAV: WAMozart_K24_1.wav...
已加载: 375.7s @ 48000Hz
  [ 0] T        13.0s →    50.0s  (37.0s)
  [ 1] V1       50.0s →    83.0s  (33.0s)
  [ 2] V2       83.0s →   113.0s  (30.0s)
  [ 3] V3      113.0s →   148.0s  (35.0s)
  [ 4] V4      148.0s →   184.0s  (36.0s)
  [ 5] V5      184.0s →   219.0s  (35.0s)
  [ 6] V6      219.0s →   257.0s  (38.0s)
  [ 7] V7      257.0s →   326.0s  (69.0s)
  [ 8] V8      326.0s →   361.0s  (35.0s)

✓ 特征已保存: /Users/jiaxuan/Desktop/Music Project/VariVis/backend/features/WAMozart_K24_1.json

WAMozart_K24_1: 加载 WAV…
  T    13.0s–50.0s … key=Gmaj r=0.87  voiced=0.82  beats=56 ✓
  V1   50.0s–83.0s … key=Gmaj r=0.92  voiced=0.77  beats=56 ✓
  V2   83.0s–113.0s … key=Gmaj r=0.83  voiced=0.69  beats=57 ✓
  V3   113.0s–148.0s … key=Gmaj r=0.87  voiced=0.72  beats=66 ✓
  V4   148.0s–184.0s … key=Gmaj r=0.95  voiced=0.84  beats=63 ✓
  V5   184.0s–219.0s … key=Gmaj r=0.91  voiced=0.75  beats=65 ✓
  V6   219.0s–257.0s … key=Gmaj r=0.87  voiced=0.72  beats=58 ✓
  V7   257.0s–326.0s … key=Gmaj r=0.94  voiced=0.75  beats=116 ✓
  V8   326.0s–361.0s … key=Gmaj r=0.92  voiced=0.74  beats=65 ✓
✓ 已保存: /Users/jiaxuan/Desktop/Music Project/VariVis/backend/features/WAMozart_K24_1.json
Sat Apr 25 20:21:10 AEST 2026: OK WAMozart_K24_1

============================================================
处理: WAMozart_K24_2
============================================================
曲目: 8 variazioni in Sol magg. su ＂Laat ons Juichen,Batavieren!＂ KV 24
作曲: Wolfgang Amadeus Mozart
段落: ['T', 'V1', 'V2', 'V3', 'V4', 'V5', 'V6', 'V7', 'V8']  (9 段)
边界(秒): [2.0, 40.0, 71.0, 101.0, 130.0, 161.0, 191.0, 225.0, 307.0, 340.0]

正在加载 WAV: WAMozart_K24_2.wav...
已加载: 344.7s @ 48000Hz
  [ 0] T         2.0s →    40.0s  (38.0s)
  [ 1] V1       40.0s →    71.0s  (31.0s)
  [ 2] V2       71.0s →   101.0s  (30.0s)
  [ 3] V3      101.0s →   130.0s  (29.0s)
  [ 4] V4      130.0s →   161.0s  (31.0s)
  [ 5] V5      161.0s →   191.0s  (30.0s)
  [ 6] V6      191.0s →   225.0s  (34.0s)
  [ 7] V7      225.0s →   307.0s  (82.0s)
  [ 8] V8      307.0s →   340.0s  (33.0s)

✓ 特征已保存: /Users/jiaxuan/Desktop/Music Project/VariVis/backend/features/WAMozart_K24_2.json

WAMozart_K24_2: 加载 WAV…
  T    2.0s–40.0s … key=Dmaj r=0.73  voiced=0.79  beats=65 ✓
  V1   40.0s–71.0s … key=Gmaj r=0.78  voiced=0.79  beats=55 ✓
  V2   71.0s–101.0s … key=Gmaj r=0.73  voiced=0.70  beats=52 ✓
  V3   101.0s–130.0s … key=Gmaj r=0.70  voiced=0.57  beats=64 ✓
  V4   130.0s–161.0s … key=Dmaj r=0.74  voiced=0.69  beats=60 ✓
  V5   161.0s–191.0s … key=Dmaj r=0.73  voiced=0.55  beats=59 ✓
  V6   191.0s–225.0s … key=Dmaj r=0.72  voiced=0.66  beats=54 ✓
  V7   225.0s–307.0s … key=Gmaj r=0.76  voiced=0.75  beats=150 ✓
  V8   307.0s–340.0s … key=Dmaj r=0.74  voiced=0.54  beats=66 ✓
✓ 已保存: /Users/jiaxuan/Desktop/Music Project/VariVis/backend/features/WAMozart_K24_2.json
Sat Apr 25 20:22:38 AEST 2026: OK WAMozart_K24_2

============================================================
处理: WAMozart_K24_3
============================================================
曲目: 8 variazioni in Sol magg. su ＂Laat ons Juichen,Batavieren!＂ KV 24
作曲: Wolfgang Amadeus Mozart
段落: ['T', 'V1', 'V2', 'V3', 'V4', 'V5', 'V6', 'V7', 'V8']  (9 段)
边界(秒): [2.0, 31.0, 58.0, 85.0, 114.0, 144.0, 175.0, 205.0, 277.0, 306.0]

正在加载 WAV: WAMozart_K24_3.wav...
已加载: 308.1s @ 48000Hz
  [ 0] T         2.0s →    31.0s  (29.0s)
  [ 1] V1       31.0s →    58.0s  (27.0s)
  [ 2] V2       58.0s →    85.0s  (27.0s)
  [ 3] V3       85.0s →   114.0s  (29.0s)
  [ 4] V4      114.0s →   144.0s  (30.0s)
  [ 5] V5      144.0s →   175.0s  (31.0s)
  [ 6] V6      175.0s →   205.0s  (30.0s)
  [ 7] V7      205.0s →   277.0s  (72.0s)
  [ 8] V8      277.0s →   306.0s  (29.0s)

✓ 特征已保存: /Users/jiaxuan/Desktop/Music Project/VariVis/backend/features/WAMozart_K24_3.json

WAMozart_K24_3: 加载 WAV…
  T    2.0s–31.0s … key=Gmaj r=0.87  voiced=0.74  beats=56 ✓
  V1   31.0s–58.0s … key=Gmaj r=0.86  voiced=0.75  beats=53 ✓
  V2   58.0s–85.0s … key=Gmaj r=0.86  voiced=0.66  beats=59 ✓
  V3   85.0s–114.0s … key=Gmaj r=0.79  voiced=0.67  beats=54 ✓
  V4   114.0s–144.0s … key=Gmaj r=0.83  voiced=0.71  beats=61 ✓
  V5   144.0s–175.0s … key=Gmaj r=0.85  voiced=0.66  beats=55 ✓
  V6   175.0s–205.0s … key=Gmaj r=0.83  voiced=0.69  beats=60 ✓
  V7   205.0s–277.0s … key=Gmaj r=0.89  voiced=0.76  beats=142 ✓
  V8   277.0s–306.0s … key=Gmaj r=0.83  voiced=0.65  beats=61 ✓
✓ 已保存: /Users/jiaxuan/Desktop/Music Project/VariVis/backend/features/WAMozart_K24_3.json
Sat Apr 25 20:23:57 AEST 2026: OK WAMozart_K24_3

============================================================
处理: WAMozart_K398_1
============================================================
曲目: 5 Variations on ＂Salve tu Domine＂,K.398
作曲: Wolfgang Amadeus Mozart
段落: ['T', 'V1', 'V2', 'V3', 'V4', 'V5', 'V6', 'C']  (8 段)
边界(秒): [3.0, 40.0, 75.0, 107.0, 146.0, 211.0, 265.0, 345.0, 375.0]

正在加载 WAV: WAMozart_K398_1.wav...
已加载: 393.2s @ 48000Hz
  [ 0] T         3.0s →    40.0s  (37.0s)
  [ 1] V1       40.0s →    75.0s  (35.0s)
  [ 2] V2       75.0s →   107.0s  (32.0s)
  [ 3] V3      107.0s →   146.0s  (39.0s)
  [ 4] V4      146.0s →   211.0s  (65.0s)
  [ 5] V5      211.0s →   265.0s  (54.0s)
  [ 6] V6      265.0s →   345.0s  (80.0s)
  [ 7] C       345.0s →   375.0s  (30.0s)

✓ 特征已保存: /Users/jiaxuan/Desktop/Music Project/VariVis/backend/features/WAMozart_K398_1.json

WAMozart_K398_1: 加载 WAV…
  T    3.0s–40.0s … key=Fmaj r=0.91  voiced=0.81  beats=66 ✓
  V1   40.0s–75.0s … key=Fmaj r=0.89  voiced=0.78  beats=136 ✓
  V2   75.0s–107.0s … key=Fmaj r=0.88  voiced=0.66  beats=61 ✓
  V3   107.0s–146.0s … key=Fmaj r=0.88  voiced=0.76  beats=66 ✓
  V4   146.0s–211.0s … key=Fmin r=0.85  voiced=0.83  beats=110 ✓
  V5   211.0s–265.0s … key=Fmaj r=0.85  voiced=0.67  beats=36 ✓
  V6   265.0s–345.0s … key=Fmaj r=0.89  voiced=0.73  beats=107 ✓
  C    345.0s–375.0s … key=Fmaj r=0.97  voiced=0.81  beats=11 ✓
✓ 已保存: /Users/jiaxuan/Desktop/Music Project/VariVis/backend/features/WAMozart_K398_1.json
Sat Apr 25 20:25:33 AEST 2026: OK WAMozart_K398_1

============================================================
处理: WAMozart_K398_2
============================================================
曲目: 5 Variations on ＂Salve tu Domine＂,K.398
作曲: Wolfgang Amadeus Mozart
段落: ['T', 'V1', 'V2', 'V3', 'V4', 'V5', 'V6', 'C']  (8 段)
边界(秒): [6.0, 47.0, 84.0, 121.0, 161.0, 223.0, 285.0, 375.0, 410.0]

正在加载 WAV: WAMozart_K398_2.wav...
已加载: 422.1s @ 48000Hz
  [ 0] T         6.0s →    47.0s  (41.0s)
  [ 1] V1       47.0s →    84.0s  (37.0s)
  [ 2] V2       84.0s →   121.0s  (37.0s)
  [ 3] V3      121.0s →   161.0s  (40.0s)
  [ 4] V4      161.0s →   223.0s  (62.0s)
  [ 5] V5      223.0s →   285.0s  (62.0s)
  [ 6] V6      285.0s →   375.0s  (90.0s)
  [ 7] C       375.0s →   410.0s  (35.0s)

✓ 特征已保存: /Users/jiaxuan/Desktop/Music Project/VariVis/backend/features/WAMozart_K398_2.json

WAMozart_K398_2: 加载 WAV…
  T    6.0s–47.0s … key=Fmaj r=0.86  voiced=0.70  beats=58 ✓
  V1   47.0s–84.0s … key=Fmaj r=0.86  voiced=0.74  beats=23 ✓
  V2   84.0s–121.0s … key=Fmaj r=0.81  voiced=0.68  beats=63 ✓
  V3   121.0s–161.0s … key=Fmaj r=0.81  voiced=0.64  beats=59 ✓
  V4   161.0s–223.0s … key=G#maj r=0.82  voiced=0.80  beats=95 ✓
  V5   223.0s–285.0s … key=Fmaj r=0.79  voiced=0.72  beats=108 ✓
  V6   285.0s–375.0s … key=Fmaj r=0.81  voiced=0.70  beats=128 ✓
  C    375.0s–410.0s … key=Fmaj r=0.96  voiced=0.66  beats=51 ✓
✓ 已保存: /Users/jiaxuan/Desktop/Music Project/VariVis/backend/features/WAMozart_K398_2.json
Sat Apr 25 20:27:17 AEST 2026: OK WAMozart_K398_2

============================================================
处理: WAMozart_K398_3
============================================================
曲目: 5 Variations on ＂Salve tu Domine＂,K.398
作曲: Wolfgang Amadeus Mozart
段落: ['T', 'V1', 'V2', 'V3', 'V4', 'V5', 'V6', 'C']  (8 段)
边界(秒): [0.0, 55.0, 107.0, 158.0, 218.0, 308.0, 382.0, 470.0, 519.0]

正在加载 WAV: WAMozart_K398_3.wav...
已加载: 531.3s @ 48000Hz
  [ 0] T         0.0s →    55.0s  (55.0s)
  [ 1] V1       55.0s →   107.0s  (52.0s)
  [ 2] V2      107.0s →   158.0s  (51.0s)
  [ 3] V3      158.0s →   218.0s  (60.0s)
  [ 4] V4      218.0s →   308.0s  (90.0s)
  [ 5] V5      308.0s →   382.0s  (74.0s)
  [ 6] V6      382.0s →   470.0s  (88.0s)
  [ 7] C       470.0s →   519.0s  (49.0s)

✓ 特征已保存: /Users/jiaxuan/Desktop/Music Project/VariVis/backend/features/WAMozart_K398_3.json

WAMozart_K398_3: 加载 WAV…
  T    0.0s–55.0s … key=Fmin r=0.71  voiced=0.81  beats=119 ✓
  V1   55.0s–107.0s … key=Fmaj r=0.74  voiced=0.71  beats=114 ✓
  V2   107.0s–158.0s … key=Fmin r=0.70  voiced=0.78  beats=99 ✓
  V3   158.0s–218.0s … key=Fmaj r=0.74  voiced=0.76  beats=157 ✓
  V4   218.0s–308.0s … key=Fmin r=0.82  voiced=0.86  beats=198 ✓
  V5   308.0s–382.0s … key=Fmaj r=0.67  voiced=0.78  beats=167 ✓
  V6   382.0s–470.0s … key=Fmaj r=0.75  voiced=0.76  beats=155 ✓
  C    470.0s–519.0s … key=Fmaj r=0.80  voiced=0.78  beats=56 ✓
✓ 已保存: /Users/jiaxuan/Desktop/Music Project/VariVis/backend/features/WAMozart_K398_3.json
Sat Apr 25 20:29:32 AEST 2026: OK WAMozart_K398_3

============================================================
处理: WAMozart_K398_4
============================================================
曲目: 5 Variations on ＂Salve tu Domine＂,K.398
作曲: Wolfgang Amadeus Mozart
段落: ['T', 'V1', 'V2', 'V3', 'V4', 'V5', 'V6', 'C']  (8 段)
边界(秒): [2.0, 42.0, 80.0, 118.0, 158.0, 231.0, 291.0, 377.0, 416.0]

正在加载 WAV: WAMozart_K398_4.wav...
已加载: 419.5s @ 48000Hz
  [ 0] T         2.0s →    42.0s  (40.0s)
  [ 1] V1       42.0s →    80.0s  (38.0s)
  [ 2] V2       80.0s →   118.0s  (38.0s)
  [ 3] V3      118.0s →   158.0s  (40.0s)
  [ 4] V4      158.0s →   231.0s  (73.0s)
  [ 5] V5      231.0s →   291.0s  (60.0s)
  [ 6] V6      291.0s →   377.0s  (86.0s)
  [ 7] C       377.0s →   416.0s  (39.0s)

✓ 特征已保存: /Users/jiaxuan/Desktop/Music Project/VariVis/backend/features/WAMozart_K398_4.json

WAMozart_K398_4: 加载 WAV…
  T    2.0s–42.0s … key=Fmaj r=0.84  voiced=0.69  beats=60 ✓
  V1   42.0s–80.0s … key=Fmaj r=0.83  voiced=0.69  beats=58 ✓
  V2   80.0s–118.0s … key=Fmaj r=0.78  voiced=0.70  beats=67 ✓
  V3   118.0s–158.0s … key=Cmaj r=0.77  voiced=0.60  beats=68 ✓
  V4   158.0s–231.0s … key=Fmin r=0.80  voiced=0.80  beats=184 ✓
  V5   231.0s–291.0s … key=Cmaj r=0.79  voiced=0.70  beats=83 ✓
  V6   291.0s–377.0s … key=Fmaj r=0.83  voiced=0.72  beats=140 ✓
  C    377.0s–416.0s … key=Fmaj r=0.88  voiced=0.67  beats=54 ✓
✓ 已保存: /Users/jiaxuan/Desktop/Music Project/VariVis/backend/features/WAMozart_K398_4.json
Sat Apr 25 20:31:20 AEST 2026: OK WAMozart_K398_4

============================================================
处理: WAMozart_K398_5
============================================================
曲目: 5 Variations on ＂Salve tu Domine＂,K.398
作曲: Wolfgang Amadeus Mozart
段落: ['T', 'V1', 'V2', 'V3', 'V4', 'V5', 'V6', 'C']  (8 段)
边界(秒): [1.0, 37.0, 70.0, 107.0, 153.0, 226.0, 288.0, 376.0, 424.0]

正在加载 WAV: WAMozart_K398_5.wav...
已加载: 426.7s @ 48000Hz
  [ 0] T         1.0s →    37.0s  (36.0s)
  [ 1] V1       37.0s →    70.0s  (33.0s)
  [ 2] V2       70.0s →   107.0s  (37.0s)
  [ 3] V3      107.0s →   153.0s  (46.0s)
  [ 4] V4      153.0s →   226.0s  (73.0s)
  [ 5] V5      226.0s →   288.0s  (62.0s)
  [ 6] V6      288.0s →   376.0s  (88.0s)
  [ 7] C       376.0s →   424.0s  (48.0s)

✓ 特征已保存: /Users/jiaxuan/Desktop/Music Project/VariVis/backend/features/WAMozart_K398_5.json

WAMozart_K398_5: 加载 WAV…
  T    1.0s–37.0s … key=Fmaj r=0.89  voiced=0.66  beats=69 ✓
  V1   37.0s–70.0s … key=Fmaj r=0.88  voiced=0.72  beats=66 ✓
  V2   70.0s–107.0s … key=Fmaj r=0.80  voiced=0.67  beats=71 ✓
  V3   107.0s–153.0s … key=Fmaj r=0.85  voiced=0.65  beats=77 ✓
  V4   153.0s–226.0s … key=Fmin r=0.81  voiced=0.80  beats=98 ✓
  V5   226.0s–288.0s … key=Fmaj r=0.84  voiced=0.62  beats=80 ✓
  V6   288.0s–376.0s … key=Fmaj r=0.89  voiced=0.74  beats=142 ✓
  C    376.0s–424.0s … key=Fmaj r=0.91  voiced=0.75  beats=67 ✓
✓ 已保存: /Users/jiaxuan/Desktop/Music Project/VariVis/backend/features/WAMozart_K398_5.json
Sat Apr 25 20:33:09 AEST 2026: OK WAMozart_K398_5

============================================================
处理: WAMozart_K398_6
============================================================
曲目: 5 Variations on ＂Salve tu Domine＂,K.398
作曲: Wolfgang Amadeus Mozart
段落: ['T', 'V1', 'V2', 'V3', 'V4', 'V5', 'V6', 'C']  (8 段)
边界(秒): [39.0, 75.0, 113.0, 154.0, 197.0, 264.0, 319.0, 426.0, 467.0]

正在加载 WAV: WAMozart_K398_6.wav...
已加载: 472.1s @ 48000Hz
  [ 0] T        39.0s →    75.0s  (36.0s)
  [ 1] V1       75.0s →   113.0s  (38.0s)
  [ 2] V2      113.0s →   154.0s  (41.0s)
  [ 3] V3      154.0s →   197.0s  (43.0s)
  [ 4] V4      197.0s →   264.0s  (67.0s)
  [ 5] V5      264.0s →   319.0s  (55.0s)
  [ 6] V6      319.0s →   426.0s  (107.0s)
  [ 7] C       426.0s →   467.0s  (41.0s)

✓ 特征已保存: /Users/jiaxuan/Desktop/Music Project/VariVis/backend/features/WAMozart_K398_6.json

WAMozart_K398_6: 加载 WAV…
  T    39.0s–75.0s … key=Fmaj r=0.86  voiced=0.65  beats=74 ✓
  V1   75.0s–113.0s … key=Fmaj r=0.85  voiced=0.57  beats=77 ✓
  V2   113.0s–154.0s … key=Fmaj r=0.82  voiced=0.51  beats=76 ✓
  V3   154.0s–197.0s … key=Cmaj r=0.82  voiced=0.48  beats=71 ✓
  V4   197.0s–264.0s … key=G#maj r=0.82  voiced=0.82  beats=123 ✓
  V5   264.0s–319.0s … key=Fmaj r=0.81  voiced=0.56  beats=115 ✓
  V6   319.0s–426.0s … key=Fmaj r=0.85  voiced=0.75  beats=209 ✓
  C    426.0s–467.0s … key=Fmaj r=0.88  voiced=0.74  beats=66 ✓
✓ 已保存: /Users/jiaxuan/Desktop/Music Project/VariVis/backend/features/WAMozart_K398_6.json
Sat Apr 25 20:34:59 AEST 2026: OK WAMozart_K398_6

============================================================
处理: WAMozart_K398_7
============================================================
曲目: 5 Variations on ＂Salve tu Domine＂,K.398
作曲: Wolfgang Amadeus Mozart
段落: ['T', 'V1', 'V2', 'V3', 'V4', 'V5', 'V6', 'C']  (8 段)
边界(秒): [1.0, 39.0, 74.0, 110.0, 150.0, 218.0, 278.0, 362.0, 397.0]

正在加载 WAV: WAMozart_K398_7.wav...
已加载: 398.9s @ 48000Hz
  [ 0] T         1.0s →    39.0s  (38.0s)
  [ 1] V1       39.0s →    74.0s  (35.0s)
  [ 2] V2       74.0s →   110.0s  (36.0s)
  [ 3] V3      110.0s →   150.0s  (40.0s)
  [ 4] V4      150.0s →   218.0s  (68.0s)
  [ 5] V5      218.0s →   278.0s  (60.0s)
  [ 6] V6      278.0s →   362.0s  (84.0s)
  [ 7] C       362.0s →   397.0s  (35.0s)

✓ 特征已保存: /Users/jiaxuan/Desktop/Music Project/VariVis/backend/features/WAMozart_K398_7.json

WAMozart_K398_7: 加载 WAV…
  T    1.0s–39.0s … key=Fmaj r=0.77  voiced=0.62  beats=69 ✓
  V1   39.0s–74.0s … key=Fmaj r=0.70  voiced=0.68  beats=68 ✓
  V2   74.0s–110.0s … key=Fmaj r=0.69  voiced=0.69  beats=69 ✓
  V3   110.0s–150.0s … key=Cmaj r=0.74  voiced=0.64  beats=70 ✓
  V4   150.0s–218.0s … key=G#maj r=0.73  voiced=0.79  beats=95 ✓
  V5   218.0s–278.0s … key=Cmaj r=0.72  voiced=0.77  beats=110 ✓
  V6   278.0s–362.0s … key=Fmaj r=0.74  voiced=0.72  beats=161 ✓
  C    362.0s–397.0s … key=Fmaj r=0.91  voiced=0.70  beats=45 ✓
✓ 已保存: /Users/jiaxuan/Desktop/Music Project/VariVis/backend/features/WAMozart_K398_7.json
Sat Apr 25 20:36:42 AEST 2026: OK WAMozart_K398_7

============================================================
处理: WAMozart_K398_8
============================================================
曲目: 5 Variations on ＂Salve tu Domine＂,K.398
作曲: Wolfgang Amadeus Mozart
段落: ['T', 'V1', 'V2', 'V3', 'V4', 'V5', 'V6', 'C']  (8 段)
边界(秒): [3.0, 44.0, 81.0, 122.0, 165.0, 246.0, 314.0, 408.0, 451.0]

正在加载 WAV: WAMozart_K398_8.wav...
已加载: 465.8s @ 48000Hz
  [ 0] T         3.0s →    44.0s  (41.0s)
  [ 1] V1       44.0s →    81.0s  (37.0s)
  [ 2] V2       81.0s →   122.0s  (41.0s)
  [ 3] V3      122.0s →   165.0s  (43.0s)
  [ 4] V4      165.0s →   246.0s  (81.0s)
  [ 5] V5      246.0s →   314.0s  (68.0s)
  [ 6] V6      314.0s →   408.0s  (94.0s)
  [ 7] C       408.0s →   451.0s  (43.0s)

✓ 特征已保存: /Users/jiaxuan/Desktop/Music Project/VariVis/backend/features/WAMozart_K398_8.json

WAMozart_K398_8: 加载 WAV…
  T    3.0s–44.0s … key=Fmaj r=0.93  voiced=0.73  beats=63 ✓
  V1   44.0s–81.0s … key=Fmaj r=0.90  voiced=0.67  beats=61 ✓
  V2   81.0s–122.0s … key=Fmaj r=0.86  voiced=0.76  beats=72 ✓
  V3   122.0s–165.0s … key=Fmaj r=0.91  voiced=0.69  beats=78 ✓
  V4   165.0s–246.0s … key=Fmin r=0.80  voiced=0.85  beats=124 ✓
  V5   246.0s–314.0s … key=Fmaj r=0.82  voiced=0.65  beats=121 ✓
  V6   314.0s–408.0s … key=Fmaj r=0.92  voiced=0.82  beats=167 ✓
  C    408.0s–451.0s … key=Fmaj r=0.97  voiced=0.81  beats=56 ✓
✓ 已保存: /Users/jiaxuan/Desktop/Music Project/VariVis/backend/features/WAMozart_K398_8.json
Sat Apr 25 20:38:37 AEST 2026: OK WAMozart_K398_8

============================================================
处理: WAMozart_K398_9
============================================================
曲目: 5 Variations on ＂Salve tu Domine＂,K.398
作曲: Wolfgang Amadeus Mozart
段落: ['T', 'V1', 'V2', 'V3', 'V4', 'V5', 'V6', 'C']  (8 段)
边界(秒): [1.0, 44.0, 82.0, 121.0, 162.0, 243.0, 306.0, 398.0, 436.0]

正在加载 WAV: WAMozart_K398_9.wav...
已加载: 441.8s @ 48000Hz
  [ 0] T         1.0s →    44.0s  (43.0s)
  [ 1] V1       44.0s →    82.0s  (38.0s)
  [ 2] V2       82.0s →   121.0s  (39.0s)
  [ 3] V3      121.0s →   162.0s  (41.0s)
  [ 4] V4      162.0s →   243.0s  (81.0s)
  [ 5] V5      243.0s →   306.0s  (63.0s)
  [ 6] V6      306.0s →   398.0s  (92.0s)
  [ 7] C       398.0s →   436.0s  (38.0s)

✓ 特征已保存: /Users/jiaxuan/Desktop/Music Project/VariVis/backend/features/WAMozart_K398_9.json

WAMozart_K398_9: 加载 WAV…
  T    1.0s–44.0s … key=Fmaj r=0.82  voiced=0.76  beats=57 ✓
  V1   44.0s–82.0s … key=Fmaj r=0.85  voiced=0.71  beats=57 ✓
  V2   82.0s–121.0s … key=Fmaj r=0.74  voiced=0.69  beats=57 ✓
  V3   121.0s–162.0s … key=Fmaj r=0.82  voiced=0.61  beats=59 ✓
  V4   162.0s–243.0s … key=Fmin r=0.81  voiced=0.85  beats=160 ✓
  V5   243.0s–306.0s … key=Fmaj r=0.75  voiced=0.68  beats=104 ✓
  V6   306.0s–398.0s … key=Fmaj r=0.81  voiced=0.75  beats=188 ✓
  C    398.0s–436.0s … key=Fmaj r=0.81  voiced=0.80  beats=22 ✓
✓ 已保存: /Users/jiaxuan/Desktop/Music Project/VariVis/backend/features/WAMozart_K398_9.json
Sat Apr 25 20:40:28 AEST 2026: OK WAMozart_K398_9

============================================================
处理: WAMozart_K398_10
============================================================
曲目: 5 Variations on ＂Salve tu Domine＂,K.398
作曲: Wolfgang Amadeus Mozart
段落: ['T', 'V1', 'V2', 'V3', 'V4', 'V5', 'V6', 'C']  (8 段)
边界(秒): [0.0, 28.0, 56.0, 84.0, 113.0, 163.0, 202.0, 269.0, 292.0]

正在加载 WAV: WAMozart_K398_10.wav...
已加载: 298.1s @ 48000Hz
  [ 0] T         0.0s →    28.0s  (28.0s)
  [ 1] V1       28.0s →    56.0s  (28.0s)
  [ 2] V2       56.0s →    84.0s  (28.0s)
  [ 3] V3       84.0s →   113.0s  (29.0s)
  [ 4] V4      113.0s →   163.0s  (50.0s)
  [ 5] V5      163.0s →   202.0s  (39.0s)
  [ 6] V6      202.0s →   269.0s  (67.0s)
  [ 7] C       269.0s →   292.0s  (23.0s)

✓ 特征已保存: /Users/jiaxuan/Desktop/Music Project/VariVis/backend/features/WAMozart_K398_10.json

WAMozart_K398_10: 加载 WAV…
  T    0.0s–28.0s … key=Fmaj r=0.89  voiced=0.49  beats=61 ✓
  V1   28.0s–56.0s … key=Fmaj r=0.90  voiced=0.47  beats=55 ✓
  V2   56.0s–84.0s … key=Fmaj r=0.88  voiced=0.55  beats=64 ✓
  V3   84.0s–113.0s … key=Fmaj r=0.87  voiced=0.51  beats=59 ✓
  V4   113.0s–163.0s … key=Fmin r=0.82  voiced=0.79  beats=97 ✓
  V5   163.0s–202.0s … key=Cmaj r=0.77  voiced=0.67  beats=93 ✓
  V6   202.0s–269.0s … key=Fmaj r=0.92  voiced=0.66  beats=156 ✓
  C    269.0s–292.0s … key=Fmaj r=0.91  voiced=0.69  beats=32 ✓
✓ 已保存: /Users/jiaxuan/Desktop/Music Project/VariVis/backend/features/WAMozart_K398_10.json
Sat Apr 25 20:41:45 AEST 2026: OK WAMozart_K398_10

============================================================
处理: WAMozart_K398_11
============================================================
曲目: 5 Variations on ＂Salve tu Domine＂,K.398
作曲: Wolfgang Amadeus Mozart
段落: ['T', 'V1', 'V2', 'V3', 'V4', 'V5', 'V6', 'C']  (8 段)
边界(秒): [13.0, 50.0, 84.0, 118.0, 154.0, 225.0, 291.0, 384.0, 432.0]

正在加载 WAV: WAMozart_K398_11.wav...
已加载: 445.0s @ 48000Hz
  [ 0] T        13.0s →    50.0s  (37.0s)
  [ 1] V1       50.0s →    84.0s  (34.0s)
  [ 2] V2       84.0s →   118.0s  (34.0s)
  [ 3] V3      118.0s →   154.0s  (36.0s)
  [ 4] V4      154.0s →   225.0s  (71.0s)
  [ 5] V5      225.0s →   291.0s  (66.0s)
  [ 6] V6      291.0s →   384.0s  (93.0s)
  [ 7] C       384.0s →   432.0s  (48.0s)

✓ 特征已保存: /Users/jiaxuan/Desktop/Music Project/VariVis/backend/features/WAMozart_K398_11.json

WAMozart_K398_11: 加载 WAV…
  T    13.0s–50.0s … key=Fmaj r=0.92  voiced=0.67  beats=59 ✓
  V1   50.0s–84.0s … key=Fmaj r=0.93  voiced=0.62  beats=68 ✓
  V2   84.0s–118.0s … key=Fmaj r=0.89  voiced=0.67  beats=61 ✓
  V3   118.0s–154.0s … key=Fmaj r=0.88  voiced=0.53  beats=65 ✓
  V4   154.0s–225.0s … key=Fmin r=0.92  voiced=0.76  beats=125 ✓
  V5   225.0s–291.0s … key=Fmaj r=0.86  voiced=0.63  beats=86 ✓
  V6   291.0s–384.0s … key=Fmaj r=0.96  voiced=0.73  beats=147 ✓
  C    384.0s–432.0s … key=Fmaj r=0.92  voiced=0.81  beats=45 ✓
✓ 已保存: /Users/jiaxuan/Desktop/Music Project/VariVis/backend/features/WAMozart_K398_11.json
Sat Apr 25 20:43:33 AEST 2026: OK WAMozart_K398_11

============================================================
处理: WAMozart_K398_12
============================================================
曲目: 5 Variations on ＂Salve tu Domine＂,K.398
作曲: Wolfgang Amadeus Mozart
段落: ['T', 'V1', 'V2', 'V3', 'V4', 'V5', 'V6', 'C']  (8 段)
边界(秒): [4.0, 48.0, 88.0, 129.0, 173.0, 250.0, 314.0, 411.0, 452.0]

正在加载 WAV: WAMozart_K398_12.wav...
已加载: 454.7s @ 48000Hz
  [ 0] T         4.0s →    48.0s  (44.0s)
  [ 1] V1       48.0s →    88.0s  (40.0s)
  [ 2] V2       88.0s →   129.0s  (41.0s)
  [ 3] V3      129.0s →   173.0s  (44.0s)
  [ 4] V4      173.0s →   250.0s  (77.0s)
  [ 5] V5      250.0s →   314.0s  (64.0s)
  [ 6] V6      314.0s →   411.0s  (97.0s)
  [ 7] C       411.0s →   452.0s  (41.0s)

✓ 特征已保存: /Users/jiaxuan/Desktop/Music Project/VariVis/backend/features/WAMozart_K398_12.json

WAMozart_K398_12: 加载 WAV…
  T    4.0s–48.0s … key=Fmaj r=0.88  voiced=0.67  beats=51 ✓
  V1   48.0s–88.0s … key=Fmaj r=0.86  voiced=0.66  beats=78 ✓
  V2   88.0s–129.0s … key=Fmaj r=0.85  voiced=0.67  beats=63 ✓
  V3   129.0s–173.0s … key=Fmaj r=0.85  voiced=0.55  beats=68 ✓
  V4   173.0s–250.0s … key=G#maj r=0.71  voiced=0.81  beats=203 ✓
  V5   250.0s–314.0s … key=Fmaj r=0.76  voiced=0.58  beats=102 ✓
  V6   314.0s–411.0s … key=Fmaj r=0.90  voiced=0.74  beats=254 ✓
  C    411.0s–452.0s … key=Fmaj r=0.90  voiced=0.67  beats=55 ✓
✓ 已保存: /Users/jiaxuan/Desktop/Music Project/VariVis/backend/features/WAMozart_K398_12.json
Sat Apr 25 20:45:29 AEST 2026: OK WAMozart_K398_12

============================================================
处理: WAMozart_K500_2
============================================================
曲目: Mozart - 12 Variations in B-flat major,K. 500
作曲: Wolfgang Amadeus Mozart
段落: ['T', 'V1', 'V2', 'V3', 'V4', 'V5', 'V6', 'V7', 'V8', 'V9', 'V10', 'V11', 'V12', 'C']  (14 段)
边界(秒): [4.0, 44.0, 85.0, 131.0, 169.0, 207.0, 257.0, 296.0, 352.0, 390.0, 427.0, 496.0, 593.0, 650.0, 689.0]

正在加载 WAV: WAMozart_K500_2.wav...
已加载: 690.0s @ 48000Hz
  [ 0] T         4.0s →    44.0s  (40.0s)
  [ 1] V1       44.0s →    85.0s  (41.0s)
  [ 2] V2       85.0s →   131.0s  (46.0s)
  [ 3] V3      131.0s →   169.0s  (38.0s)
  [ 4] V4      169.0s →   207.0s  (38.0s)
  [ 5] V5      207.0s →   257.0s  (50.0s)
  [ 6] V6      257.0s →   296.0s  (39.0s)
  [ 7] V7      296.0s →   352.0s  (56.0s)
  [ 8] V8      352.0s →   390.0s  (38.0s)
  [ 9] V9      390.0s →   427.0s  (37.0s)
  [10] V10     427.0s →   496.0s  (69.0s)
  [11] V11     496.0s →   593.0s  (97.0s)
  [12] V12     593.0s →   650.0s  (57.0s)
  [13] C       650.0s →   689.0s  (39.0s)

✓ 特征已保存: /Users/jiaxuan/Desktop/Music Project/VariVis/backend/features/WAMozart_K500_2.json

WAMozart_K500_2: 加载 WAV…
  T    4.0s–44.0s … key=A#maj r=0.87  voiced=0.80  beats=59 ✓
  V1   44.0s–85.0s … key=A#maj r=0.91  voiced=0.79  beats=89 ✓
  V2   85.0s–131.0s … key=A#maj r=0.97  voiced=0.78  beats=56 ✓
  V3   131.0s–169.0s … key=A#maj r=0.93  voiced=0.72  beats=63 ✓
  V4   169.0s–207.0s … key=A#maj r=0.79  voiced=0.67  beats=103 ✓
  V5   207.0s–257.0s … key=A#maj r=0.88  voiced=0.81  beats=117 ✓
  V6   257.0s–296.0s … key=A#maj r=0.87  voiced=0.66  beats=78 ✓
  V7   296.0s–352.0s … key=A#min r=0.82  voiced=0.73  beats=125 ✓
  V8   352.0s–390.0s … key=A#maj r=0.81  voiced=0.69  beats=59 ✓
  V9   390.0s–427.0s … key=A#maj r=0.96  voiced=0.68  beats=60 ✓
  V10  427.0s–496.0s … key=A#maj r=0.92  voiced=0.58  beats=100 ✓
  V11  496.0s–593.0s … key=A#maj r=0.91  voiced=0.79  beats=245 ✓
  V12  593.0s–650.0s … key=A#maj r=0.91  voiced=0.69  beats=70 ✓
  C    650.0s–689.0s … key=A#maj r=0.88  voiced=0.81  beats=55 ✓
✓ 已保存: /Users/jiaxuan/Desktop/Music Project/VariVis/backend/features/WAMozart_K500_2.json
Sat Apr 25 20:48:23 AEST 2026: OK WAMozart_K500_2

============================================================
处理: WAMozart_K500_3
============================================================
曲目: Mozart - 12 Variations in B-flat major,K. 500
作曲: Wolfgang Amadeus Mozart
段落: ['T', 'V1', 'V2', 'V3', 'V4', 'V5', 'V6', 'V7', 'V8', 'V9', 'V10', 'V11', 'V12', 'C']  (14 段)
边界(秒): [1.0, 35.0, 70.0, 107.0, 138.0, 173.0, 229.0, 263.0, 314.0, 346.0, 379.0, 434.0, 533.0, 591.0, 630.0]

正在加载 WAV: WAMozart_K500_3.wav...
已加载: 640.7s @ 48000Hz
  [ 0] T         1.0s →    35.0s  (34.0s)
  [ 1] V1       35.0s →    70.0s  (35.0s)
  [ 2] V2       70.0s →   107.0s  (37.0s)
  [ 3] V3      107.0s →   138.0s  (31.0s)
  [ 4] V4      138.0s →   173.0s  (35.0s)
  [ 5] V5      173.0s →   229.0s  (56.0s)
  [ 6] V6      229.0s →   263.0s  (34.0s)
  [ 7] V7      263.0s →   314.0s  (51.0s)
  [ 8] V8      314.0s →   346.0s  (32.0s)
  [ 9] V9      346.0s →   379.0s  (33.0s)
  [10] V10     379.0s →   434.0s  (55.0s)
  [11] V11     434.0s →   533.0s  (99.0s)
  [12] V12     533.0s →   591.0s  (58.0s)
  [13] C       591.0s →   630.0s  (39.0s)

✓ 特征已保存: /Users/jiaxuan/Desktop/Music Project/VariVis/backend/features/WAMozart_K500_3.json

WAMozart_K500_3: 加载 WAV…
  T    1.0s–35.0s … key=Fmaj r=0.81  voiced=0.60  beats=67 ✓
  V1   35.0s–70.0s … key=Fmaj r=0.72  voiced=0.62  beats=100 ✓
  V2   70.0s–107.0s … key=Fmaj r=0.87  voiced=0.68  beats=62 ✓
  V3   107.0s–138.0s … key=A#maj r=0.73  voiced=0.69  beats=66 ✓
  V4   138.0s–173.0s … key=Fmaj r=0.85  voiced=0.60  beats=61 ✓
  V5   173.0s–229.0s … key=A#maj r=0.57  voiced=0.73  beats=140 ✓
  V6   229.0s–263.0s … key=Fmaj r=0.79  voiced=0.54  beats=64 ✓
  V7   263.0s–314.0s … key=Fmaj r=0.58  voiced=0.70  beats=67 ✓
  V8   314.0s–346.0s … key=Fmaj r=0.79  voiced=0.56  beats=60 ✓
  V9   346.0s–379.0s … key=Fmaj r=0.81  voiced=0.62  beats=75 ✓
  V10  379.0s–434.0s … key=Fmaj r=0.75  voiced=0.47  beats=61 ✓
  V11  434.0s–533.0s … key=A#maj r=0.57  voiced=0.66  beats=179 ✓
  V12  533.0s–591.0s … key=Fmaj r=0.68  voiced=0.66  beats=146 ✓
  C    591.0s–630.0s … key=Fmaj r=0.78  voiced=0.69  beats=66 ✓
✓ 已保存: /Users/jiaxuan/Desktop/Music Project/VariVis/backend/features/WAMozart_K500_3.json
Sat Apr 25 20:51:03 AEST 2026: OK WAMozart_K500_3

============================================================
处理: WAMozart_K500_4
============================================================
曲目: Mozart - 12 Variations in B-flat major,K. 500
作曲: Wolfgang Amadeus Mozart
段落: ['T', 'V1', 'V2', 'V3', 'V4', 'V5', 'V6', 'V7', 'V8', 'V9', 'V10', 'V11', 'V12', 'C']  (14 段)
边界(秒): [9.0, 41.0, 58.0, 76.0, 91.0, 107.0, 127.0, 142.0, 160.0, 177.0, 196.0, 239.0, 289.0, 361.0, 379.0]

正在加载 WAV: WAMozart_K500_4.wav...
已加载: 386.1s @ 48000Hz
  [ 0] T         9.0s →    41.0s  (32.0s)
  [ 1] V1       41.0s →    58.0s  (17.0s)
  [ 2] V2       58.0s →    76.0s  (18.0s)
  [ 3] V3       76.0s →    91.0s  (15.0s)
  [ 4] V4       91.0s →   107.0s  (16.0s)
  [ 5] V5      107.0s →   127.0s  (20.0s)
  [ 6] V6      127.0s →   142.0s  (15.0s)
  [ 7] V7      142.0s →   160.0s  (18.0s)
  [ 8] V8      160.0s →   177.0s  (17.0s)
  [ 9] V9      177.0s →   196.0s  (19.0s)
  [10] V10     196.0s →   239.0s  (43.0s)
  [11] V11     239.0s →   289.0s  (50.0s)
  [12] V12     289.0s →   361.0s  (72.0s)
  [13] C       361.0s →   379.0s  (18.0s)

✓ 特征已保存: /Users/jiaxuan/Desktop/Music Project/VariVis/backend/features/WAMozart_K500_4.json

WAMozart_K500_4: 加载 WAV…
  T    9.0s–41.0s … key=A#maj r=0.83  voiced=0.85  beats=60 ✓
  V1   41.0s–58.0s … key=A#maj r=0.90  voiced=0.86  beats=40 ✓
  V2   58.0s–76.0s … key=A#maj r=0.93  voiced=0.76  beats=24 ✓
  V3   76.0s–91.0s … key=A#maj r=0.85  voiced=0.89  beats=26 ✓
  V4   91.0s–107.0s … key=A#maj r=0.84  voiced=0.68  beats=18 ✓
  V5   107.0s–127.0s … key=A#maj r=0.78  voiced=0.82  beats=57 ✓
  V6   127.0s–142.0s … key=A#maj r=0.91  voiced=0.71  beats=28 ✓
  V7   142.0s–160.0s … key=A#min r=0.81  voiced=0.84  beats=57 ✓
  V8   160.0s–177.0s … key=A#maj r=0.68  voiced=0.85  beats=26 ✓
  V9   177.0s–196.0s … key=A#maj r=0.90  voiced=0.78  beats=23 ✓
  V10  196.0s–239.0s … key=A#maj r=0.80  voiced=0.62  beats=92 ✓
  V11  239.0s–289.0s … key=A#maj r=0.86  voiced=0.84  beats=108 ✓
  V12  289.0s–361.0s … key=A#maj r=0.84  voiced=0.83  beats=168 ✓
  C    361.0s–379.0s … key=A#maj r=0.78  voiced=0.81  beats=24 ✓
✓ 已保存: /Users/jiaxuan/Desktop/Music Project/VariVis/backend/features/WAMozart_K500_4.json
Sat Apr 25 20:52:39 AEST 2026: OK WAMozart_K500_4

============================================================
处理: WAMozart_K500_5
============================================================
曲目: Mozart - 12 Variations in B-flat major,K. 500
作曲: Wolfgang Amadeus Mozart
段落: ['T', 'V1', 'V2', 'V3', 'V4', 'V5', 'V6', 'V7', 'V8', 'V9', 'V10', 'V11', 'V12', 'C']  (14 段)
边界(秒): [3.0, 35.0, 51.0, 67.0, 81.0, 98.0, 120.0, 134.0, 167.0, 183.0, 201.0, 250.0, 303.0, 361.0, 379.0]

正在加载 WAV: WAMozart_K500_5.wav...
已加载: 381.9s @ 48000Hz
  [ 0] T         3.0s →    35.0s  (32.0s)
  [ 1] V1       35.0s →    51.0s  (16.0s)
  [ 2] V2       51.0s →    67.0s  (16.0s)
  [ 3] V3       67.0s →    81.0s  (14.0s)
  [ 4] V4       81.0s →    98.0s  (17.0s)
  [ 5] V5       98.0s →   120.0s  (22.0s)
  [ 6] V6      120.0s →   134.0s  (14.0s)
  [ 7] V7      134.0s →   167.0s  (33.0s)
  [ 8] V8      167.0s →   183.0s  (16.0s)
  [ 9] V9      183.0s →   201.0s  (18.0s)
  [10] V10     201.0s →   250.0s  (49.0s)
  [11] V11     250.0s →   303.0s  (53.0s)
  [12] V12     303.0s →   361.0s  (58.0s)
  [13] C       361.0s →   379.0s  (18.0s)

✓ 特征已保存: /Users/jiaxuan/Desktop/Music Project/VariVis/backend/features/WAMozart_K500_5.json

WAMozart_K500_5: 加载 WAV…
  T    3.0s–35.0s … key=A#maj r=0.87  voiced=0.73  beats=61 ✓
  V1   35.0s–51.0s … key=A#maj r=0.92  voiced=0.81  beats=40 ✓
  V2   51.0s–67.0s … key=A#maj r=0.93  voiced=0.71  beats=19 ✓
  V3   67.0s–81.0s … key=A#maj r=0.92  voiced=0.84  beats=27 ✓
  V4   81.0s–98.0s … key=A#maj r=0.84  voiced=0.58  beats=17 ✓
  V5   98.0s–120.0s … key=A#maj r=0.85  voiced=0.81  beats=51 ✓
  V6   120.0s–134.0s … key=A#maj r=0.91  voiced=0.64  beats=28 ✓
  V7   134.0s–167.0s … key=A#min r=0.85  voiced=0.83  beats=51 ✓
  V8   167.0s–183.0s … key=A#maj r=0.80  voiced=0.74  beats=25 ✓
  V9   183.0s–201.0s … key=A#maj r=0.93  voiced=0.78  beats=34 ✓
  V10  201.0s–250.0s … key=A#maj r=0.83  voiced=0.61  beats=146 ✓
  V11  250.0s–303.0s … key=A#maj r=0.80  voiced=0.82  beats=47 ✓
  V12  303.0s–361.0s … key=A#maj r=0.84  voiced=0.75  beats=87 ✓
  C    361.0s–379.0s … key=A#maj r=0.87  voiced=0.76  beats=19 ✓
✓ 已保存: /Users/jiaxuan/Desktop/Music Project/VariVis/backend/features/WAMozart_K500_5.json
Sat Apr 25 20:54:20 AEST 2026: OK WAMozart_K500_5

============================================================
处理: WAMozart_K500_6
============================================================
曲目: Mozart - 12 Variations in B-flat major,K. 500
作曲: Wolfgang Amadeus Mozart
段落: ['T', 'V1', 'V2', 'V3', 'V4', 'V5', 'V6', 'V7', 'V8', 'V9', 'V10', 'V11', 'V12', 'C']  (14 段)
边界(秒): [0.0, 29.0, 44.0, 58.0, 72.0, 87.0, 105.0, 122.0, 145.0, 161.0, 177.0, 217.0, 255.0, 303.0, 330.0]

正在加载 WAV: WAMozart_K500_6.wav...
已加载: 332.8s @ 48000Hz
  [ 0] T         0.0s →    29.0s  (29.0s)
  [ 1] V1       29.0s →    44.0s  (15.0s)
  [ 2] V2       44.0s →    58.0s  (14.0s)
  [ 3] V3       58.0s →    72.0s  (14.0s)
  [ 4] V4       72.0s →    87.0s  (15.0s)
  [ 5] V5       87.0s →   105.0s  (18.0s)
  [ 6] V6      105.0s →   122.0s  (17.0s)
  [ 7] V7      122.0s →   145.0s  (23.0s)
  [ 8] V8      145.0s →   161.0s  (16.0s)
  [ 9] V9      161.0s →   177.0s  (16.0s)
  [10] V10     177.0s →   217.0s  (40.0s)
  [11] V11     217.0s →   255.0s  (38.0s)
  [12] V12     255.0s →   303.0s  (48.0s)
  [13] C       303.0s →   330.0s  (27.0s)

✓ 特征已保存: /Users/jiaxuan/Desktop/Music Project/VariVis/backend/features/WAMozart_K500_6.json

WAMozart_K500_6: 加载 WAV…
  T    0.0s–29.0s … key=A#maj r=0.83  voiced=0.73  beats=55 ✓
  V1   29.0s–44.0s … key=A#maj r=0.81  voiced=0.85  beats=33 ✓
  V2   44.0s–58.0s … key=Fmaj r=0.79  voiced=0.81  beats=25 ✓
  V3   58.0s–72.0s … key=A#maj r=0.86  voiced=0.82  beats=23 ✓
  V4   72.0s–87.0s … key=Fmaj r=0.82  voiced=0.67  beats=14 ✓
  V5   87.0s–105.0s … key=A#maj r=0.87  voiced=0.82  beats=27 ✓
  V6   105.0s–122.0s … key=Fmaj r=0.77  voiced=0.72  beats=46 ✓
  V7   122.0s–145.0s … key=A#min r=0.69  voiced=0.83  beats=55 ✓
  V8   145.0s–161.0s … key=Fmaj r=0.83  voiced=0.82  beats=28 ✓
  V9   161.0s–177.0s … key=A#maj r=0.73  voiced=0.69  beats=32 ✓
  V10  177.0s–217.0s … key=A#maj r=0.81  voiced=0.68  beats=64 ✓
  V11  217.0s–255.0s … key=A#maj r=0.87  voiced=0.79  beats=59 ✓
  V12  255.0s–303.0s … key=A#maj r=0.80  voiced=0.75  beats=86 ✓
  C    303.0s–330.0s … key=A#maj r=0.83  voiced=0.73  beats=58 ✓
✓ 已保存: /Users/jiaxuan/Desktop/Music Project/VariVis/backend/features/WAMozart_K500_6.json
Sat Apr 25 20:55:47 AEST 2026: OK WAMozart_K500_6

============================================================
处理: WAMozart_K500_7
============================================================
曲目: Mozart - 12 Variations in B-flat major,K. 500
作曲: Wolfgang Amadeus Mozart
段落: ['T', 'V1', 'V2', 'V3', 'V4', 'V5', 'V6', 'V7', 'V8', 'V9', 'V10', 'V11', 'V12', 'C']  (14 段)
边界(秒): [1.0, 29.0, 58.0, 87.0, 116.0, 147.0, 189.0, 218.0, 263.0, 291.0, 324.0, 378.0, 468.0, 521.0, 552.0]

正在加载 WAV: WAMozart_K500_7.wav...
已加载: 554.0s @ 48000Hz
  [ 0] T         1.0s →    29.0s  (28.0s)
  [ 1] V1       29.0s →    58.0s  (29.0s)
  [ 2] V2       58.0s →    87.0s  (29.0s)
  [ 3] V3       87.0s →   116.0s  (29.0s)
  [ 4] V4      116.0s →   147.0s  (31.0s)
  [ 5] V5      147.0s →   189.0s  (42.0s)
  [ 6] V6      189.0s →   218.0s  (29.0s)
  [ 7] V7      218.0s →   263.0s  (45.0s)
  [ 8] V8      263.0s →   291.0s  (28.0s)
  [ 9] V9      291.0s →   324.0s  (33.0s)
  [10] V10     324.0s →   378.0s  (54.0s)
  [11] V11     378.0s →   468.0s  (90.0s)
  [12] V12     468.0s →   521.0s  (53.0s)
  [13] C       521.0s →   552.0s  (31.0s)

✓ 特征已保存: /Users/jiaxuan/Desktop/Music Project/VariVis/backend/features/WAMozart_K500_7.json

WAMozart_K500_7: 加载 WAV…
  T    1.0s–29.0s … key=A#maj r=0.86  voiced=0.74  beats=50 ✓
  V1   29.0s–58.0s … key=A#maj r=0.91  voiced=0.85  beats=59 ✓
  V2   58.0s–87.0s … key=A#maj r=0.94  voiced=0.71  beats=50 ✓
  V3   87.0s–116.0s … key=A#maj r=0.92  voiced=0.84  beats=63 ✓
  V4   116.0s–147.0s … key=A#maj r=0.87  voiced=0.62  beats=45 ✓
  V5   147.0s–189.0s … key=A#maj r=0.81  voiced=0.85  beats=69 ✓
  V6   189.0s–218.0s … key=A#maj r=0.92  voiced=0.65  beats=62 ✓
  V7   218.0s–263.0s … key=A#min r=0.73  voiced=0.79  beats=117 ✓
  V8   263.0s–291.0s … key=A#maj r=0.87  voiced=0.74  beats=66 ✓
  V9   291.0s–324.0s … key=A#maj r=0.93  voiced=0.81  beats=73 ✓
  V10  324.0s–378.0s … key=A#maj r=0.86  voiced=0.48  beats=105 ✓
  V11  378.0s–468.0s … key=A#maj r=0.76  voiced=0.83  beats=111 ✓
  V12  468.0s–521.0s … key=A#maj r=0.82  voiced=0.78  beats=67 ✓
  C    521.0s–552.0s … key=A#maj r=0.87  voiced=0.75  beats=56 ✓
✓ 已保存: /Users/jiaxuan/Desktop/Music Project/VariVis/backend/features/WAMozart_K500_7.json
Sat Apr 25 20:58:38 AEST 2026: OK WAMozart_K500_7

============================================================
处理: WAMozart_K500_8
============================================================
曲目: Mozart - 12 Variations in B-flat major,K. 500
作曲: Wolfgang Amadeus Mozart
段落: ['T', 'V1', 'V2', 'V3', 'V4', 'V5', 'V6', 'V7', 'V8', 'V9', 'V10', 'V11', 'V12', 'C']  (14 段)
边界(秒): [0.0, 28.0, 57.0, 85.0, 114.0, 142.0, 171.0, 200.0, 228.0, 256.0, 285.0, 329.0, 393.0, 433.0, 461.0]

正在加载 WAV: WAMozart_K500_8.wav...
已加载: 467.5s @ 48000Hz
  [ 0] T         0.0s →    28.0s  (28.0s)
  [ 1] V1       28.0s →    57.0s  (29.0s)
  [ 2] V2       57.0s →    85.0s  (28.0s)
  [ 3] V3       85.0s →   114.0s  (29.0s)
  [ 4] V4      114.0s →   142.0s  (28.0s)
  [ 5] V5      142.0s →   171.0s  (29.0s)
  [ 6] V6      171.0s →   200.0s  (29.0s)
  [ 7] V7      200.0s →   228.0s  (28.0s)
  [ 8] V8      228.0s →   256.0s  (28.0s)
  [ 9] V9      256.0s →   285.0s  (29.0s)
  [10] V10     285.0s →   329.0s  (44.0s)
  [11] V11     329.0s →   393.0s  (64.0s)
  [12] V12     393.0s →   433.0s  (40.0s)
  [13] C       433.0s →   461.0s  (28.0s)

✓ 特征已保存: /Users/jiaxuan/Desktop/Music Project/VariVis/backend/features/WAMozart_K500_8.json

WAMozart_K500_8: 加载 WAV…
  T    0.0s–28.0s … key=A#maj r=0.80  voiced=0.78  beats=63 ✓
  V1   28.0s–57.0s … key=A#maj r=0.92  voiced=0.67  beats=63 ✓
  V2   57.0s–85.0s … key=A#maj r=0.90  voiced=0.78  beats=60 ✓
  V3   85.0s–114.0s … key=A#maj r=0.93  voiced=0.64  beats=59 ✓
  V4   114.0s–142.0s … key=A#maj r=0.90  voiced=0.69  beats=62 ✓
  V5   142.0s–171.0s … key=A#maj r=0.88  voiced=0.76  beats=58 ✓
  V6   171.0s–200.0s … key=A#maj r=0.92  voiced=0.51  beats=62 ✓
  V7   200.0s–228.0s … key=A#min r=0.78  voiced=0.59  beats=55 ✓
  V8   228.0s–256.0s … key=A#maj r=0.86  voiced=0.65  beats=60 ✓
  V9   256.0s–285.0s … key=A#maj r=0.95  voiced=0.70  beats=64 ✓
  V10  285.0s–329.0s … key=A#maj r=0.94  voiced=0.53  beats=99 ✓
  V11  329.0s–393.0s … key=A#maj r=0.91  voiced=0.73  beats=126 ✓
  V12  393.0s–433.0s … key=A#maj r=0.91  voiced=0.65  beats=75 ✓
  C    433.0s–461.0s … key=A#maj r=0.81  voiced=0.80  beats=58 ✓
✓ 已保存: /Users/jiaxuan/Desktop/Music Project/VariVis/backend/features/WAMozart_K500_8.json
Sat Apr 25 21:26:25 AEST 2026: OK WAMozart_K500_8

============================================================
处理: WAMozart_K500_9
============================================================
曲目: Mozart - 12 Variations in B-flat major,K. 500
作曲: Wolfgang Amadeus Mozart
段落: ['T', 'V1', 'V2', 'V3', 'V4', 'V5', 'V6', 'V7', 'V8', 'V9', 'V10', 'V11', 'V12', 'C']  (14 段)
边界(秒): [10.0, 43.0, 76.0, 108.0, 137.0, 170.0, 226.0, 260.0, 325.0, 349.0, 385.0, 453.0, 511.0, 569.0, 599.0]

正在加载 WAV: WAMozart_K500_9.wav...
已加载: 604.3s @ 48000Hz
  [ 0] T        10.0s →    43.0s  (33.0s)
  [ 1] V1       43.0s →    76.0s  (33.0s)
  [ 2] V2       76.0s →   108.0s  (32.0s)
  [ 3] V3      108.0s →   137.0s  (29.0s)
  [ 4] V4      137.0s →   170.0s  (33.0s)
  [ 5] V5      170.0s →   226.0s  (56.0s)
  [ 6] V6      226.0s →   260.0s  (34.0s)
  [ 7] V7      260.0s →   325.0s  (65.0s)
  [ 8] V8      325.0s →   349.0s  (24.0s)
  [ 9] V9      349.0s →   385.0s  (36.0s)
  [10] V10     385.0s →   453.0s  (68.0s)
  [11] V11     453.0s →   511.0s  (58.0s)
  [12] V12     511.0s →   569.0s  (58.0s)
  [13] C       569.0s →   599.0s  (30.0s)

✓ 特征已保存: /Users/jiaxuan/Desktop/Music Project/VariVis/backend/features/WAMozart_K500_9.json

WAMozart_K500_9: 加载 WAV…
  T    10.0s–43.0s … key=A#maj r=0.93  voiced=0.72  beats=47 ✓
  V1   43.0s–76.0s … key=A#maj r=0.95  voiced=0.77  beats=85 ✓
  V2   76.0s–108.0s … key=A#maj r=0.93  voiced=0.70  beats=58 ✓
  V3   108.0s–137.0s … key=A#maj r=0.93  voiced=0.68  beats=76 ✓
  V4   137.0s–170.0s … key=A#maj r=0.87  voiced=0.71  beats=39 ✓
  V5   170.0s–226.0s … key=A#maj r=0.82  voiced=0.85  beats=121 ✓
  V6   226.0s–260.0s … key=A#maj r=0.89  voiced=0.70  beats=63 ✓
  V7   260.0s–325.0s … key=A#min r=0.79  voiced=0.82  beats=127 ✓
  V8   325.0s–349.0s … key=Fmaj r=0.77  voiced=0.64  beats=58 ✓
  V9   349.0s–385.0s … key=A#maj r=0.96  voiced=0.83  beats=88 ✓
  V10  385.0s–453.0s … key=A#maj r=0.90  voiced=0.60  beats=88 ✓
  V11  453.0s–511.0s … key=A#maj r=0.95  voiced=0.80  beats=114 ✓
  V12  511.0s–569.0s … key=A#maj r=0.91  voiced=0.80  beats=107 ✓
  C    569.0s–599.0s … key=A#maj r=0.92  voiced=0.75  beats=49 ✓
✓ 已保存: /Users/jiaxuan/Desktop/Music Project/VariVis/backend/features/WAMozart_K500_9.json
Sat Apr 25 21:28:54 AEST 2026: OK WAMozart_K500_9

============================================================
处理: WAMozart_K500_10
============================================================
曲目: Mozart - 12 Variations in B-flat major,K. 500
作曲: Wolfgang Amadeus Mozart
段落: ['T', 'V1', 'V2', 'V3', 'V4', 'V5', 'V6', 'V7', 'V8', 'V9', 'V10', 'V11', 'V12', 'C']  (14 段)
边界(秒): [0.0, 40.0, 83.0, 123.0, 159.0, 205.0, 274.0, 315.0, 357.0, 404.0, 458.0, 573.0, 698.0, 763.0, 785.0]

正在加载 WAV: WAMozart_K500_10.wav...
已加载: 791.2s @ 48000Hz
  [ 0] T         0.0s →    40.0s  (40.0s)
  [ 1] V1       40.0s →    83.0s  (43.0s)
  [ 2] V2       83.0s →   123.0s  (40.0s)
  [ 3] V3      123.0s →   159.0s  (36.0s)
  [ 4] V4      159.0s →   205.0s  (46.0s)
  [ 5] V5      205.0s →   274.0s  (69.0s)
  [ 6] V6      274.0s →   315.0s  (41.0s)
  [ 7] V7      315.0s →   357.0s  (42.0s)
  [ 8] V8      357.0s →   404.0s  (47.0s)
  [ 9] V9      404.0s →   458.0s  (54.0s)
  [10] V10     458.0s →   573.0s  (115.0s)
  [11] V11     573.0s →   698.0s  (125.0s)
  [12] V12     698.0s →   763.0s  (65.0s)
  [13] C       763.0s →   785.0s  (22.0s)

✓ 特征已保存: /Users/jiaxuan/Desktop/Music Project/VariVis/backend/features/WAMozart_K500_10.json

WAMozart_K500_10: 加载 WAV…
  T    0.0s–40.0s … key=Fmaj r=0.77  voiced=0.76  beats=52 ✓
  V1   40.0s–83.0s … key=Fmaj r=0.77  voiced=0.73  beats=70 ✓
  V2   83.0s–123.0s … key=Fmaj r=0.88  voiced=0.72  beats=68 ✓
  V3   123.0s–159.0s … key=Fmaj r=0.79  voiced=0.69  beats=88 ✓
  V4   159.0s–205.0s … key=Fmaj r=0.87  voiced=0.55  beats=133 ✓
  V5   205.0s–274.0s … key=Dmin r=0.50  voiced=0.69  beats=157 ✓
  V6   274.0s–315.0s … key=Fmaj r=0.84  voiced=0.63  beats=65 ✓
  V7   315.0s–357.0s … key=A#min r=0.74  voiced=0.72  beats=63 ✓
  V8   357.0s–404.0s … key=Fmaj r=0.78  voiced=0.69  beats=154 ✓
  V9   404.0s–458.0s … key=Fmaj r=0.82  voiced=0.76  beats=153 ✓
  V10  458.0s–573.0s … key=Fmaj r=0.78  voiced=0.65  beats=216 ✓
  V11  573.0s–698.0s … key=Fmaj r=0.73  voiced=0.72  beats=295 ✓
  V12  698.0s–763.0s … key=Fmaj r=0.81  voiced=0.72  beats=207 ✓
  C    763.0s–785.0s … key=Fmaj r=0.82  voiced=0.77  beats=33 ✓
✓ 已保存: /Users/jiaxuan/Desktop/Music Project/VariVis/backend/features/WAMozart_K500_10.json
Sat Apr 25 21:32:19 AEST 2026: OK WAMozart_K500_10

============================================================
处理: WAMozart_K500_11
============================================================
Traceback (most recent call last):
  File "/Users/jiaxuan/Desktop/Music Project/VariVis/backend/extract_features.py", line 541, in <module>
    main()
  File "/Users/jiaxuan/Desktop/Music Project/VariVis/backend/extract_features.py", line 529, in main
    data = process_file(args.target, args.frames, args.sr)
           ^^^^^^^^^^^^^^^^^^^^^^^^^^^^^^^^^^^^^^^^^^^^^^^
  File "/Users/jiaxuan/Desktop/Music Project/VariVis/backend/extract_features.py", line 391, in process_file
    boundaries_sec = [mmss_to_seconds(b) for b in boundary_raw]
                     ^^^^^^^^^^^^^^^^^^^^^^^^^^^^^^^^^^^^^^^^^^
  File "/Users/jiaxuan/Desktop/Music Project/VariVis/backend/extract_features.py", line 391, in <listcomp>
    boundaries_sec = [mmss_to_seconds(b) for b in boundary_raw]
                      ^^^^^^^^^^^^^^^^^^
  File "/Users/jiaxuan/Desktop/Music Project/VariVis/backend/extract_features.py", line 72, in mmss_to_seconds
    minutes = int(value)
              ^^^^^^^^^^
ValueError: invalid literal for int() with base 10: '10.15.10.58'
Sat Apr 25 21:32:20 AEST 2026: FAIL extract WAMozart_K500_11

============================================================
处理: WAMozart_K265_2
============================================================
曲目: Mozart: 12 Variations in C Major on "Ah,vous dirai-je Maman",K. 265/300e
作曲: Wolfgang Amadeus Mozart
段落: ['T', 'V1', 'V2', 'V3', 'V4', 'V5', 'V6', 'V7', 'V8', 'V9', 'V10', 'V11', 'V12', 'C']  (14 段)
边界(秒): [1.0, 44.0, 86.0, 129.0, 175.0, 220.0, 267.0, 307.0, 350.0, 394.0, 436.0, 477.0, 649.0, 710.0, 721.0]

正在加载 WAV: WAMozart_K265_2.wav...
已加载: 731.9s @ 48000Hz
  [ 0] T         1.0s →    44.0s  (43.0s)
  [ 1] V1       44.0s →    86.0s  (42.0s)
  [ 2] V2       86.0s →   129.0s  (43.0s)
  [ 3] V3      129.0s →   175.0s  (46.0s)
  [ 4] V4      175.0s →   220.0s  (45.0s)
  [ 5] V5      220.0s →   267.0s  (47.0s)
  [ 6] V6      267.0s →   307.0s  (40.0s)
  [ 7] V7      307.0s →   350.0s  (43.0s)
  [ 8] V8      350.0s →   394.0s  (44.0s)
  [ 9] V9      394.0s →   436.0s  (42.0s)
  [10] V10     436.0s →   477.0s  (41.0s)
  [11] V11     477.0s →   649.0s  (172.0s)
  [12] V12     649.0s →   710.0s  (61.0s)
  [13] C       710.0s →   721.0s  (11.0s)

✓ 特征已保存: /Users/jiaxuan/Desktop/Music Project/VariVis/backend/features/WAMozart_K265_2.json

WAMozart_K265_2: 加载 WAV…
  T    1.0s–44.0s … key=Cmaj r=0.89  voiced=0.83  beats=89 ✓
  V1   44.0s–86.0s … key=Cmaj r=0.88  voiced=0.73  beats=93 ✓
  V2   86.0s–129.0s … key=Cmaj r=0.81  voiced=0.74  beats=95 ✓
  V3   129.0s–175.0s … key=Cmaj r=0.89  voiced=0.77  beats=96 ✓
  V4   175.0s–220.0s … key=Cmaj r=0.79  voiced=0.68  beats=94 ✓
  V5   220.0s–267.0s … key=Cmaj r=0.82  voiced=0.82  beats=96 ✓
  V6   267.0s–307.0s … key=Gmaj r=0.88  voiced=0.83  beats=94 ✓
  V7   307.0s–350.0s … key=Cmaj r=0.88  voiced=0.80  beats=98 ✓
  V8   350.0s–394.0s … key=Cmin r=0.72  voiced=0.80  beats=88 ✓
  V9   394.0s–436.0s … key=Cmaj r=0.87  voiced=0.73  beats=94 ✓
  V10  436.0s–477.0s … key=Cmaj r=0.78  voiced=0.75  beats=94 ✓
  V11  477.0s–649.0s … key=Cmaj r=0.92  voiced=0.85  beats=362 ✓
  V12  649.0s–710.0s … key=Cmaj r=0.75  voiced=0.63  beats=153 ✓
  C    710.0s–721.0s … key=Cmaj r=0.85  voiced=0.73  beats=24 ✓
✓ 已保存: /Users/jiaxuan/Desktop/Music Project/VariVis/backend/features/WAMozart_K265_2.json
Sat Apr 25 21:35:24 AEST 2026: OK WAMozart_K265_2

============================================================
处理: WAMozart_K265_4
============================================================
曲目: Mozart: 12 Variations in C Major on "Ah,vous dirai-je Maman",K. 265/300e
作曲: Wolfgang Amadeus Mozart
段落: ['T', 'V1', 'V2', 'V3', 'V4', 'V5', 'V6', 'V7', 'V8', 'V9', 'V10', 'V11', 'V12', 'C']  (14 段)
边界(秒): [7.0, 37.0, 65.0, 96.0, 127.0, 156.0, 183.0, 210.0, 240.0, 285.0, 310.0, 339.0, 441.0, 482.0, 495.0]

正在加载 WAV: WAMozart_K265_4.wav...
已加载: 497.9s @ 48000Hz
  [ 0] T         7.0s →    37.0s  (30.0s)
  [ 1] V1       37.0s →    65.0s  (28.0s)
  [ 2] V2       65.0s →    96.0s  (31.0s)
  [ 3] V3       96.0s →   127.0s  (31.0s)
  [ 4] V4      127.0s →   156.0s  (29.0s)
  [ 5] V5      156.0s →   183.0s  (27.0s)
  [ 6] V6      183.0s →   210.0s  (27.0s)
  [ 7] V7      210.0s →   240.0s  (30.0s)
  [ 8] V8      240.0s →   285.0s  (45.0s)
  [ 9] V9      285.0s →   310.0s  (25.0s)
  [10] V10     310.0s →   339.0s  (29.0s)
  [11] V11     339.0s →   441.0s  (102.0s)
  [12] V12     441.0s →   482.0s  (41.0s)
  [13] C       482.0s →   495.0s  (13.0s)

✓ 特征已保存: /Users/jiaxuan/Desktop/Music Project/VariVis/backend/features/WAMozart_K265_4.json

WAMozart_K265_4: 加载 WAV…
  T    7.0s–37.0s … key=Cmaj r=0.86  voiced=0.88  beats=56 ✓
  V1   37.0s–65.0s … key=Cmaj r=0.93  voiced=0.77  beats=63 ✓
  V2   65.0s–96.0s … key=Cmaj r=0.84  voiced=0.77  beats=62 ✓
  V3   96.0s–127.0s … key=Cmaj r=0.87  voiced=0.81  beats=78 ✓
  V4   127.0s–156.0s … key=Cmaj r=0.85  voiced=0.57  beats=60 ✓
  V5   156.0s–183.0s … key=Cmaj r=0.83  voiced=0.84  beats=57 ✓
  V6   183.0s–210.0s … key=Cmaj r=0.85  voiced=0.80  beats=59 ✓
  V7   210.0s–240.0s … key=Cmaj r=0.93  voiced=0.72  beats=62 ✓
  V8   240.0s–285.0s … key=Cmin r=0.75  voiced=0.86  beats=58 ✓
  V9   285.0s–310.0s … key=Cmaj r=0.82  voiced=0.75  beats=54 ✓
  V10  310.0s–339.0s … key=Cmaj r=0.77  voiced=0.71  beats=61 ✓
  V11  339.0s–441.0s … key=Cmaj r=0.90  voiced=0.82  beats=297 ✓
  V12  441.0s–482.0s … key=Cmaj r=0.79  voiced=0.68  beats=103 ✓
  C    482.0s–495.0s … key=Cmaj r=0.80  voiced=0.72  beats=24 ✓
✓ 已保存: /Users/jiaxuan/Desktop/Music Project/VariVis/backend/features/WAMozart_K265_4.json
Sat Apr 25 21:37:29 AEST 2026: OK WAMozart_K265_4

============================================================
处理: WAMozart_K265_5
============================================================
曲目: Mozart: 12 Variations in C Major on "Ah,vous dirai-je Maman",K. 265/300e
作曲: Wolfgang Amadeus Mozart
段落: ['T', 'V1', 'V2', 'V3', 'V4', 'V5', 'V6', 'V7', 'V8', 'V9', 'V10', 'V11', 'V12', 'C']  (14 段)
边界(秒): [8.0, 42.0, 73.0, 104.0, 135.0, 164.0, 195.0, 223.0, 253.0, 290.0, 319.0, 348.0, 443.0, 487.0, 498.0]

正在加载 WAV: WAMozart_K265_5.wav...
已加载: 512.4s @ 48000Hz
  [ 0] T         8.0s →    42.0s  (34.0s)
  [ 1] V1       42.0s →    73.0s  (31.0s)
  [ 2] V2       73.0s →   104.0s  (31.0s)
  [ 3] V3      104.0s →   135.0s  (31.0s)
  [ 4] V4      135.0s →   164.0s  (29.0s)
  [ 5] V5      164.0s →   195.0s  (31.0s)
  [ 6] V6      195.0s →   223.0s  (28.0s)
  [ 7] V7      223.0s →   253.0s  (30.0s)
  [ 8] V8      253.0s →   290.0s  (37.0s)
  [ 9] V9      290.0s →   319.0s  (29.0s)
  [10] V10     319.0s →   348.0s  (29.0s)
  [11] V11     348.0s →   443.0s  (95.0s)
  [12] V12     443.0s →   487.0s  (44.0s)
  [13] C       487.0s →   498.0s  (11.0s)

✓ 特征已保存: /Users/jiaxuan/Desktop/Music Project/VariVis/backend/features/WAMozart_K265_5.json

WAMozart_K265_5: 加载 WAV…
  T    8.0s–42.0s … key=Cmaj r=0.87  voiced=0.90  beats=59 ✓
  V1   42.0s–73.0s … key=Cmaj r=0.82  voiced=0.82  beats=60 ✓
  V2   73.0s–104.0s … key=Cmaj r=0.76  voiced=0.88  beats=60 ✓
  V3   104.0s–135.0s … key=Cmaj r=0.80  voiced=0.82  beats=62 ✓
  V4   135.0s–164.0s … key=Cmaj r=0.81  voiced=0.70  beats=55 ✓
  V5   164.0s–195.0s … key=Cmaj r=0.84  voiced=0.85  beats=58 ✓
  V6   195.0s–223.0s … key=Cmaj r=0.81  voiced=0.81  beats=56 ✓
  V7   223.0s–253.0s … key=Cmaj r=0.89  voiced=0.80  beats=63 ✓
  V8   253.0s–290.0s … key=Cmin r=0.69  voiced=0.82  beats=59 ✓
  V9   290.0s–319.0s … key=Cmaj r=0.85  voiced=0.78  beats=57 ✓
  V10  319.0s–348.0s … key=Cmaj r=0.83  voiced=0.77  beats=54 ✓
  V11  348.0s–443.0s … key=Cmaj r=0.91  voiced=0.87  beats=256 ✓
  V12  443.0s–487.0s … key=Cmaj r=0.78  voiced=0.75  beats=103 ✓
  C    487.0s–498.0s … key=Cmaj r=0.81  voiced=0.74  beats=24 ✓
✓ 已保存: /Users/jiaxuan/Desktop/Music Project/VariVis/backend/features/WAMozart_K265_5.json
Sat Apr 25 21:39:34 AEST 2026: OK WAMozart_K265_5

============================================================
处理: WAMozart_K265_6
============================================================
曲目: Mozart: 12 Variations in C Major on "Ah,vous dirai-je Maman",K. 265/300e
作曲: Wolfgang Amadeus Mozart
段落: ['T', 'V1', 'V2', 'V3', 'V4', 'V5', 'V6', 'V7', 'V8', 'V9', 'V10', 'V11', 'V12', 'C']  (14 段)
边界(秒): [5.0, 56.0, 110.0, 160.0, 216.0, 264.0, 318.0, 364.0, 415.0, 470.0, 514.0, 561.0, 757.0, 829.0, 842.0]

正在加载 WAV: WAMozart_K265_6.wav...
已加载: 845.1s @ 48000Hz
  [ 0] T         5.0s →    56.0s  (51.0s)
  [ 1] V1       56.0s →   110.0s  (54.0s)
  [ 2] V2      110.0s →   160.0s  (50.0s)
  [ 3] V3      160.0s →   216.0s  (56.0s)
  [ 4] V4      216.0s →   264.0s  (48.0s)
  [ 5] V5      264.0s →   318.0s  (54.0s)
  [ 6] V6      318.0s →   364.0s  (46.0s)
  [ 7] V7      364.0s →   415.0s  (51.0s)
  [ 8] V8      415.0s →   470.0s  (55.0s)
  [ 9] V9      470.0s →   514.0s  (44.0s)
  [10] V10     514.0s →   561.0s  (47.0s)
  [11] V11     561.0s →   757.0s  (196.0s)
  [12] V12     757.0s →   829.0s  (72.0s)
  [13] C       829.0s →   842.0s  (13.0s)

✓ 特征已保存: /Users/jiaxuan/Desktop/Music Project/VariVis/backend/features/WAMozart_K265_6.json

WAMozart_K265_6: 加载 WAV…
  T    5.0s–56.0s … key=Cmaj r=0.88  voiced=0.86  beats=92 ✓
  V1   56.0s–110.0s … key=Cmaj r=0.91  voiced=0.80  beats=96 ✓
  V2   110.0s–160.0s … key=Cmaj r=0.92  voiced=0.80  beats=94 ✓
  V3   160.0s–216.0s … key=Cmaj r=0.91  voiced=0.73  beats=98 ✓
  V4   216.0s–264.0s … key=Cmaj r=0.87  voiced=0.61  beats=94 ✓
  V5   264.0s–318.0s … key=Cmaj r=0.79  voiced=0.77  beats=94 ✓
  V6   318.0s–364.0s … key=Cmaj r=0.86  voiced=0.77  beats=95 ✓
  V7   364.0s–415.0s … key=Cmaj r=0.96  voiced=0.81  beats=99 ✓
  V8   415.0s–470.0s … key=Cmin r=0.74  voiced=0.70  beats=91 ✓
  V9   470.0s–514.0s … key=Cmaj r=0.91  voiced=0.75  beats=91 ✓
  V10  514.0s–561.0s … key=Cmaj r=0.81  voiced=0.70  beats=95 ✓
  V11  561.0s–757.0s … key=Cmaj r=0.92  voiced=0.81  beats=431 ✓
  V12  757.0s–829.0s … key=Cmaj r=0.83  voiced=0.73  beats=151 ✓
  C    829.0s–842.0s … key=Cmaj r=0.86  voiced=0.63  beats=34 ✓
✓ 已保存: /Users/jiaxuan/Desktop/Music Project/VariVis/backend/features/WAMozart_K265_6.json
Sat Apr 25 21:43:05 AEST 2026: OK WAMozart_K265_6

============================================================
处理: WAMozart_K265_7
============================================================
曲目: Mozart: 12 Variations in C Major on "Ah,vous dirai-je Maman",K. 265/300e
作曲: Wolfgang Amadeus Mozart
段落: ['T', 'V1', 'V2', 'V3', 'V4', 'V5', 'V6', 'V7', 'V8', 'V9', 'V10', 'V11', 'V12', 'C']  (14 段)
边界(秒): [5.0, 52.0, 97.0, 142.0, 188.0, 232.0, 277.0, 316.0, 362.0, 407.0, 449.0, 497.0, 658.0, 719.0, 730.0]

正在加载 WAV: WAMozart_K265_7.wav...
已加载: 749.5s @ 48000Hz
  [ 0] T         5.0s →    52.0s  (47.0s)
  [ 1] V1       52.0s →    97.0s  (45.0s)
  [ 2] V2       97.0s →   142.0s  (45.0s)
  [ 3] V3      142.0s →   188.0s  (46.0s)
  [ 4] V4      188.0s →   232.0s  (44.0s)
  [ 5] V5      232.0s →   277.0s  (45.0s)
  [ 6] V6      277.0s →   316.0s  (39.0s)
  [ 7] V7      316.0s →   362.0s  (46.0s)
  [ 8] V8      362.0s →   407.0s  (45.0s)
  [ 9] V9      407.0s →   449.0s  (42.0s)
  [10] V10     449.0s →   497.0s  (48.0s)
  [11] V11     497.0s →   658.0s  (161.0s)
  [12] V12     658.0s →   719.0s  (61.0s)
  [13] C       719.0s →   730.0s  (11.0s)

✓ 特征已保存: /Users/jiaxuan/Desktop/Music Project/VariVis/backend/features/WAMozart_K265_7.json

WAMozart_K265_7: 加载 WAV…
  T    5.0s–52.0s … key=Cmaj r=0.85  voiced=0.82  beats=95 ✓
  V1   52.0s–97.0s … key=Cmaj r=0.91  voiced=0.74  beats=94 ✓
  V2   97.0s–142.0s … key=Cmaj r=0.89  voiced=0.75  beats=97 ✓
  V3   142.0s–188.0s … key=Cmaj r=0.91  voiced=0.75  beats=98 ✓
  V4   188.0s–232.0s … key=Cmaj r=0.86  voiced=0.60  beats=91 ✓
  V5   232.0s–277.0s … key=Cmaj r=0.79  voiced=0.77  beats=99 ✓
  V6   277.0s–316.0s … key=Cmaj r=0.85  voiced=0.81  beats=85 ✓
  V7   316.0s–362.0s … key=Cmaj r=0.95  voiced=0.70  beats=100 ✓
  V8   362.0s–407.0s … key=Cmin r=0.75  voiced=0.77  beats=88 ✓
  V9   407.0s–449.0s … key=Cmaj r=0.91  voiced=0.77  beats=90 ✓
  V10  449.0s–497.0s … key=Cmaj r=0.80  voiced=0.68  beats=96 ✓
  V11  497.0s–658.0s … key=Cmaj r=0.85  voiced=0.80  beats=325 ✓
  V12  658.0s–719.0s … key=Cmaj r=0.83  voiced=0.64  beats=154 ✓
  C    719.0s–730.0s … key=Cmaj r=0.82  voiced=0.64  beats=24 ✓
✓ 已保存: /Users/jiaxuan/Desktop/Music Project/VariVis/backend/features/WAMozart_K265_7.json
Sat Apr 25 21:46:10 AEST 2026: OK WAMozart_K265_7

============================================================
处理: WAMozart_K265_8
============================================================
曲目: Mozart: 12 Variations in C Major on "Ah,vous dirai-je Maman",K. 265/300e
作曲: Wolfgang Amadeus Mozart
段落: ['T', 'V1', 'V2', 'V3', 'V4', 'V5', 'V6', 'V7', 'V8', 'V9', 'V10', 'V11', 'V12', 'C']  (14 段)
边界(秒): [1.0, 33.0, 61.0, 89.0, 121.0, 149.0, 182.0, 205.0, 234.0, 282.0, 328.0, 367.0, 491.0, 535.0, 546.0]

正在加载 WAV: WAMozart_K265_8.wav...
已加载: 547.2s @ 48000Hz
  [ 0] T         1.0s →    33.0s  (32.0s)
  [ 1] V1       33.0s →    61.0s  (28.0s)
  [ 2] V2       61.0s →    89.0s  (28.0s)
  [ 3] V3       89.0s →   121.0s  (32.0s)
  [ 4] V4      121.0s →   149.0s  (28.0s)
  [ 5] V5      149.0s →   182.0s  (33.0s)
  [ 6] V6      182.0s →   205.0s  (23.0s)
  [ 7] V7      205.0s →   234.0s  (29.0s)
  [ 8] V8      234.0s →   282.0s  (48.0s)
  [ 9] V9      282.0s →   328.0s  (46.0s)
  [10] V10     328.0s →   367.0s  (39.0s)
  [11] V11     367.0s →   491.0s  (124.0s)
  [12] V12     491.0s →   535.0s  (44.0s)
  [13] C       535.0s →   546.0s  (11.0s)

✓ 特征已保存: /Users/jiaxuan/Desktop/Music Project/VariVis/backend/features/WAMozart_K265_8.json

WAMozart_K265_8: 加载 WAV…
  T    1.0s–33.0s … key=Cmaj r=0.84  voiced=0.76  beats=62 ✓
  V1   33.0s–61.0s … key=Cmaj r=0.90  voiced=0.59  beats=64 ✓
  V2   61.0s–89.0s … key=Cmaj r=0.78  voiced=0.66  beats=59 ✓
  V3   89.0s–121.0s … key=Cmaj r=0.88  voiced=0.66  beats=70 ✓
  V4   121.0s–149.0s … key=Cmaj r=0.81  voiced=0.53  beats=65 ✓
  V5   149.0s–182.0s … key=Cmaj r=0.78  voiced=0.71  beats=67 ✓
  V6   182.0s–205.0s … key=Cmaj r=0.84  voiced=0.77  beats=61 ✓
  V7   205.0s–234.0s … key=Cmaj r=0.96  voiced=0.63  beats=75 ✓
  V8   234.0s–282.0s … key=Cmin r=0.74  voiced=0.74  beats=121 ✓
  V9   282.0s–328.0s … key=Cmaj r=0.76  voiced=0.70  beats=115 ✓
  V10  328.0s–367.0s … key=Cmaj r=0.86  voiced=0.57  beats=97 ✓
  V11  367.0s–491.0s … key=Cmaj r=0.89  voiced=0.80  beats=300 ✓
  V12  491.0s–535.0s … key=Cmaj r=0.65  voiced=0.52  beats=105 ✓
  C    535.0s–546.0s … key=Cmaj r=0.82  voiced=0.50  beats=23 ✓
✓ 已保存: /Users/jiaxuan/Desktop/Music Project/VariVis/backend/features/WAMozart_K265_8.json
Sat Apr 25 21:48:29 AEST 2026: OK WAMozart_K265_8

============================================================
处理: WAMozart_K265_9
============================================================
曲目: Mozart: 12 Variations in C Major on "Ah,vous dirai-je Maman",K. 265/300e
作曲: Wolfgang Amadeus Mozart
段落: ['T', 'V1', 'V2', 'V3', 'V4', 'V5', 'V6', 'V7', 'V8', 'V9', 'V10', 'V11', 'V12', 'C']  (14 段)
边界(秒): [6.0, 56.0, 104.0, 151.0, 203.0, 251.0, 306.0, 351.0, 400.0, 453.0, 502.0, 552.0, 719.0, 783.0, 794.0]

正在加载 WAV: WAMozart_K265_9.wav...
已加载: 806.8s @ 48000Hz
  [ 0] T         6.0s →    56.0s  (50.0s)
  [ 1] V1       56.0s →   104.0s  (48.0s)
  [ 2] V2      104.0s →   151.0s  (47.0s)
  [ 3] V3      151.0s →   203.0s  (52.0s)
  [ 4] V4      203.0s →   251.0s  (48.0s)
  [ 5] V5      251.0s →   306.0s  (55.0s)
  [ 6] V6      306.0s →   351.0s  (45.0s)
  [ 7] V7      351.0s →   400.0s  (49.0s)
  [ 8] V8      400.0s →   453.0s  (53.0s)
  [ 9] V9      453.0s →   502.0s  (49.0s)
  [10] V10     502.0s →   552.0s  (50.0s)
  [11] V11     552.0s →   719.0s  (167.0s)
  [12] V12     719.0s →   783.0s  (64.0s)
  [13] C       783.0s →   794.0s  (11.0s)

✓ 特征已保存: /Users/jiaxuan/Desktop/Music Project/VariVis/backend/features/WAMozart_K265_9.json

WAMozart_K265_9: 加载 WAV…
  T    6.0s–56.0s … key=Cmaj r=0.68  voiced=0.82  beats=88 ✓
  V1   56.0s–104.0s … key=Cmaj r=0.69  voiced=0.75  beats=126 ✓
  V2   104.0s–151.0s … key=Cmaj r=0.62  voiced=0.81  beats=88 ✓
  V3   151.0s–203.0s … key=Cmaj r=0.70  voiced=0.79  beats=92 ✓
  V4   203.0s–251.0s … key=Cmaj r=0.72  voiced=0.68  beats=93 ✓
  V5   251.0s–306.0s … key=Cmaj r=0.62  voiced=0.79  beats=164 ✓
  V6   306.0s–351.0s … key=Cmaj r=0.66  voiced=0.79  beats=85 ✓
  V7   351.0s–400.0s … key=Cmaj r=0.78  voiced=0.74  beats=102 ✓
  V8   400.0s–453.0s … key=Cmin r=0.54  voiced=0.75  beats=89 ✓
  V9   453.0s–502.0s … key=Cmaj r=0.64  voiced=0.69  beats=90 ✓
  V10  502.0s–552.0s … key=Cmaj r=0.65  voiced=0.64  beats=90 ✓
  V11  552.0s–719.0s … key=Cmaj r=0.74  voiced=0.82  beats=395 ✓
  V12  719.0s–783.0s … key=Cmaj r=0.52  voiced=0.76  beats=155 ✓
  C    783.0s–794.0s … key=Cmaj r=0.79  voiced=0.64  beats=22 ✓
✓ 已保存: /Users/jiaxuan/Desktop/Music Project/VariVis/backend/features/WAMozart_K265_9.json
Sat Apr 25 21:51:56 AEST 2026: OK WAMozart_K265_9

============================================================
处理: WAMozart_K265_10
============================================================
曲目: Mozart: 12 Variations in C Major on "Ah,vous dirai-je Maman",K. 265/300e
作曲: Wolfgang Amadeus Mozart
段落: ['T', 'V1', 'V2', 'V3', 'V4', 'V5', 'V6', 'V7', 'V8', 'V9', 'V10', 'V11', 'V12', 'C']  (14 段)
边界(秒): [12.0, 45.0, 74.0, 104.0, 134.0, 163.0, 194.0, 223.0, 253.0, 284.0, 312.0, 345.0, 467.0, 511.0, 522.0]

正在加载 WAV: WAMozart_K265_10.wav...
已加载: 524.2s @ 48000Hz
  [ 0] T        12.0s →    45.0s  (33.0s)
  [ 1] V1       45.0s →    74.0s  (29.0s)
  [ 2] V2       74.0s →   104.0s  (30.0s)
  [ 3] V3      104.0s →   134.0s  (30.0s)
  [ 4] V4      134.0s →   163.0s  (29.0s)
  [ 5] V5      163.0s →   194.0s  (31.0s)
  [ 6] V6      194.0s →   223.0s  (29.0s)
  [ 7] V7      223.0s →   253.0s  (30.0s)
  [ 8] V8      253.0s →   284.0s  (31.0s)
  [ 9] V9      284.0s →   312.0s  (28.0s)
  [10] V10     312.0s →   345.0s  (33.0s)
  [11] V11     345.0s →   467.0s  (122.0s)
  [12] V12     467.0s →   511.0s  (44.0s)
  [13] C       511.0s →   522.0s  (11.0s)

✓ 特征已保存: /Users/jiaxuan/Desktop/Music Project/VariVis/backend/features/WAMozart_K265_10.json

WAMozart_K265_10: 加载 WAV…
  T    12.0s–45.0s … key=Cmaj r=0.91  voiced=0.88  beats=61 ✓
  V1   45.0s–74.0s … key=Cmaj r=0.90  voiced=0.78  beats=49 ✓
  V2   74.0s–104.0s … key=Cmaj r=0.93  voiced=0.72  beats=63 ✓
  V3   104.0s–134.0s … key=Cmaj r=0.89  voiced=0.75  beats=62 ✓
  V4   134.0s–163.0s … key=Cmaj r=0.87  voiced=0.57  beats=61 ✓
  V5   163.0s–194.0s … key=Cmaj r=0.88  voiced=0.77  beats=30 ✓
  V6   194.0s–223.0s … key=Cmaj r=0.78  voiced=0.78  beats=56 ✓
  V7   223.0s–253.0s … key=Cmaj r=0.90  voiced=0.71  beats=63 ✓
  V8   253.0s–284.0s … key=Cmin r=0.61  voiced=0.76  beats=59 ✓
  V9   284.0s–312.0s … key=Cmaj r=0.79  voiced=0.74  beats=56 ✓
  V10  312.0s–345.0s … key=Cmaj r=0.84  voiced=0.78  beats=71 ✓
  V11  345.0s–467.0s … key=Cmaj r=0.91  voiced=0.88  beats=166 ✓
  V12  467.0s–511.0s … key=Cmaj r=0.88  voiced=0.67  beats=102 ✓
  C    511.0s–522.0s … key=Cmaj r=0.80  voiced=0.69  beats=25 ✓
✓ 已保存: /Users/jiaxuan/Desktop/Music Project/VariVis/backend/features/WAMozart_K265_10.json
Sat Apr 25 21:54:10 AEST 2026: OK WAMozart_K265_10

============================================================
处理: WAMozart_K265_11
============================================================
曲目: Mozart: 12 Variations in C Major on "Ah,vous dirai-je Maman",K. 265/300e
作曲: Wolfgang Amadeus Mozart
段落: ['T', 'V1', 'V2', 'V3', 'V4', 'V5', 'V6', 'V7', 'V8', 'V9', 'V10', 'V11', 'V12', 'C']  (14 段)
边界(秒): [6.0, 34.0, 62.0, 92.0, 127.0, 158.0, 188.0, 216.0, 246.0, 295.0, 324.0, 354.0, 458.0, 502.0, 512.0]

正在加载 WAV: WAMozart_K265_11.wav...
已加载: 529.0s @ 48000Hz
  [ 0] T         6.0s →    34.0s  (28.0s)
  [ 1] V1       34.0s →    62.0s  (28.0s)
  [ 2] V2       62.0s →    92.0s  (30.0s)
  [ 3] V3       92.0s →   127.0s  (35.0s)
  [ 4] V4      127.0s →   158.0s  (31.0s)
  [ 5] V5      158.0s →   188.0s  (30.0s)
  [ 6] V6      188.0s →   216.0s  (28.0s)
  [ 7] V7      216.0s →   246.0s  (30.0s)
  [ 8] V8      246.0s →   295.0s  (49.0s)
  [ 9] V9      295.0s →   324.0s  (29.0s)
  [10] V10     324.0s →   354.0s  (30.0s)
  [11] V11     354.0s →   458.0s  (104.0s)
  [12] V12     458.0s →   502.0s  (44.0s)
  [13] C       502.0s →   512.0s  (10.0s)

✓ 特征已保存: /Users/jiaxuan/Desktop/Music Project/VariVis/backend/features/WAMozart_K265_11.json

WAMozart_K265_11: 加载 WAV…
  T    6.0s–34.0s … key=Cmaj r=0.87  voiced=0.66  beats=60 ✓
  V1   34.0s–62.0s … key=Cmaj r=0.86  voiced=0.49  beats=65 ✓
  V2   62.0s–92.0s … key=Cmaj r=0.88  voiced=0.64  beats=65 ✓
  V3   92.0s–127.0s … key=Cmaj r=0.88  voiced=0.52  beats=63 ✓
  V4   127.0s–158.0s … key=Cmaj r=0.92  voiced=0.42  beats=62 ✓
  V5   158.0s–188.0s … key=Cmaj r=0.85  voiced=0.55  beats=61 ✓
  V6   188.0s–216.0s … key=Cmaj r=0.90  voiced=0.51  beats=62 ✓
  V7   216.0s–246.0s … key=Cmaj r=0.89  voiced=0.47  beats=67 ✓
  V8   246.0s–295.0s … key=Cmin r=0.73  voiced=0.70  beats=54 ✓
  V9   295.0s–324.0s … key=Cmaj r=0.87  voiced=0.61  beats=68 ✓
  V10  324.0s–354.0s … key=Cmaj r=0.77  voiced=0.55  beats=65 ✓
  V11  354.0s–458.0s … key=Cmaj r=0.87  voiced=0.69  beats=177 ✓
  V12  458.0s–502.0s … key=Cmaj r=0.83  voiced=0.50  beats=99 ✓
  C    502.0s–512.0s … key=Cmaj r=0.87  voiced=0.34  beats=25 ✓
✓ 已保存: /Users/jiaxuan/Desktop/Music Project/VariVis/backend/features/WAMozart_K265_11.json
Sat Apr 25 21:56:26 AEST 2026: OK WAMozart_K265_11

============================================================
处理: WAMozart_K265_12
============================================================
曲目: Mozart: 12 Variations in C Major on "Ah,vous dirai-je Maman",K. 265/300e
作曲: Wolfgang Amadeus Mozart
段落: ['T', 'V1', 'V2', 'V3', 'V4', 'V5', 'V6', 'V7', 'V8', 'V9', 'V10', 'V11', 'V12', 'C']  (14 段)
边界(秒): [3.0, 37.0, 67.0, 98.0, 130.0, 161.0, 202.0, 230.0, 261.0, 304.0, 334.0, 364.0, 479.0, 526.0, 538.0]

正在加载 WAV: WAMozart_K265_12.wav...
已加载: 547.3s @ 48000Hz
  [ 0] T         3.0s →    37.0s  (34.0s)
  [ 1] V1       37.0s →    67.0s  (30.0s)
  [ 2] V2       67.0s →    98.0s  (31.0s)
  [ 3] V3       98.0s →   130.0s  (32.0s)
  [ 4] V4      130.0s →   161.0s  (31.0s)
  [ 5] V5      161.0s →   202.0s  (41.0s)
  [ 6] V6      202.0s →   230.0s  (28.0s)
  [ 7] V7      230.0s →   261.0s  (31.0s)
  [ 8] V8      261.0s →   304.0s  (43.0s)
  [ 9] V9      304.0s →   334.0s  (30.0s)
  [10] V10     334.0s →   364.0s  (30.0s)
  [11] V11     364.0s →   479.0s  (115.0s)
  [12] V12     479.0s →   526.0s  (47.0s)
  [13] C       526.0s →   538.0s  (12.0s)

✓ 特征已保存: /Users/jiaxuan/Desktop/Music Project/VariVis/backend/features/WAMozart_K265_12.json

WAMozart_K265_12: 加载 WAV…
  T    3.0s–37.0s … key=Cmaj r=0.90  voiced=0.90  beats=29 ✓
  V1   37.0s–67.0s … key=Cmaj r=0.86  voiced=0.78  beats=49 ✓
  V2   67.0s–98.0s … key=Cmaj r=0.83  voiced=0.73  beats=60 ✓
  V3   98.0s–130.0s … key=Cmaj r=0.92  voiced=0.77  beats=60 ✓
  V4   130.0s–161.0s … key=Cmaj r=0.79  voiced=0.67  beats=63 ✓
  V5   161.0s–202.0s … key=Cmaj r=0.78  voiced=0.77  beats=59 ✓
  V6   202.0s–230.0s … key=Cmaj r=0.88  voiced=0.82  beats=56 ✓
  V7   230.0s–261.0s … key=Cmaj r=0.83  voiced=0.68  beats=65 ✓
  V8   261.0s–304.0s … key=Cmin r=0.81  voiced=0.84  beats=59 ✓
  V9   304.0s–334.0s … key=Cmaj r=0.91  voiced=0.84  beats=58 ✓
  V10  334.0s–364.0s … key=Cmaj r=0.86  voiced=0.65  beats=60 ✓
  V11  364.0s–479.0s … key=Cmaj r=0.94  voiced=0.85  beats=275 ✓
  V12  479.0s–526.0s … key=Cmaj r=0.90  voiced=0.70  beats=102 ✓
  C    526.0s–538.0s … key=Cmaj r=0.87  voiced=0.72  beats=6 ✓
✓ 已保存: /Users/jiaxuan/Desktop/Music Project/VariVis/backend/features/WAMozart_K265_12.json
Sat Apr 25 21:58:45 AEST 2026: OK WAMozart_K265_12

============================================================
处理: WAMozart_K265_13
============================================================
曲目: Mozart: 12 Variations in C Major on "Ah,vous dirai-je Maman",K. 265/300e
作曲: Wolfgang Amadeus Mozart
段落: ['T', 'V1', 'V2', 'V3', 'V4', 'V5', 'V6', 'V7', 'V8', 'V9', 'V10', 'V11', 'V12', 'C']  (14 段)
边界(秒): [1.0, 34.0, 70.0, 99.0, 137.0, 176.0, 212.0, 256.0, 293.0, 324.0, 368.0, 403.0, 492.0, 550.0, 564.0]

正在加载 WAV: WAMozart_K265_13.wav...
已加载: 568.2s @ 48000Hz
  [ 0] T         1.0s →    34.0s  (33.0s)
  [ 1] V1       34.0s →    70.0s  (36.0s)
  [ 2] V2       70.0s →    99.0s  (29.0s)
  [ 3] V3       99.0s →   137.0s  (38.0s)
  [ 4] V4      137.0s →   176.0s  (39.0s)
  [ 5] V5      176.0s →   212.0s  (36.0s)
  [ 6] V6      212.0s →   256.0s  (44.0s)
  [ 7] V7      256.0s →   293.0s  (37.0s)
  [ 8] V8      293.0s →   324.0s  (31.0s)
  [ 9] V9      324.0s →   368.0s  (44.0s)
  [10] V10     368.0s →   403.0s  (35.0s)
  [11] V11     403.0s →   492.0s  (89.0s)
  [12] V12     492.0s →   550.0s  (58.0s)
  [13] C       550.0s →   564.0s  (14.0s)

✓ 特征已保存: /Users/jiaxuan/Desktop/Music Project/VariVis/backend/features/WAMozart_K265_13.json

WAMozart_K265_13: 加载 WAV…
  T    1.0s–34.0s … key=Dmaj r=0.82  voiced=0.76  beats=58 ✓
  V1   34.0s–70.0s … key=Dmaj r=0.75  voiced=0.74  beats=61 ✓
  V2   70.0s–99.0s … key=Dmaj r=0.72  voiced=0.66  beats=53 ✓
  V3   99.0s–137.0s … key=Dmaj r=0.78  voiced=0.74  beats=68 ✓
  V4   137.0s–176.0s … key=Dmaj r=0.70  voiced=0.67  beats=65 ✓
  V5   176.0s–212.0s … key=Dmaj r=0.64  voiced=0.71  beats=68 ✓
  V6   212.0s–256.0s … key=Dmaj r=0.67  voiced=0.73  beats=79 ✓
  V7   256.0s–293.0s … key=Dmaj r=0.75  voiced=0.80  beats=66 ✓
  V8   293.0s–324.0s … key=Dmin r=0.66  voiced=0.85  beats=30 ✓
  V9   324.0s–368.0s … key=Dmaj r=0.66  voiced=0.80  beats=91 ✓
  V10  368.0s–403.0s … key=Dmaj r=0.72  voiced=0.61  beats=59 ✓
  V11  403.0s–492.0s … key=Dmaj r=0.88  voiced=0.81  beats=214 ✓
  V12  492.0s–550.0s … key=Dmaj r=0.64  voiced=0.67  beats=104 ✓
  C    550.0s–564.0s … key=Dmaj r=0.72  voiced=0.59  beats=24 ✓
✓ 已保存: /Users/jiaxuan/Desktop/Music Project/VariVis/backend/features/WAMozart_K265_13.json
Sat Apr 25 22:01:15 AEST 2026: OK WAMozart_K265_13

============================================================
处理: WAMozart_K265_14
============================================================
曲目: Mozart: 12 Variations in C Major on "Ah,vous dirai-je Maman",K. 265/300e
作曲: Wolfgang Amadeus Mozart
段落: ['T', 'V1', 'V2', 'V3', 'V4', 'V5', 'V6', 'V7', 'V8', 'V9', 'V10', 'V11', 'V12', 'C']  (14 段)
边界(秒): [10.0, 43.0, 77.0, 110.0, 146.0, 182.0, 220.0, 250.0, 283.0, 323.0, 358.0, 391.0, 488.0, 531.0, 542.0]

正在加载 WAV: WAMozart_K265_14.wav...
已加载: 551.5s @ 48000Hz
  [ 0] T        10.0s →    43.0s  (33.0s)
  [ 1] V1       43.0s →    77.0s  (34.0s)
  [ 2] V2       77.0s →   110.0s  (33.0s)
  [ 3] V3      110.0s →   146.0s  (36.0s)
  [ 4] V4      146.0s →   182.0s  (36.0s)
  [ 5] V5      182.0s →   220.0s  (38.0s)
  [ 6] V6      220.0s →   250.0s  (30.0s)
  [ 7] V7      250.0s →   283.0s  (33.0s)
  [ 8] V8      283.0s →   323.0s  (40.0s)
  [ 9] V9      323.0s →   358.0s  (35.0s)
  [10] V10     358.0s →   391.0s  (33.0s)
  [11] V11     391.0s →   488.0s  (97.0s)
  [12] V12     488.0s →   531.0s  (43.0s)
  [13] C       531.0s →   542.0s  (11.0s)

✓ 特征已保存: /Users/jiaxuan/Desktop/Music Project/VariVis/backend/features/WAMozart_K265_14.json

WAMozart_K265_14: 加载 WAV…
  T    10.0s–43.0s … key=Cmaj r=0.82  voiced=0.85  beats=56 ✓
  V1   43.0s–77.0s … key=Cmaj r=0.86  voiced=0.71  beats=62 ✓
  V2   77.0s–110.0s … key=Cmaj r=0.83  voiced=0.73  beats=62 ✓
  V3   110.0s–146.0s … key=Cmaj r=0.85  voiced=0.64  beats=65 ✓
  V4   146.0s–182.0s … key=Cmaj r=0.85  voiced=0.65  beats=69 ✓
  V5   182.0s–220.0s … key=Cmaj r=0.82  voiced=0.71  beats=62 ✓
  V6   220.0s–250.0s … key=Cmaj r=0.86  voiced=0.79  beats=62 ✓
  V7   250.0s–283.0s … key=Cmaj r=0.88  voiced=0.72  beats=65 ✓
  V8   283.0s–323.0s … key=Cmin r=0.82  voiced=0.72  beats=59 ✓
  V9   323.0s–358.0s … key=Cmaj r=0.85  voiced=0.72  beats=65 ✓
  V10  358.0s–391.0s … key=Cmaj r=0.80  voiced=0.67  beats=57 ✓
  V11  391.0s–488.0s … key=Cmaj r=0.89  voiced=0.86  beats=242 ✓
  V12  488.0s–531.0s … key=Cmaj r=0.76  voiced=0.62  beats=104 ✓
  C    531.0s–542.0s … key=Cmaj r=0.83  voiced=0.67  beats=22 ✓
✓ 已保存: /Users/jiaxuan/Desktop/Music Project/VariVis/backend/features/WAMozart_K265_14.json
Sat Apr 25 22:03:32 AEST 2026: OK WAMozart_K265_14

============================================================
处理: WAMozart_K353_1
============================================================
曲目: Variations on "La belle Françoise",K.353
作曲: Wolfgang Amadeus Mozart
段落: ['T', 'V1', 'V2', 'V3', 'V4', 'V5', 'V6', 'V7', 'V8', 'V9', 'V10', 'V11', 'V12', 'C']  (14 段)
边界(秒): [10.0, 62.0, 114.0, 164.0, 218.0, 286.0, 341.0, 392.0, 445.0, 509.0, 577.0, 641.0, 771.0, 832.0, 854.0]

正在加载 WAV: WAMozart_K353_1.wav...
已加载: 865.4s @ 48000Hz
  [ 0] T        10.0s →    62.0s  (52.0s)
  [ 1] V1       62.0s →   114.0s  (52.0s)
  [ 2] V2      114.0s →   164.0s  (50.0s)
  [ 3] V3      164.0s →   218.0s  (54.0s)
  [ 4] V4      218.0s →   286.0s  (68.0s)
  [ 5] V5      286.0s →   341.0s  (55.0s)
  [ 6] V6      341.0s →   392.0s  (51.0s)
  [ 7] V7      392.0s →   445.0s  (53.0s)
  [ 8] V8      445.0s →   509.0s  (64.0s)
  [ 9] V9      509.0s →   577.0s  (68.0s)
  [10] V10     577.0s →   641.0s  (64.0s)
  [11] V11     641.0s →   771.0s  (130.0s)
  [12] V12     771.0s →   832.0s  (61.0s)
  [13] C       832.0s →   854.0s  (22.0s)

✓ 特征已保存: /Users/jiaxuan/Desktop/Music Project/VariVis/backend/features/WAMozart_K353_1.json

WAMozart_K353_1: 加载 WAV…
  T    10.0s–62.0s … key=D#maj r=0.85  voiced=0.88  beats=142 ✓
  V1   62.0s–114.0s … key=D#maj r=0.76  voiced=0.79  beats=69 ✓
  V2   114.0s–164.0s … key=D#maj r=0.84  voiced=0.71  beats=133 ✓
  V3   164.0s–218.0s … key=D#maj r=0.72  voiced=0.60  beats=113 ✓
  V4   218.0s–286.0s … key=D#maj r=0.70  voiced=0.83  beats=156 ✓
  V5   286.0s–341.0s … key=D#maj r=0.79  voiced=0.82  beats=107 ✓
  V6   341.0s–392.0s … key=D#min r=0.69  voiced=0.80  beats=145 ✓
  V7   392.0s–445.0s … key=D#maj r=0.76  voiced=0.73  beats=134 ✓
  V8   445.0s–509.0s … key=D#maj r=0.83  voiced=0.72  beats=138 ✓
  V9   509.0s–577.0s … key=D#min r=0.88  voiced=0.83  beats=147 ✓
  V10  577.0s–641.0s … key=D#maj r=0.77  voiced=0.75  beats=143 ✓
  V11  641.0s–771.0s … key=D#maj r=0.87  voiced=0.85  beats=281 ✓
  V12  771.0s–832.0s … key=D#maj r=0.87  voiced=0.80  beats=132 ✓
  C    832.0s–854.0s … key=D#maj r=0.91  voiced=0.80  beats=13 ✓
✓ 已保存: /Users/jiaxuan/Desktop/Music Project/VariVis/backend/features/WAMozart_K353_1.json
Sat Apr 25 22:07:12 AEST 2026: OK WAMozart_K353_1

============================================================
处理: WAMozart_K353_2
============================================================
曲目: Variations on "La belle Françoise",K.353
作曲: Wolfgang Amadeus Mozart
段落: ['T', 'V1', 'V2', 'V3', 'V4', 'V5', 'V6', 'V7', 'V8', 'V9', 'V10', 'V11', 'V12', 'C']  (14 段)
边界(秒): [4.0, 43.0, 75.0, 109.0, 141.0, 185.0, 216.0, 251.0, 291.0, 325.0, 373.0, 412.0, 501.0, 536.0, 562.0]

正在加载 WAV: WAMozart_K353_2.wav...
已加载: 578.0s @ 48000Hz
  [ 0] T         4.0s →    43.0s  (39.0s)
  [ 1] V1       43.0s →    75.0s  (32.0s)
  [ 2] V2       75.0s →   109.0s  (34.0s)
  [ 3] V3      109.0s →   141.0s  (32.0s)
  [ 4] V4      141.0s →   185.0s  (44.0s)
  [ 5] V5      185.0s →   216.0s  (31.0s)
  [ 6] V6      216.0s →   251.0s  (35.0s)
  [ 7] V7      251.0s →   291.0s  (40.0s)
  [ 8] V8      291.0s →   325.0s  (34.0s)
  [ 9] V9      325.0s →   373.0s  (48.0s)
  [10] V10     373.0s →   412.0s  (39.0s)
  [11] V11     412.0s →   501.0s  (89.0s)
  [12] V12     501.0s →   536.0s  (35.0s)
  [13] C       536.0s →   562.0s  (26.0s)

✓ 特征已保存: /Users/jiaxuan/Desktop/Music Project/VariVis/backend/features/WAMozart_K353_2.json

WAMozart_K353_2: 加载 WAV…
  T    4.0s–43.0s … key=D#maj r=0.90  voiced=0.84  beats=88 ✓
  V1   43.0s–75.0s … key=D#maj r=0.91  voiced=0.76  beats=78 ✓
  V2   75.0s–109.0s … key=D#maj r=0.84  voiced=0.76  beats=82 ✓
  V3   109.0s–141.0s … key=D#maj r=0.89  voiced=0.72  beats=96 ✓
  V4   141.0s–185.0s … key=D#maj r=0.79  voiced=0.88  beats=103 ✓
  V5   185.0s–216.0s … key=D#maj r=0.81  voiced=0.73  beats=94 ✓
  V6   216.0s–251.0s … key=D#maj r=0.79  voiced=0.84  beats=80 ✓
  V7   251.0s–291.0s … key=D#maj r=0.89  voiced=0.80  beats=85 ✓
  V8   291.0s–325.0s … key=D#maj r=0.90  voiced=0.74  beats=80 ✓
  V9   325.0s–373.0s … key=D#min r=0.93  voiced=0.84  beats=79 ✓
  V10  373.0s–412.0s … key=D#maj r=0.87  voiced=0.82  beats=52 ✓
  V11  412.0s–501.0s … key=D#maj r=0.87  voiced=0.90  beats=154 ✓
  V12  501.0s–536.0s … key=D#maj r=0.92  voiced=0.82  beats=80 ✓
  C    536.0s–562.0s … key=D#maj r=0.94  voiced=0.78  beats=25 ✓
✓ 已保存: /Users/jiaxuan/Desktop/Music Project/VariVis/backend/features/WAMozart_K353_2.json
Sat Apr 25 22:09:39 AEST 2026: OK WAMozart_K353_2

============================================================
处理: WAMozart_K353_3
============================================================
曲目: Variations on "La belle Françoise",K.353
作曲: Wolfgang Amadeus Mozart
段落: ['T', 'V1', 'V2', 'V3', 'V4', 'V5', 'V6', 'V7', 'V8', 'V9', 'V10', 'V11', 'V12', 'C']  (14 段)
边界(秒): [1.0, 69.0, 121.0, 174.0, 226.0, 300.0, 361.0, 419.0, 471.0, 530.0, 615.0, 691.0, 833.0, 889.0, 920.0]

正在加载 WAV: WAMozart_K353_3.wav...
已加载: 923.7s @ 48000Hz
  [ 0] T         1.0s →    69.0s  (68.0s)
  [ 1] V1       69.0s →   121.0s  (52.0s)
  [ 2] V2      121.0s →   174.0s  (53.0s)
  [ 3] V3      174.0s →   226.0s  (52.0s)
  [ 4] V4      226.0s →   300.0s  (74.0s)
  [ 5] V5      300.0s →   361.0s  (61.0s)
  [ 6] V6      361.0s →   419.0s  (58.0s)
  [ 7] V7      419.0s →   471.0s  (52.0s)
  [ 8] V8      471.0s →   530.0s  (59.0s)
  [ 9] V9      530.0s →   615.0s  (85.0s)
  [10] V10     615.0s →   691.0s  (76.0s)
  [11] V11     691.0s →   833.0s  (142.0s)
  [12] V12     833.0s →   889.0s  (56.0s)
  [13] C       889.0s →   920.0s  (31.0s)

✓ 特征已保存: /Users/jiaxuan/Desktop/Music Project/VariVis/backend/features/WAMozart_K353_3.json

WAMozart_K353_3: 加载 WAV…
  T    1.0s–69.0s … key=D#maj r=0.83  voiced=0.74  beats=153 ✓
  V1   69.0s–121.0s … key=D#maj r=0.88  voiced=0.72  beats=141 ✓
  V2   121.0s–174.0s … key=D#maj r=0.85  voiced=0.71  beats=145 ✓
  V3   174.0s–226.0s … key=D#maj r=0.84  voiced=0.67  beats=144 ✓
  V4   226.0s–300.0s … key=D#maj r=0.86  voiced=0.89  beats=160 ✓
  V5   300.0s–361.0s … key=A#maj r=0.74  voiced=0.78  beats=144 ✓
  V6   361.0s–419.0s … key=D#maj r=0.79  voiced=0.76  beats=126 ✓
  V7   419.0s–471.0s … key=D#maj r=0.84  voiced=0.79  beats=125 ✓
  V8   471.0s–530.0s … key=D#maj r=0.79  voiced=0.69  beats=131 ✓
  V9   530.0s–615.0s … key=D#min r=0.90  voiced=0.80  beats=145 ✓
  V10  615.0s–691.0s … key=D#maj r=0.80  voiced=0.82  beats=151 ✓
  V11  691.0s–833.0s … key=D#maj r=0.83  voiced=0.87  beats=281 ✓
  V12  833.0s–889.0s … key=D#maj r=0.82  voiced=0.79  beats=140 ✓
  C    889.0s–920.0s … key=D#maj r=0.91  voiced=0.59  beats=61 ✓
✓ 已保存: /Users/jiaxuan/Desktop/Music Project/VariVis/backend/features/WAMozart_K353_3.json
Sat Apr 25 22:13:33 AEST 2026: OK WAMozart_K353_3

============================================================
处理: WAMozart_K353_4
============================================================
曲目: Variations on "La belle Françoise",K.353
作曲: Wolfgang Amadeus Mozart
段落: ['T', 'V1', 'V2', 'V3', 'V4', 'V5', 'V6', 'V7', 'V8', 'V9', 'V10', 'V11', 'V12', 'C']  (14 段)
边界(秒): [2.0, 52.0, 101.0, 149.0, 200.0, 257.0, 303.0, 352.0, 397.0, 451.0, 534.0, 598.0, 767.0, 817.0, 840.0]

正在加载 WAV: WAMozart_K353_4.wav...
已加载: 844.0s @ 48000Hz
  [ 0] T         2.0s →    52.0s  (50.0s)
  [ 1] V1       52.0s →   101.0s  (49.0s)
  [ 2] V2      101.0s →   149.0s  (48.0s)
  [ 3] V3      149.0s →   200.0s  (51.0s)
  [ 4] V4      200.0s →   257.0s  (57.0s)
  [ 5] V5      257.0s →   303.0s  (46.0s)
  [ 6] V6      303.0s →   352.0s  (49.0s)
  [ 7] V7      352.0s →   397.0s  (45.0s)
  [ 8] V8      397.0s →   451.0s  (54.0s)
  [ 9] V9      451.0s →   534.0s  (83.0s)
  [10] V10     534.0s →   598.0s  (64.0s)
  [11] V11     598.0s →   767.0s  (169.0s)
  [12] V12     767.0s →   817.0s  (50.0s)
  [13] C       817.0s →   840.0s  (23.0s)

✓ 特征已保存: /Users/jiaxuan/Desktop/Music Project/VariVis/backend/features/WAMozart_K353_4.json

WAMozart_K353_4: 加载 WAV…
  T    2.0s–52.0s … key=A#maj r=0.68  voiced=0.62  beats=151 ✓
  V1   52.0s–101.0s … key=A#maj r=0.68  voiced=0.66  beats=143 ✓
  V2   101.0s–149.0s … key=D#maj r=0.65  voiced=0.60  beats=146 ✓
  V3   149.0s–200.0s … key=A#maj r=0.76  voiced=0.46  beats=151 ✓
  V4   200.0s–257.0s … key=D#maj r=0.91  voiced=0.76  beats=171 ✓
  V5   257.0s–303.0s … key=A#maj r=0.67  voiced=0.63  beats=152 ✓
  V6   303.0s–352.0s … key=A#maj r=0.72  voiced=0.59  beats=144 ✓
  V7   352.0s–397.0s … key=A#maj r=0.80  voiced=0.65  beats=135 ✓
  V8   397.0s–451.0s … key=A#maj r=0.71  voiced=0.64  beats=143 ✓
  V9   451.0s–534.0s … key=D#min r=0.64  voiced=0.73  beats=167 ✓
  V10  534.0s–598.0s … key=A#maj r=0.64  voiced=0.67  beats=146 ✓
  V11  598.0s–767.0s … key=D#maj r=0.73  voiced=0.84  beats=333 ✓
  V12  767.0s–817.0s … key=A#maj r=0.68  voiced=0.55  beats=133 ✓
  C    817.0s–840.0s … key=D#maj r=0.83  voiced=0.58  beats=54 ✓
✓ 已保存: /Users/jiaxuan/Desktop/Music Project/VariVis/backend/features/WAMozart_K353_4.json
Sat Apr 25 22:17:09 AEST 2026: OK WAMozart_K353_4

============================================================
处理: WAMozart_K353_5
============================================================
曲目: Variations on "La belle Françoise",K.353
作曲: Wolfgang Amadeus Mozart
段落: ['T', 'V1', 'V2', 'V3', 'V4', 'V5', 'V6', 'V7', 'V8', 'V9', 'V10', 'V11', 'V12', 'C']  (14 段)
边界(秒): [0.0, 35.0, 68.0, 104.0, 144.0, 163.0, 209.0, 243.0, 276.0, 318.0, 350.0, 392.0, 453.0, 497.0, 508.0]

正在加载 WAV: WAMozart_K353_5.wav...
已加载: 513.9s @ 48000Hz
  [ 0] T         0.0s →    35.0s  (35.0s)
  [ 1] V1       35.0s →    68.0s  (33.0s)
  [ 2] V2       68.0s →   104.0s  (36.0s)
  [ 3] V3      104.0s →   144.0s  (40.0s)
  [ 4] V4      144.0s →   163.0s  (19.0s)
  [ 5] V5      163.0s →   209.0s  (46.0s)
  [ 6] V6      209.0s →   243.0s  (34.0s)
  [ 7] V7      243.0s →   276.0s  (33.0s)
  [ 8] V8      276.0s →   318.0s  (42.0s)
  [ 9] V9      318.0s →   350.0s  (32.0s)
  [10] V10     350.0s →   392.0s  (42.0s)
  [11] V11     392.0s →   453.0s  (61.0s)
  [12] V12     453.0s →   497.0s  (44.0s)
  [13] C       497.0s →   508.0s  (11.0s)

✓ 特征已保存: /Users/jiaxuan/Desktop/Music Project/VariVis/backend/features/WAMozart_K353_5.json

WAMozart_K353_5: 加载 WAV…
  T    0.0s–35.0s … key=D#maj r=0.82  voiced=0.57  beats=46 ✓
  V1   35.0s–68.0s … key=D#maj r=0.90  voiced=0.67  beats=46 ✓
  V2   68.0s–104.0s … key=D#maj r=0.81  voiced=0.51  beats=51 ✓
  V3   104.0s–144.0s … key=D#maj r=0.84  voiced=0.45  beats=50 ✓
  V4   144.0s–163.0s … key=D#maj r=0.88  voiced=0.60  beats=25 ✓
  V5   163.0s–209.0s … key=A#maj r=0.80  voiced=0.72  beats=62 ✓
  V6   209.0s–243.0s … key=A#maj r=0.85  voiced=0.69  beats=44 ✓
  V7   243.0s–276.0s … key=A#maj r=0.84  voiced=0.67  beats=68 ✓
  V8   276.0s–318.0s … key=A#maj r=0.77  voiced=0.58  beats=86 ✓
  V9   318.0s–350.0s … key=D#min r=0.79  voiced=0.74  beats=60 ✓
  V10  350.0s–392.0s … key=D#maj r=0.78  voiced=0.74  beats=83 ✓
  V11  392.0s–453.0s … key=D#maj r=0.83  voiced=0.76  beats=115 ✓
  V12  453.0s–497.0s … key=D#maj r=0.84  voiced=0.58  beats=76 ✓
  C    497.0s–508.0s … key=D#maj r=0.89  voiced=0.44  beats=18 ✓
✓ 已保存: /Users/jiaxuan/Desktop/Music Project/VariVis/backend/features/WAMozart_K353_5.json
Sat Apr 25 22:19:20 AEST 2026: OK WAMozart_K353_5

============================================================
处理: WAMozart_K353_6
============================================================
曲目: Variations on "La belle Françoise",K.353
作曲: Wolfgang Amadeus Mozart
段落: ['T', 'V1', 'V2', 'V3', 'V4', 'V5', 'V6', 'V7', 'V8', 'V9', 'V10', 'V11', 'V12', 'C']  (14 段)
边界(秒): [1.0, 50.0, 84.0, 113.0, 143.0, 187.0, 226.0, 256.0, 281.0, 325.0, 362.0, 405.0, 479.0, 512.0, 540.0]

正在加载 WAV: WAMozart_K353_6.wav...
已加载: 543.7s @ 48000Hz
  [ 0] T         1.0s →    50.0s  (49.0s)
  [ 1] V1       50.0s →    84.0s  (34.0s)
  [ 2] V2       84.0s →   113.0s  (29.0s)
  [ 3] V3      113.0s →   143.0s  (30.0s)
  [ 4] V4      143.0s →   187.0s  (44.0s)
  [ 5] V5      187.0s →   226.0s  (39.0s)
  [ 6] V6      226.0s →   256.0s  (30.0s)
  [ 7] V7      256.0s →   281.0s  (25.0s)
  [ 8] V8      281.0s →   325.0s  (44.0s)
  [ 9] V9      325.0s →   362.0s  (37.0s)
  [10] V10     362.0s →   405.0s  (43.0s)
  [11] V11     405.0s →   479.0s  (74.0s)
  [12] V12     479.0s →   512.0s  (33.0s)
  [13] C       512.0s →   540.0s  (28.0s)

✓ 特征已保存: /Users/jiaxuan/Desktop/Music Project/VariVis/backend/features/WAMozart_K353_6.json

WAMozart_K353_6: 加载 WAV…
  T    1.0s–50.0s … key=D#maj r=0.79  voiced=0.75  beats=98 ✓
  V1   50.0s–84.0s … key=D#maj r=0.79  voiced=0.83  beats=67 ✓
  V2   84.0s–113.0s … key=D#maj r=0.84  voiced=0.57  beats=65 ✓
  V3   113.0s–143.0s … key=D#maj r=0.77  voiced=0.65  beats=66 ✓
  V4   143.0s–187.0s … key=D#maj r=0.82  voiced=0.79  beats=72 ✓
  V5   187.0s–226.0s … key=D#maj r=0.71  voiced=0.68  beats=59 ✓
  V6   226.0s–256.0s … key=D#maj r=0.76  voiced=0.74  beats=45 ✓
  V7   256.0s–281.0s … key=D#maj r=0.77  voiced=0.79  beats=64 ✓
  V8   281.0s–325.0s … key=D#maj r=0.81  voiced=0.70  beats=91 ✓
  V9   325.0s–362.0s … key=D#min r=0.77  voiced=0.73  beats=56 ✓
  V10  362.0s–405.0s … key=D#maj r=0.71  voiced=0.76  beats=94 ✓
  V11  405.0s–479.0s … key=D#maj r=0.86  voiced=0.81  beats=147 ✓
  V12  479.0s–512.0s … key=D#maj r=0.81  voiced=0.76  beats=77 ✓
  C    512.0s–540.0s … key=D#maj r=0.85  voiced=0.61  beats=54 ✓
✓ 已保存: /Users/jiaxuan/Desktop/Music Project/VariVis/backend/features/WAMozart_K353_6.json
Sat Apr 25 22:23:55 AEST 2026: OK WAMozart_K353_6

============================================================
处理: WAMozart_K353_7
============================================================
曲目: Variations on "La belle Françoise",K.353
作曲: Wolfgang Amadeus Mozart
段落: ['T', 'V1', 'V2', 'V3', 'V4', 'V5', 'V6', 'V7', 'V8', 'V9', 'V10', 'V11', 'V12', 'C']  (14 段)
边界(秒): [1.0, 33.0, 58.0, 81.0, 120.0, 159.0, 200.0, 228.0, 259.0, 291.0, 332.0, 368.0, 426.0, 470.0, 495.0]

正在加载 WAV: WAMozart_K353_7.wav...
已加载: 499.3s @ 48000Hz
  [ 0] T         1.0s →    33.0s  (32.0s)
  [ 1] V1       33.0s →    58.0s  (25.0s)
  [ 2] V2       58.0s →    81.0s  (23.0s)
  [ 3] V3       81.0s →   120.0s  (39.0s)
  [ 4] V4      120.0s →   159.0s  (39.0s)
  [ 5] V5      159.0s →   200.0s  (41.0s)
  [ 6] V6      200.0s →   228.0s  (28.0s)
  [ 7] V7      228.0s →   259.0s  (31.0s)
  [ 8] V8      259.0s →   291.0s  (32.0s)
  [ 9] V9      291.0s →   332.0s  (41.0s)
  [10] V10     332.0s →   368.0s  (36.0s)
  [11] V11     368.0s →   426.0s  (58.0s)
  [12] V12     426.0s →   470.0s  (44.0s)
  [13] C       470.0s →   495.0s  (25.0s)

✓ 特征已保存: /Users/jiaxuan/Desktop/Music Project/VariVis/backend/features/WAMozart_K353_7.json

WAMozart_K353_7: 加载 WAV…
  T    1.0s–33.0s … key=D#maj r=0.85  voiced=0.84  beats=75 ✓
  V1   33.0s–58.0s … key=D#maj r=0.86  voiced=0.71  beats=67 ✓
  V2   58.0s–81.0s … key=D#maj r=0.91  voiced=0.76  beats=70 ✓
  V3   81.0s–120.0s … key=D#maj r=0.81  voiced=0.69  beats=108 ✓
  V4   120.0s–159.0s … key=D#maj r=0.94  voiced=0.79  beats=87 ✓
  V5   159.0s–200.0s … key=D#maj r=0.74  voiced=0.72  beats=72 ✓
  V6   200.0s–228.0s … key=A#maj r=0.80  voiced=0.70  beats=66 ✓
  V7   228.0s–259.0s … key=D#maj r=0.81  voiced=0.80  beats=66 ✓
  V8   259.0s–291.0s … key=D#maj r=0.79  voiced=0.63  beats=67 ✓
  V9   291.0s–332.0s … key=D#min r=0.79  voiced=0.75  beats=67 ✓
  V10  332.0s–368.0s … key=D#maj r=0.78  voiced=0.81  beats=73 ✓
  V11  368.0s–426.0s … key=D#maj r=0.83  voiced=0.85  beats=103 ✓
  V12  426.0s–470.0s … key=D#maj r=0.84  voiced=0.72  beats=78 ✓
  C    470.0s–495.0s … key=D#maj r=0.87  voiced=0.78  beats=57 ✓
✓ 已保存: /Users/jiaxuan/Desktop/Music Project/VariVis/backend/features/WAMozart_K353_7.json
Sat Apr 25 22:26:03 AEST 2026: OK WAMozart_K353_7

============================================================
处理: WAMozart_K353_8
============================================================
曲目: Variations on "La belle Françoise",K.353
作曲: Wolfgang Amadeus Mozart
段落: ['T', 'V1', 'V2', 'V3', 'V4', 'V5', 'V6', 'V7', 'V8', 'V9', 'V10', 'V11', 'V12', 'C']  (14 段)
边界(秒): [2.0, 70.0, 134.0, 191.0, 247.0, 336.0, 397.0, 460.0, 519.0, 582.0, 675.0, 744.0, 903.0, 983.0, 1014.0]

正在加载 WAV: WAMozart_K353_8.wav...
已加载: 1021.1s @ 48000Hz
  [ 0] T         2.0s →    70.0s  (68.0s)
  [ 1] V1       70.0s →   134.0s  (64.0s)
  [ 2] V2      134.0s →   191.0s  (57.0s)
  [ 3] V3      191.0s →   247.0s  (56.0s)
  [ 4] V4      247.0s →   336.0s  (89.0s)
  [ 5] V5      336.0s →   397.0s  (61.0s)
  [ 6] V6      397.0s →   460.0s  (63.0s)
  [ 7] V7      460.0s →   519.0s  (59.0s)
  [ 8] V8      519.0s →   582.0s  (63.0s)
  [ 9] V9      582.0s →   675.0s  (93.0s)
  [10] V10     675.0s →   744.0s  (69.0s)
  [11] V11     744.0s →   903.0s  (159.0s)
  [12] V12     903.0s →   983.0s  (80.0s)
  [13] C       983.0s →  1014.0s  (31.0s)

✓ 特征已保存: /Users/jiaxuan/Desktop/Music Project/VariVis/backend/features/WAMozart_K353_8.json

WAMozart_K353_8: 加载 WAV…
  T    2.0s–70.0s … key=D#maj r=0.78  voiced=0.65  beats=158 ✓
  V1   70.0s–134.0s … key=D#maj r=0.83  voiced=0.65  beats=142 ✓
  V2   134.0s–191.0s … key=D#maj r=0.78  voiced=0.67  beats=145 ✓
  V3   191.0s–247.0s … key=A#maj r=0.79  voiced=0.47  beats=149 ✓
  V4   247.0s–336.0s … key=D#maj r=0.70  voiced=0.72  beats=182 ✓
  V5   336.0s–397.0s … key=A#maj r=0.72  voiced=0.68  beats=139 ✓
  V6   397.0s–460.0s … key=A#maj r=0.74  voiced=0.54  beats=147 ✓
  V7   460.0s–519.0s … key=A#maj r=0.86  voiced=0.69  beats=144 ✓
  V8   519.0s–582.0s … key=A#maj r=0.80  voiced=0.61  beats=141 ✓
  V9   582.0s–675.0s … key=D#min r=0.69  voiced=0.70  beats=167 ✓
  V10  675.0s–744.0s … key=A#maj r=0.71  voiced=0.70  beats=152 ✓
  V11  744.0s–903.0s … key=D#maj r=0.82  voiced=0.76  beats=374 ✓
  V12  903.0s–983.0s … key=D#maj r=0.75  voiced=0.65  beats=188 ✓
  C    983.0s–1014.0s … key=D#maj r=0.80  voiced=0.67  beats=55 ✓
✓ 已保存: /Users/jiaxuan/Desktop/Music Project/VariVis/backend/features/WAMozart_K353_8.json
Sat Apr 25 22:30:25 AEST 2026: OK WAMozart_K353_8

============================================================
处理: WAMozart_K353_9
============================================================
曲目: Variations on "La belle Françoise",K.353
作曲: Wolfgang Amadeus Mozart
段落: ['T', 'V1', 'V2', 'V3', 'V4', 'V5', 'V6', 'V7', 'V8', 'V9', 'V10', 'V11', 'V12', 'C']  (14 段)
边界(秒): [0.0, 52.0, 100.0, 147.0, 199.0, 265.0, 317.0, 370.0, 421.0, 478.0, 545.0, 606.0, 747.0, 800.0, 825.0]

正在加载 WAV: WAMozart_K353_9.wav...
已加载: 836.3s @ 48000Hz
  [ 0] T         0.0s →    52.0s  (52.0s)
  [ 1] V1       52.0s →   100.0s  (48.0s)
  [ 2] V2      100.0s →   147.0s  (47.0s)
  [ 3] V3      147.0s →   199.0s  (52.0s)
  [ 4] V4      199.0s →   265.0s  (66.0s)
  [ 5] V5      265.0s →   317.0s  (52.0s)
  [ 6] V6      317.0s →   370.0s  (53.0s)
  [ 7] V7      370.0s →   421.0s  (51.0s)
  [ 8] V8      421.0s →   478.0s  (57.0s)
  [ 9] V9      478.0s →   545.0s  (67.0s)
  [10] V10     545.0s →   606.0s  (61.0s)
  [11] V11     606.0s →   747.0s  (141.0s)
  [12] V12     747.0s →   800.0s  (53.0s)
  [13] C       800.0s →   825.0s  (25.0s)

✓ 特征已保存: /Users/jiaxuan/Desktop/Music Project/VariVis/backend/features/WAMozart_K353_9.json

WAMozart_K353_9: 加载 WAV…
  T    0.0s–52.0s … key=D#maj r=0.82  voiced=0.82  beats=37 ✓
  V1   52.0s–100.0s … key=D#maj r=0.88  voiced=0.81  beats=142 ✓
  V2   100.0s–147.0s … key=D#maj r=0.79  voiced=0.78  beats=130 ✓
  V3   147.0s–199.0s … key=D#maj r=0.82  voiced=0.66  beats=90 ✓
  V4   199.0s–265.0s … key=D#maj r=0.70  voiced=0.87  beats=132 ✓
  V5   265.0s–317.0s … key=A#maj r=0.71  voiced=0.71  beats=114 ✓
  V6   317.0s–370.0s … key=D#maj r=0.76  voiced=0.72  beats=123 ✓
  V7   370.0s–421.0s … key=D#maj r=0.84  voiced=0.78  beats=133 ✓
  V8   421.0s–478.0s … key=D#maj r=0.86  voiced=0.71  beats=136 ✓
  V9   478.0s–545.0s … key=D#min r=0.93  voiced=0.79  beats=141 ✓
  V10  545.0s–606.0s … key=D#maj r=0.79  voiced=0.80  beats=129 ✓
  V11  606.0s–747.0s … key=D#maj r=0.89  voiced=0.86  beats=266 ✓
  V12  747.0s–800.0s … key=D#maj r=0.86  voiced=0.69  beats=119 ✓
  C    800.0s–825.0s … key=D#maj r=0.83  voiced=0.70  beats=53 ✓
✓ 已保存: /Users/jiaxuan/Desktop/Music Project/VariVis/backend/features/WAMozart_K353_9.json
Sat Apr 25 22:34:03 AEST 2026: OK WAMozart_K353_9

============================================================
处理: WAMozart_K353_10
============================================================
曲目: Variations on "La belle Françoise",K.353
作曲: Wolfgang Amadeus Mozart
段落: ['T', 'V1', 'V2', 'V3', 'V4', 'V5', 'V6', 'V7', 'V8', 'V9', 'V10', 'V11', 'V12', 'C']  (14 段)
边界(秒): [1.0, 67.0, 121.0, 174.0, 226.0, 300.0, 361.0, 419.0, 471.0, 530.0, 615.0, 691.0, 833.0, 888.0, 916.0]

正在加载 WAV: WAMozart_K353_10.wav...
已加载: 925.0s @ 48000Hz
  [ 0] T         1.0s →    67.0s  (66.0s)
  [ 1] V1       67.0s →   121.0s  (54.0s)
  [ 2] V2      121.0s →   174.0s  (53.0s)
  [ 3] V3      174.0s →   226.0s  (52.0s)
  [ 4] V4      226.0s →   300.0s  (74.0s)
  [ 5] V5      300.0s →   361.0s  (61.0s)
  [ 6] V6      361.0s →   419.0s  (58.0s)
  [ 7] V7      419.0s →   471.0s  (52.0s)
  [ 8] V8      471.0s →   530.0s  (59.0s)
  [ 9] V9      530.0s →   615.0s  (85.0s)
  [10] V10     615.0s →   691.0s  (76.0s)
  [11] V11     691.0s →   833.0s  (142.0s)
  [12] V12     833.0s →   888.0s  (55.0s)
  [13] C       888.0s →   916.0s  (28.0s)

✓ 特征已保存: /Users/jiaxuan/Desktop/Music Project/VariVis/backend/features/WAMozart_K353_10.json

WAMozart_K353_10: 加载 WAV…
  T    1.0s–67.0s … key=D#maj r=0.82  voiced=0.77  beats=155 ✓
  V1   67.0s–121.0s … key=D#maj r=0.89  voiced=0.69  beats=140 ✓
  V2   121.0s–174.0s … key=D#maj r=0.85  voiced=0.71  beats=146 ✓
  V3   174.0s–226.0s … key=D#maj r=0.84  voiced=0.67  beats=143 ✓
  V4   226.0s–300.0s … key=D#maj r=0.86  voiced=0.88  beats=161 ✓
  V5   300.0s–361.0s … key=A#maj r=0.74  voiced=0.77  beats=146 ✓
  V6   361.0s–419.0s … key=D#maj r=0.79  voiced=0.75  beats=136 ✓
  V7   419.0s–471.0s … key=D#maj r=0.84  voiced=0.78  beats=144 ✓
  V8   471.0s–530.0s … key=D#maj r=0.79  voiced=0.69  beats=135 ✓
  V9   530.0s–615.0s … key=D#min r=0.90  voiced=0.82  beats=145 ✓
  V10  615.0s–691.0s … key=D#maj r=0.79  voiced=0.82  beats=204 ✓
  V11  691.0s–833.0s … key=D#maj r=0.83  voiced=0.87  beats=277 ✓
  V12  833.0s–888.0s … key=D#maj r=0.82  voiced=0.80  beats=133 ✓
  C    888.0s–916.0s … key=D#maj r=0.91  voiced=0.67  beats=65 ✓
✓ 已保存: /Users/jiaxuan/Desktop/Music Project/VariVis/backend/features/WAMozart_K353_10.json
Sat Apr 25 22:37:57 AEST 2026: OK WAMozart_K353_10

============================================================
处理: WAMozart_K353_11
============================================================
曲目: Variations on "La belle Françoise",K.353
作曲: Wolfgang Amadeus Mozart
段落: ['T', 'V1', 'V2', 'V3', 'V4', 'V5', 'V6', 'V7', 'V8', 'V9', 'V10', 'V11', 'V12', 'C']  (14 段)
边界(秒): [1.0, 54.0, 114.0, 170.0, 231.0, 310.0, 373.0, 437.0, 500.0, 577.0, 670.0, 739.0, 880.0, 936.0, 958.0]

正在加载 WAV: WAMozart_K353_11.wav...
已加载: 968.0s @ 48000Hz
  [ 0] T         1.0s →    54.0s  (53.0s)
  [ 1] V1       54.0s →   114.0s  (60.0s)
  [ 2] V2      114.0s →   170.0s  (56.0s)
  [ 3] V3      170.0s →   231.0s  (61.0s)
  [ 4] V4      231.0s →   310.0s  (79.0s)
  [ 5] V5      310.0s →   373.0s  (63.0s)
  [ 6] V6      373.0s →   437.0s  (64.0s)
  [ 7] V7      437.0s →   500.0s  (63.0s)
  [ 8] V8      500.0s →   577.0s  (77.0s)
  [ 9] V9      577.0s →   670.0s  (93.0s)
  [10] V10     670.0s →   739.0s  (69.0s)
  [11] V11     739.0s →   880.0s  (141.0s)
  [12] V12     880.0s →   936.0s  (56.0s)
  [13] C       936.0s →   958.0s  (22.0s)

✓ 特征已保存: /Users/jiaxuan/Desktop/Music Project/VariVis/backend/features/WAMozart_K353_11.json

WAMozart_K353_11: 加载 WAV…
  T    1.0s–54.0s … key=A#maj r=0.77  voiced=0.73  beats=141 ✓
  V1   54.0s–114.0s … key=D#maj r=0.86  voiced=0.72  beats=124 ✓
  V2   114.0s–170.0s … key=D#maj r=0.83  voiced=0.71  beats=118 ✓
  V3   170.0s–231.0s … key=D#maj r=0.83  voiced=0.43  beats=146 ✓
  V4   231.0s–310.0s … key=D#maj r=0.90  voiced=0.84  beats=156 ✓
  V5   310.0s–373.0s … key=A#maj r=0.76  voiced=0.71  beats=123 ✓
  V6   373.0s–437.0s … key=D#maj r=0.79  voiced=0.73  beats=151 ✓
  V7   437.0s–500.0s … key=D#maj r=0.84  voiced=0.80  beats=134 ✓
  V8   500.0s–577.0s … key=D#maj r=0.82  voiced=0.75  beats=119 ✓
  V9   577.0s–670.0s … key=D#maj r=0.74  voiced=0.80  beats=136 ✓
  V10  670.0s–739.0s … key=D#maj r=0.82  voiced=0.67  beats=137 ✓
  V11  739.0s–880.0s … key=D#maj r=0.85  voiced=0.82  beats=283 ✓
  V12  880.0s–936.0s … key=D#maj r=0.84  voiced=0.62  beats=117 ✓
  C    936.0s–958.0s … key=D#maj r=0.91  voiced=0.72  beats=45 ✓
✓ 已保存: /Users/jiaxuan/Desktop/Music Project/VariVis/backend/features/WAMozart_K353_11.json
Sat Apr 25 22:42:05 AEST 2026: OK WAMozart_K353_11

============================================================
处理: WAMozart_K353_12
============================================================
曲目: Variations on "La belle Françoise",K.353
作曲: Wolfgang Amadeus Mozart
段落: ['T', 'V1', 'V2', 'V3', 'V4', 'V5', 'V6', 'V7', 'V8', 'V9', 'V10', 'V11', 'V12', 'C']  (14 段)
边界(秒): [0.0, 53.0, 113.0, 170.0, 231.0, 309.0, 372.0, 435.0, 500.0, 576.0, 671.0, 739.0, 879.0, 935.0, 957.0]

正在加载 WAV: WAMozart_K353_12.wav...
已加载: 958.8s @ 48000Hz
  [ 0] T         0.0s →    53.0s  (53.0s)
  [ 1] V1       53.0s →   113.0s  (60.0s)
  [ 2] V2      113.0s →   170.0s  (57.0s)
  [ 3] V3      170.0s →   231.0s  (61.0s)
  [ 4] V4      231.0s →   309.0s  (78.0s)
  [ 5] V5      309.0s →   372.0s  (63.0s)
  [ 6] V6      372.0s →   435.0s  (63.0s)
  [ 7] V7      435.0s →   500.0s  (65.0s)
  [ 8] V8      500.0s →   576.0s  (76.0s)
  [ 9] V9      576.0s →   671.0s  (95.0s)
  [10] V10     671.0s →   739.0s  (68.0s)
  [11] V11     739.0s →   879.0s  (140.0s)
  [12] V12     879.0s →   935.0s  (56.0s)
  [13] C       935.0s →   957.0s  (22.0s)

✓ 特征已保存: /Users/jiaxuan/Desktop/Music Project/VariVis/backend/features/WAMozart_K353_12.json

WAMozart_K353_12: 加载 WAV…
  T    0.0s–53.0s … key=A#maj r=0.78  voiced=0.68  beats=142 ✓
  V1   53.0s–113.0s … key=D#maj r=0.86  voiced=0.74  beats=135 ✓
  V2   113.0s–170.0s … key=D#maj r=0.83  voiced=0.67  beats=133 ✓
  V3   170.0s–231.0s … key=D#maj r=0.85  voiced=0.47  beats=147 ✓
  V4   231.0s–309.0s … key=D#maj r=0.90  voiced=0.84  beats=150 ✓
  V5   309.0s–372.0s … key=A#maj r=0.77  voiced=0.65  beats=91 ✓
  V6   372.0s–435.0s … key=A#maj r=0.80  voiced=0.76  beats=130 ✓
  V7   435.0s–500.0s … key=D#maj r=0.85  voiced=0.81  beats=135 ✓
  V8   500.0s–576.0s … key=D#maj r=0.83  voiced=0.74  beats=130 ✓
  V9   576.0s–671.0s … key=D#min r=0.79  voiced=0.77  beats=139 ✓
  V10  671.0s–739.0s … key=D#maj r=0.82  voiced=0.66  beats=141 ✓
  V11  739.0s–879.0s … key=D#maj r=0.87  voiced=0.84  beats=288 ✓
  V12  879.0s–935.0s … key=D#maj r=0.84  voiced=0.59  beats=119 ✓
  C    935.0s–957.0s … key=D#maj r=0.92  voiced=0.71  beats=20 ✓
✓ 已保存: /Users/jiaxuan/Desktop/Music Project/VariVis/backend/features/WAMozart_K353_12.json
Sat Apr 25 22:46:22 AEST 2026: OK WAMozart_K353_12

============================================================
处理: WAMozart_K179_1
============================================================
曲目: Variations on a Minuet by Fischer,K.179 
作曲: Wolfgang Amadeus Mozart
段落: ['T', 'V1', 'V2', 'V3', 'V4', 'V5', 'V6', 'V7', 'V8', 'V9', 'V10', 'V11', 'V12']  (13 段)
边界(秒): [7.0, 88.0, 168.0, 248.0, 321.0, 389.0, 464.0, 543.0, 627.0, 705.0, 792.0, 866.0, 1052.0, 1121.0]

正在加载 WAV: WAMozart_K179_1.wav...
已加载: 1132.7s @ 48000Hz
  [ 0] T         7.0s →    88.0s  (81.0s)
  [ 1] V1       88.0s →   168.0s  (80.0s)
  [ 2] V2      168.0s →   248.0s  (80.0s)
  [ 3] V3      248.0s →   321.0s  (73.0s)
  [ 4] V4      321.0s →   389.0s  (68.0s)
  [ 5] V5      389.0s →   464.0s  (75.0s)
  [ 6] V6      464.0s →   543.0s  (79.0s)
  [ 7] V7      543.0s →   627.0s  (84.0s)
  [ 8] V8      627.0s →   705.0s  (78.0s)
  [ 9] V9      705.0s →   792.0s  (87.0s)
  [10] V10     792.0s →   866.0s  (74.0s)
  [11] V11     866.0s →  1052.0s  (186.0s)
  [12] V12    1052.0s →  1121.0s  (69.0s)

✓ 特征已保存: /Users/jiaxuan/Desktop/Music Project/VariVis/backend/features/WAMozart_K179_1.json

WAMozart_K179_1: 加载 WAV…
  T    7.0s–88.0s … key=Cmaj r=0.74  voiced=0.74  beats=138 ✓
  V1   88.0s–168.0s … key=Cmaj r=0.88  voiced=0.74  beats=305 ✓
  V2   168.0s–248.0s … key=Cmaj r=0.95  voiced=0.78  beats=146 ✓
  V3   248.0s–321.0s … key=Cmaj r=0.90  voiced=0.76  beats=225 ✓
  V4   321.0s–389.0s … key=Cmaj r=0.64  voiced=0.76  beats=137 ✓
  V5   389.0s–464.0s … key=Cmaj r=0.85  voiced=0.68  beats=145 ✓
  V6   464.0s–543.0s … key=Cmaj r=0.83  voiced=0.66  beats=146 ✓
  V7   543.0s–627.0s … key=Cmaj r=0.91  voiced=0.80  beats=301 ✓
  V8   627.0s–705.0s … key=Cmaj r=0.86  voiced=0.77  beats=110 ✓
  V9   705.0s–792.0s … key=Cmaj r=0.88  voiced=0.59  beats=147 ✓
  V10  792.0s–866.0s … key=Cmaj r=0.87  voiced=0.76  beats=136 ✓
  V11  866.0s–1052.0s … key=Cmaj r=0.92  voiced=0.79  beats=638 ✓
  V12  1052.0s–1121.0s … key=Cmaj r=0.83  voiced=0.63  beats=148 ✓
✓ 已保存: /Users/jiaxuan/Desktop/Music Project/VariVis/backend/features/WAMozart_K179_1.json
Sat Apr 25 22:51:18 AEST 2026: OK WAMozart_K179_1

============================================================
处理: WAMozart_K179_2
============================================================
曲目: Variations on a Minuet by Fischer,K.179 
作曲: Wolfgang Amadeus Mozart
段落: ['T', 'V1', 'V2', 'V3', 'V4', 'V5', 'V6', 'V7', 'V8', 'V9', 'V10', 'V11', 'V12']  (13 段)
边界(秒): [3.0, 47.0, 86.0, 128.0, 165.0, 199.0, 239.0, 279.0, 332.0, 357.0, 383.0, 430.0, 601.0, 637.0]

正在加载 WAV: WAMozart_K179_2.wav...
已加载: 654.3s @ 48000Hz
  [ 0] T         3.0s →    47.0s  (44.0s)
  [ 1] V1       47.0s →    86.0s  (39.0s)
  [ 2] V2       86.0s →   128.0s  (42.0s)
  [ 3] V3      128.0s →   165.0s  (37.0s)
  [ 4] V4      165.0s →   199.0s  (34.0s)
  [ 5] V5      199.0s →   239.0s  (40.0s)
  [ 6] V6      239.0s →   279.0s  (40.0s)
  [ 7] V7      279.0s →   332.0s  (53.0s)
  [ 8] V8      332.0s →   357.0s  (25.0s)
  [ 9] V9      357.0s →   383.0s  (26.0s)
  [10] V10     383.0s →   430.0s  (47.0s)
  [11] V11     430.0s →   601.0s  (171.0s)
  [12] V12     601.0s →   637.0s  (36.0s)

✓ 特征已保存: /Users/jiaxuan/Desktop/Music Project/VariVis/backend/features/WAMozart_K179_2.json

WAMozart_K179_2: 加载 WAV…
  T    3.0s–47.0s … key=Cmaj r=0.87  voiced=0.85  beats=163 ✓
  V1   47.0s–86.0s … key=Cmaj r=0.94  voiced=0.79  beats=103 ✓
  V2   86.0s–128.0s … key=Cmaj r=0.85  voiced=0.78  beats=68 ✓
  V3   128.0s–165.0s … key=Cmaj r=0.96  voiced=0.76  beats=75 ✓
  V4   165.0s–199.0s … key=Gmaj r=0.73  voiced=0.70  beats=68 ✓
  V5   199.0s–239.0s … key=Cmaj r=0.80  voiced=0.70  beats=72 ✓
  V6   239.0s–279.0s … key=Cmaj r=0.83  voiced=0.70  beats=74 ✓
  V7   279.0s–332.0s … key=Cmaj r=0.90  voiced=0.71  beats=93 ✓
  V8   332.0s–357.0s … key=Cmaj r=0.76  voiced=0.70  beats=46 ✓
  V9   357.0s–383.0s … key=Cmaj r=0.85  voiced=0.49  beats=50 ✓
  V10  383.0s–430.0s … key=Cmaj r=0.82  voiced=0.68  beats=94 ✓
  V11  430.0s–601.0s … key=Cmaj r=0.94  voiced=0.86  beats=348 ✓
  V12  601.0s–637.0s … key=Cmaj r=0.91  voiced=0.61  beats=77 ✓
✓ 已保存: /Users/jiaxuan/Desktop/Music Project/VariVis/backend/features/WAMozart_K179_2.json
Sat Apr 25 22:54:07 AEST 2026: OK WAMozart_K179_2

============================================================
处理: WAMozart_K179_3
============================================================
曲目: Variations on a Minuet by Fischer,K.179 
作曲: Wolfgang Amadeus Mozart
段落: ['T', 'V1', 'V2', 'V3', 'V4', 'V5', 'V6', 'V7', 'V8', 'V9', 'V10', 'V11', 'V12']  (13 段)
边界(秒): [2.0, 75.0, 148.0, 220.0, 288.0, 347.0, 414.0, 482.0, 559.0, 635.0, 706.0, 772.0, 968.0, 1032.0]

正在加载 WAV: WAMozart_K179_3.wav...
已加载: 1036.1s @ 48000Hz
  [ 0] T         2.0s →    75.0s  (73.0s)
  [ 1] V1       75.0s →   148.0s  (73.0s)
  [ 2] V2      148.0s →   220.0s  (72.0s)
  [ 3] V3      220.0s →   288.0s  (68.0s)
  [ 4] V4      288.0s →   347.0s  (59.0s)
  [ 5] V5      347.0s →   414.0s  (67.0s)
  [ 6] V6      414.0s →   482.0s  (68.0s)
  [ 7] V7      482.0s →   559.0s  (77.0s)
  [ 8] V8      559.0s →   635.0s  (76.0s)
  [ 9] V9      635.0s →   706.0s  (71.0s)
  [10] V10     706.0s →   772.0s  (66.0s)
  [11] V11     772.0s →   968.0s  (196.0s)
  [12] V12     968.0s →  1032.0s  (64.0s)

✓ 特征已保存: /Users/jiaxuan/Desktop/Music Project/VariVis/backend/features/WAMozart_K179_3.json

WAMozart_K179_3: 加载 WAV…
  T    2.0s–75.0s … key=Gmaj r=0.72  voiced=0.63  beats=151 ✓
  V1   75.0s–148.0s … key=Cmaj r=0.77  voiced=0.58  beats=156 ✓
  V2   148.0s–220.0s … key=Cmaj r=0.81  voiced=0.68  beats=152 ✓
  V3   220.0s–288.0s … key=Cmaj r=0.74  voiced=0.64  beats=146 ✓
  V4   288.0s–347.0s … key=Gmaj r=0.66  voiced=0.61  beats=152 ✓
  V5   347.0s–414.0s … key=Gmaj r=0.80  voiced=0.53  beats=149 ✓
  V6   414.0s–482.0s … key=Gmaj r=0.77  voiced=0.54  beats=151 ✓
  V7   482.0s–559.0s … key=Cmaj r=0.77  voiced=0.72  beats=155 ✓
  V8   559.0s–635.0s … key=Gmaj r=0.74  voiced=0.72  beats=152 ✓
  V9   635.0s–706.0s … key=Gmaj r=0.77  voiced=0.44  beats=153 ✓
  V10  706.0s–772.0s … key=Gmaj r=0.78  voiced=0.70  beats=150 ✓
  V11  772.0s–968.0s … key=Gmaj r=0.77  voiced=0.80  beats=672 ✓
  V12  968.0s–1032.0s … key=Gmaj r=0.78  voiced=0.40  beats=159 ✓
✓ 已保存: /Users/jiaxuan/Desktop/Music Project/VariVis/backend/features/WAMozart_K179_3.json
Sat Apr 25 22:58:45 AEST 2026: OK WAMozart_K179_3

============================================================
处理: WAMozart_K179_4
============================================================
曲目: Variations on a Minuet by Fischer,K.179 
作曲: Wolfgang Amadeus Mozart
段落: ['T', 'V1', 'V2', 'V3', 'V4', 'V5', 'V6', 'V7', 'V8', 'V9', 'V10', 'V11', 'V12']  (13 段)
边界(秒): [57.0, 97.0, 133.0, 172.0, 211.0, 244.0, 284.0, 320.0, 364.0, 403.0, 431.0, 479.0, 632.0, 668.0]

正在加载 WAV: WAMozart_K179_4.wav...
已加载: 684.5s @ 48000Hz
  [ 0] T        57.0s →    97.0s  (40.0s)
  [ 1] V1       97.0s →   133.0s  (36.0s)
  [ 2] V2      133.0s →   172.0s  (39.0s)
  [ 3] V3      172.0s →   211.0s  (39.0s)
  [ 4] V4      211.0s →   244.0s  (33.0s)
  [ 5] V5      244.0s →   284.0s  (40.0s)
  [ 6] V6      284.0s →   320.0s  (36.0s)
  [ 7] V7      320.0s →   364.0s  (44.0s)
  [ 8] V8      364.0s →   403.0s  (39.0s)
  [ 9] V9      403.0s →   431.0s  (28.0s)
  [10] V10     431.0s →   479.0s  (48.0s)
  [11] V11     479.0s →   632.0s  (153.0s)
  [12] V12     632.0s →   668.0s  (36.0s)

✓ 特征已保存: /Users/jiaxuan/Desktop/Music Project/VariVis/backend/features/WAMozart_K179_4.json

WAMozart_K179_4: 加载 WAV…
  T    57.0s–97.0s … key=Cmaj r=0.73  voiced=0.76  beats=159 ✓
  V1   97.0s–133.0s … key=Cmaj r=0.87  voiced=0.70  beats=78 ✓
  V2   133.0s–172.0s … key=Cmaj r=0.84  voiced=0.78  beats=63 ✓
  V3   172.0s–211.0s … key=Cmaj r=0.94  voiced=0.76  beats=78 ✓
  V4   211.0s–244.0s … key=Cmaj r=0.75  voiced=0.69  beats=75 ✓
  V5   244.0s–284.0s … key=Cmaj r=0.81  voiced=0.69  beats=75 ✓
  V6   284.0s–320.0s … key=Cmaj r=0.80  voiced=0.70  beats=74 ✓
  V7   320.0s–364.0s … key=Cmaj r=0.81  voiced=0.81  beats=147 ✓
  V8   364.0s–403.0s … key=Cmaj r=0.82  voiced=0.79  beats=45 ✓
  V9   403.0s–431.0s … key=Cmaj r=0.84  voiced=0.58  beats=54 ✓
  V10  431.0s–479.0s … key=Cmaj r=0.83  voiced=0.71  beats=92 ✓
  V11  479.0s–632.0s … key=Cmaj r=0.91  voiced=0.83  beats=176 ✓
  V12  632.0s–668.0s … key=Cmaj r=0.81  voiced=0.54  beats=74 ✓
✓ 已保存: /Users/jiaxuan/Desktop/Music Project/VariVis/backend/features/WAMozart_K179_4.json
Sat Apr 25 23:01:32 AEST 2026: OK WAMozart_K179_4

============================================================
处理: WAMozart_K179_5
============================================================
曲目: Variations on a Minuet by Fischer,K.179 
作曲: Wolfgang Amadeus Mozart
段落: ['T', 'V1', 'V2', 'V3', 'V4', 'V5', 'V6', 'V7', 'V8', 'V9', 'V10', 'V11', 'V12']  (13 段)
边界(秒): [3.0, 45.0, 83.0, 126.0, 165.0, 197.0, 241.0, 282.0, 326.0, 370.0, 400.0, 455.0, 668.0, 702.0]

正在加载 WAV: WAMozart_K179_5.wav...
已加载: 705.1s @ 48000Hz
  [ 0] T         3.0s →    45.0s  (42.0s)
  [ 1] V1       45.0s →    83.0s  (38.0s)
  [ 2] V2       83.0s →   126.0s  (43.0s)
  [ 3] V3      126.0s →   165.0s  (39.0s)
  [ 4] V4      165.0s →   197.0s  (32.0s)
  [ 5] V5      197.0s →   241.0s  (44.0s)
  [ 6] V6      241.0s →   282.0s  (41.0s)
  [ 7] V7      282.0s →   326.0s  (44.0s)
  [ 8] V8      326.0s →   370.0s  (44.0s)
  [ 9] V9      370.0s →   400.0s  (30.0s)
  [10] V10     400.0s →   455.0s  (55.0s)
  [11] V11     455.0s →   668.0s  (213.0s)
  [12] V12     668.0s →   702.0s  (34.0s)

✓ 特征已保存: /Users/jiaxuan/Desktop/Music Project/VariVis/backend/features/WAMozart_K179_5.json

WAMozart_K179_5: 加载 WAV…
  T    3.0s–45.0s … key=Cmaj r=0.83  voiced=0.74  beats=137 ✓
  V1   45.0s–83.0s … key=Cmaj r=0.91  voiced=0.74  beats=79 ✓
  V2   83.0s–126.0s … key=Cmaj r=0.88  voiced=0.79  beats=67 ✓
  V3   126.0s–165.0s … key=Cmaj r=0.90  voiced=0.71  beats=61 ✓
  V4   165.0s–197.0s … key=Cmaj r=0.79  voiced=0.67  beats=75 ✓
  V5   197.0s–241.0s … key=Cmaj r=0.81  voiced=0.71  beats=69 ✓
  V6   241.0s–282.0s … key=Cmaj r=0.84  voiced=0.68  beats=76 ✓
  V7   282.0s–326.0s … key=Cmaj r=0.86  voiced=0.80  beats=143 ✓
  V8   326.0s–370.0s … key=Cmaj r=0.84  voiced=0.83  beats=68 ✓
  V9   370.0s–400.0s … key=Cmaj r=0.88  voiced=0.59  beats=47 ✓
  V10  400.0s–455.0s … key=Cmaj r=0.85  voiced=0.71  beats=89 ✓
  V11  455.0s–668.0s … key=Cmaj r=0.93  voiced=0.81  beats=692 ✓
  V12  668.0s–702.0s … key=Cmaj r=0.81  voiced=0.56  beats=77 ✓
✓ 已保存: /Users/jiaxuan/Desktop/Music Project/VariVis/backend/features/WAMozart_K179_5.json
Sat Apr 25 23:04:35 AEST 2026: OK WAMozart_K179_5

============================================================
处理: WAMozart_K179_6
============================================================
曲目: Variations on a Minuet by Fischer,K.179 
作曲: Wolfgang Amadeus Mozart
段落: ['T', 'V1', 'V2', 'V3', 'V4', 'V5', 'V6', 'V7', 'V8', 'V9', 'V10', 'V11', 'V12']  (13 段)
边界(秒): [1.0, 84.0, 170.0, 255.0, 335.0, 403.0, 487.0, 567.0, 648.0, 735.0, 816.0, 901.0, 1177.0, 1246.0]

正在加载 WAV: WAMozart_K179_6.wav...
已加载: 1258.0s @ 48000Hz
  [ 0] T         1.0s →    84.0s  (83.0s)
  [ 1] V1       84.0s →   170.0s  (86.0s)
  [ 2] V2      170.0s →   255.0s  (85.0s)
  [ 3] V3      255.0s →   335.0s  (80.0s)
  [ 4] V4      335.0s →   403.0s  (68.0s)
  [ 5] V5      403.0s →   487.0s  (84.0s)
  [ 6] V6      487.0s →   567.0s  (80.0s)
  [ 7] V7      567.0s →   648.0s  (81.0s)
  [ 8] V8      648.0s →   735.0s  (87.0s)
  [ 9] V9      735.0s →   816.0s  (81.0s)
  [10] V10     816.0s →   901.0s  (85.0s)
  [11] V11     901.0s →  1177.0s  (276.0s)
  [12] V12    1177.0s →  1246.0s  (69.0s)

✓ 特征已保存: /Users/jiaxuan/Desktop/Music Project/VariVis/backend/features/WAMozart_K179_6.json

WAMozart_K179_6: 加载 WAV…
  T    1.0s–84.0s … key=Cmaj r=0.76  voiced=0.75  beats=142 ✓
  V1   84.0s–170.0s … key=Cmaj r=0.84  voiced=0.76  beats=150 ✓
  V2   170.0s–255.0s … key=Cmaj r=0.85  voiced=0.83  beats=277 ✓
  V3   255.0s–335.0s … key=Cmaj r=0.84  voiced=0.74  beats=222 ✓
  V4   335.0s–403.0s … key=Cmaj r=0.72  voiced=0.77  beats=123 ✓
  V5   403.0s–487.0s … key=Cmaj r=0.82  voiced=0.69  beats=254 ✓
  V6   487.0s–567.0s … key=Cmaj r=0.80  voiced=0.67  beats=147 ✓
  V7   567.0s–648.0s … key=Cmaj r=0.87  voiced=0.82  beats=143 ✓
  V8   648.0s–735.0s … key=Cmaj r=0.83  voiced=0.83  beats=139 ✓
  V9   735.0s–816.0s … key=Cmaj r=0.86  voiced=0.53  beats=146 ✓
  V10  816.0s–901.0s … key=Cmaj r=0.86  voiced=0.79  beats=294 ✓
  V11  901.0s–1177.0s … key=Cmaj r=0.82  voiced=0.82  beats=664 ✓
  V12  1177.0s–1246.0s … key=Cmaj r=0.79  voiced=0.64  beats=148 ✓
✓ 已保存: /Users/jiaxuan/Desktop/Music Project/VariVis/backend/features/WAMozart_K179_6.json
Sat Apr 25 23:09:54 AEST 2026: OK WAMozart_K179_6

============================================================
处理: WAMozart_K179_7
============================================================
曲目: Variations on a Minuet by Fischer,K.179 
作曲: Wolfgang Amadeus Mozart
段落: ['T', 'V1', 'V2', 'V3', 'V4', 'V5', 'V6', 'V7', 'V8', 'V9', 'V10', 'V11', 'V12']  (13 段)
边界(秒): [1.0, 39.0, 76.0, 117.0, 152.0, 187.0, 225.0, 268.0, 342.0, 380.0, 415.0, 458.0, 554.0, 597.0]

正在加载 WAV: WAMozart_K179_7.wav...
已加载: 1281.9s @ 48000Hz
  [ 0] T         1.0s →    39.0s  (38.0s)
  [ 1] V1       39.0s →    76.0s  (37.0s)
  [ 2] V2       76.0s →   117.0s  (41.0s)
  [ 3] V3      117.0s →   152.0s  (35.0s)
  [ 4] V4      152.0s →   187.0s  (35.0s)
  [ 5] V5      187.0s →   225.0s  (38.0s)
  [ 6] V6      225.0s →   268.0s  (43.0s)
  [ 7] V7      268.0s →   342.0s  (74.0s)
  [ 8] V8      342.0s →   380.0s  (38.0s)
  [ 9] V9      380.0s →   415.0s  (35.0s)
  [10] V10     415.0s →   458.0s  (43.0s)
  [11] V11     458.0s →   554.0s  (96.0s)
  [12] V12     554.0s →   597.0s  (43.0s)

✓ 特征已保存: /Users/jiaxuan/Desktop/Music Project/VariVis/backend/features/WAMozart_K179_7.json

WAMozart_K179_7: 加载 WAV…
  T    1.0s–39.0s … key=Cmaj r=0.83  voiced=0.78  beats=76 ✓
  V1   39.0s–76.0s … key=Cmaj r=0.82  voiced=0.79  beats=73 ✓
  V2   76.0s–117.0s … key=Cmaj r=0.92  voiced=0.83  beats=80 ✓
  V3   117.0s–152.0s … key=Cmaj r=0.91  voiced=0.84  beats=75 ✓
  V4   152.0s–187.0s … key=Cmaj r=0.87  voiced=0.77  beats=69 ✓
  V5   187.0s–225.0s … key=Cmaj r=0.92  voiced=0.83  beats=72 ✓
  V6   225.0s–268.0s … key=Cmaj r=0.89  voiced=0.78  beats=79 ✓
  V7   268.0s–342.0s … key=Cmaj r=0.86  voiced=0.84  beats=205 ✓
  V8   342.0s–380.0s … key=Cmaj r=0.67  voiced=0.76  beats=92 ✓
  V9   380.0s–415.0s … key=Cmaj r=0.79  voiced=0.74  beats=80 ✓
  V10  415.0s–458.0s … key=Cmaj r=0.93  voiced=0.76  beats=84 ✓
  V11  458.0s–554.0s … key=Cmaj r=0.87  voiced=0.82  beats=246 ✓
  V12  554.0s–597.0s … key=Cmaj r=0.85  voiced=0.86  beats=116 ✓
✓ 已保存: /Users/jiaxuan/Desktop/Music Project/VariVis/backend/features/WAMozart_K179_7.json
Sat Apr 25 23:12:34 AEST 2026: OK WAMozart_K179_7
/Users/jiaxuan/Desktop/Music Project/VariVis/backend/.venv/lib/python3.11/site-packages/librosa/core/spectrum.py:266: UserWarning: n_fft=2048 is too large for input signal of length=0
  warnings.warn(
/Users/jiaxuan/Desktop/Music Project/VariVis/backend/.venv/lib/python3.11/site-packages/librosa/core/pitch.py:103: UserWarning: Trying to estimate tuning from empty frequency set.
  return pitch_tuning(

============================================================
处理: WAMozart_K179_8
============================================================
曲目: Variations on a Minuet by Fischer,K.179 
作曲: Wolfgang Amadeus Mozart
段落: ['T', 'V1', 'V2', 'V3', 'V4', 'V5', 'V6', 'V7', 'V8', 'V9', 'V10', 'V11', 'V12']  (13 段)
边界(秒): [1.0, 82.0, 154.0, 226.0, 310.0, 378.0, 461.0, 558.0, 636.0, 733.0, 805.0, 881.0, 1063.0, 1136.0]

正在加载 WAV: WAMozart_K179_8.wav...
已加载: 605.1s @ 48000Hz
  [ 0] T         1.0s →    82.0s  (81.0s)
  [ 1] V1       82.0s →   154.0s  (72.0s)
  [ 2] V2      154.0s →   226.0s  (72.0s)
  [ 3] V3      226.0s →   310.0s  (84.0s)
  [ 4] V4      310.0s →   378.0s  (68.0s)
  [ 5] V5      378.0s →   461.0s  (83.0s)
  [ 6] V6      461.0s →   558.0s  (97.0s)
  [ 7] V7      558.0s →   636.0s  (78.0s)
  [ 8] V8      636.0s →   733.0s  (97.0s)  ⚠ 时长过短(97.00s)，特征可能不稳定
Traceback (most recent call last):
  File "/Users/jiaxuan/Desktop/Music Project/VariVis/backend/extract_features.py", line 541, in <module>
    main()
  File "/Users/jiaxuan/Desktop/Music Project/VariVis/backend/extract_features.py", line 529, in main
    data = process_file(args.target, args.frames, args.sr)
           ^^^^^^^^^^^^^^^^^^^^^^^^^^^^^^^^^^^^^^^^^^^^^^^
  File "/Users/jiaxuan/Desktop/Music Project/VariVis/backend/extract_features.py", line 429, in process_file
    feats = extract_segment_features(y_seg, sr, label, compressed_frames)
            ^^^^^^^^^^^^^^^^^^^^^^^^^^^^^^^^^^^^^^^^^^^^^^^^^^^^^^^^^^^^^
  File "/Users/jiaxuan/Desktop/Music Project/VariVis/backend/extract_features.py", line 172, in extract_segment_features
    chroma_cqt = librosa.feature.chroma_cqt(y=y, sr=sr, bins_per_octave=36)
                 ^^^^^^^^^^^^^^^^^^^^^^^^^^^^^^^^^^^^^^^^^^^^^^^^^^^^^^^^^^
  File "/Users/jiaxuan/Desktop/Music Project/VariVis/backend/.venv/lib/python3.11/site-packages/librosa/feature/spectral.py", line 1388, in chroma_cqt
    cqt_func[cqt_mode](
  File "/Users/jiaxuan/Desktop/Music Project/VariVis/backend/.venv/lib/python3.11/site-packages/librosa/core/constantq.py", line 171, in cqt
    return vqt(
           ^^^^
  File "/Users/jiaxuan/Desktop/Music Project/VariVis/backend/.venv/lib/python3.11/site-packages/librosa/core/constantq.py", line 980, in vqt
    y, sr, hop_length = __early_downsample(
                        ^^^^^^^^^^^^^^^^^^^
  File "/Users/jiaxuan/Desktop/Music Project/VariVis/backend/.venv/lib/python3.11/site-packages/librosa/core/constantq.py", line 1173, in __early_downsample
    raise ParameterError(
librosa.util.exceptions.ParameterError: Input signal length=0 is too short for 7-octave CQT
Sat Apr 25 23:14:02 AEST 2026: FAIL extract WAMozart_K179_8

============================================================
处理: WAMozart_K573_1
============================================================
曲目: Mozart - Variations on a Minuet by Duport,K.573
作曲: Wolfgang Amadeus Mozart
段落: ['T', 'V1', 'V2', 'V3', 'V4', 'V5', 'V6', 'V7', 'V8', 'V9', 'C']  (11 段)
边界(秒): [7.0, 77.0, 142.0, 211.0, 281.0, 353.0, 437.0, 538.0, 608.0, 715.0, 762.0]

正在加载 WAV: WAMozart_K573_1.wav...
已加载: 835.5s @ 48000Hz
Traceback (most recent call last):
  File "/Users/jiaxuan/Desktop/Music Project/VariVis/backend/extract_features.py", line 541, in <module>
    main()
  File "/Users/jiaxuan/Desktop/Music Project/VariVis/backend/extract_features.py", line 529, in main
    data = process_file(args.target, args.frames, args.sr)
           ^^^^^^^^^^^^^^^^^^^^^^^^^^^^^^^^^^^^^^^^^^^^^^^
  File "/Users/jiaxuan/Desktop/Music Project/VariVis/backend/extract_features.py", line 406, in process_file
    raise ValueError(
ValueError: boundary数量(11)应等于label数量(11)+1
Sat Apr 25 23:14:05 AEST 2026: FAIL extract WAMozart_K573_1

============================================================
处理: WAMozart_K573_2
============================================================
曲目: Mozart - Variations on a Minuet by Duport,K.573
作曲: Wolfgang Amadeus Mozart
段落: ['T', 'V1', 'V2', 'V3', 'V4', 'V5', 'V6', 'V7', 'V8', 'V9', 'C']  (11 段)
边界(秒): [3.0, 38.0, 72.0, 104.0, 140.0, 179.0, 221.0, 272.0, 304.0, 393.0, 470.0]

正在加载 WAV: WAMozart_K573_2.wav...
已加载: 472.7s @ 48000Hz
Traceback (most recent call last):
  File "/Users/jiaxuan/Desktop/Music Project/VariVis/backend/extract_features.py", line 541, in <module>
    main()
  File "/Users/jiaxuan/Desktop/Music Project/VariVis/backend/extract_features.py", line 529, in main
    data = process_file(args.target, args.frames, args.sr)
           ^^^^^^^^^^^^^^^^^^^^^^^^^^^^^^^^^^^^^^^^^^^^^^^
  File "/Users/jiaxuan/Desktop/Music Project/VariVis/backend/extract_features.py", line 406, in process_file
    raise ValueError(
ValueError: boundary数量(11)应等于label数量(11)+1
Sat Apr 25 23:14:07 AEST 2026: FAIL extract WAMozart_K573_2

============================================================
处理: WAMozart_K573_3
============================================================
曲目: Mozart - Variations on a Minuet by Duport,K.573
作曲: Wolfgang Amadeus Mozart
段落: ['T', 'V1', 'V2', 'V3', 'V4', 'V5', 'V6', 'V7', 'V8', 'V9', 'C']  (11 段)
边界(秒): [3.0, 75.0, 107.0, 142.0, 178.0, 216.0, 259.0, 315.0, 346.0, 454.0, 545.0]

正在加载 WAV: WAMozart_K573_3.wav...
已加载: 556.5s @ 48000Hz
Traceback (most recent call last):
  File "/Users/jiaxuan/Desktop/Music Project/VariVis/backend/extract_features.py", line 541, in <module>
    main()
  File "/Users/jiaxuan/Desktop/Music Project/VariVis/backend/extract_features.py", line 529, in main
    data = process_file(args.target, args.frames, args.sr)
           ^^^^^^^^^^^^^^^^^^^^^^^^^^^^^^^^^^^^^^^^^^^^^^^
  File "/Users/jiaxuan/Desktop/Music Project/VariVis/backend/extract_features.py", line 406, in process_file
    raise ValueError(
ValueError: boundary数量(11)应等于label数量(11)+1
Sat Apr 25 23:14:10 AEST 2026: FAIL extract WAMozart_K573_3

============================================================
处理: WAMozart_K573_4
============================================================
曲目: Mozart - Variations on a Minuet by Duport,K.573
作曲: Wolfgang Amadeus Mozart
段落: ['T', 'V1', 'V2', 'V3', 'V4', 'V5', 'V6', 'V7', 'V8', 'V9', 'C']  (11 段)
边界(秒): [1.0, 35.0, 69.0, 104.0, 142.0, 182.0, 224.0, 281.0, 315.0, 414.0, 509.0]

正在加载 WAV: WAMozart_K573_4.wav...
已加载: 511.8s @ 48000Hz
Traceback (most recent call last):
  File "/Users/jiaxuan/Desktop/Music Project/VariVis/backend/extract_features.py", line 541, in <module>
    main()
  File "/Users/jiaxuan/Desktop/Music Project/VariVis/backend/extract_features.py", line 529, in main
    data = process_file(args.target, args.frames, args.sr)
           ^^^^^^^^^^^^^^^^^^^^^^^^^^^^^^^^^^^^^^^^^^^^^^^
  File "/Users/jiaxuan/Desktop/Music Project/VariVis/backend/extract_features.py", line 406, in process_file
    raise ValueError(
ValueError: boundary数量(11)应等于label数量(11)+1
Sat Apr 25 23:14:12 AEST 2026: FAIL extract WAMozart_K573_4

============================================================
处理: WAMozart_K573_5
============================================================
曲目: Mozart - Variations on a Minuet by Duport,K.573
作曲: Wolfgang Amadeus Mozart
段落: ['T', 'V1', 'V2', 'V3', 'V4', 'V5', 'V6', 'V7', 'V8', 'V9', 'C']  (11 段)
边界(秒): [1.0, 76.0, 144.0, 216.0, 296.0, 374.0, 463.0, 583.0, 646.0, 740.0, 844.0]

正在加载 WAV: WAMozart_K573_5.wav...
已加载: 849.0s @ 48000Hz
Traceback (most recent call last):
  File "/Users/jiaxuan/Desktop/Music Project/VariVis/backend/extract_features.py", line 541, in <module>
    main()
  File "/Users/jiaxuan/Desktop/Music Project/VariVis/backend/extract_features.py", line 529, in main
    data = process_file(args.target, args.frames, args.sr)
           ^^^^^^^^^^^^^^^^^^^^^^^^^^^^^^^^^^^^^^^^^^^^^^^
  File "/Users/jiaxuan/Desktop/Music Project/VariVis/backend/extract_features.py", line 406, in process_file
    raise ValueError(
ValueError: boundary数量(11)应等于label数量(11)+1
Sat Apr 25 23:14:15 AEST 2026: FAIL extract WAMozart_K573_5

============================================================
处理: WAMozart_K573_6
============================================================
曲目: Mozart - Variations on a Minuet by Duport,K.573
作曲: Wolfgang Amadeus Mozart
段落: ['T', 'V1', 'V2', 'V3', 'V4', 'V5', 'V6', 'V7', 'V8', 'V9', 'C']  (11 段)
边界(秒): [1.0, 80.0, 142.0, 204.0, 268.0, 328.0, 402.0, 519.0, 580.0, 668.0, 769.0]

正在加载 WAV: WAMozart_K573_6.wav...
已加载: 775.3s @ 48000Hz
Traceback (most recent call last):
  File "/Users/jiaxuan/Desktop/Music Project/VariVis/backend/extract_features.py", line 541, in <module>
    main()
  File "/Users/jiaxuan/Desktop/Music Project/VariVis/backend/extract_features.py", line 529, in main
    data = process_file(args.target, args.frames, args.sr)
           ^^^^^^^^^^^^^^^^^^^^^^^^^^^^^^^^^^^^^^^^^^^^^^^
  File "/Users/jiaxuan/Desktop/Music Project/VariVis/backend/extract_features.py", line 406, in process_file
    raise ValueError(
ValueError: boundary数量(11)应等于label数量(11)+1
Sat Apr 25 23:14:17 AEST 2026: FAIL extract WAMozart_K573_6

============================================================
处理: WAMozart_K573_7
============================================================
曲目: Mozart - Variations on a Minuet by Duport,K.573
作曲: Wolfgang Amadeus Mozart
段落: ['T', 'V1', 'V2', 'V3', 'V4', 'V5', 'V6', 'V7', 'V8', 'V9', 'C']  (11 段)
边界(秒): [1.0, 84.0, 148.0, 213.0, 279.0, 341.0, 417.0, 538.0, 603.0, 694.0, 798.0]

正在加载 WAV: WAMozart_K573_7.wav...
已加载: 807.1s @ 48000Hz
Traceback (most recent call last):
  File "/Users/jiaxuan/Desktop/Music Project/VariVis/backend/extract_features.py", line 541, in <module>
    main()
  File "/Users/jiaxuan/Desktop/Music Project/VariVis/backend/extract_features.py", line 529, in main
    data = process_file(args.target, args.frames, args.sr)
           ^^^^^^^^^^^^^^^^^^^^^^^^^^^^^^^^^^^^^^^^^^^^^^^
  File "/Users/jiaxuan/Desktop/Music Project/VariVis/backend/extract_features.py", line 406, in process_file
    raise ValueError(
ValueError: boundary数量(11)应等于label数量(11)+1
Sat Apr 25 23:14:20 AEST 2026: FAIL extract WAMozart_K573_7

============================================================
处理: WAMozart_K573_8
============================================================
曲目: Mozart - Variations on a Minuet by Duport,K.573
作曲: Wolfgang Amadeus Mozart
段落: ['T', 'V1', 'V2', 'V3', 'V4', 'V5', 'V6', 'V7', 'V8', 'V9', 'C']  (11 段)
边界(秒): [8.0, 87.0, 154.0, 221.0, 293.0, 363.0, 463.0, 588.0, 654.0, 784.0, 899.0]

正在加载 WAV: WAMozart_K573_8.wav...
已加载: 902.5s @ 48000Hz
Traceback (most recent call last):
  File "/Users/jiaxuan/Desktop/Music Project/VariVis/backend/extract_features.py", line 541, in <module>
    main()
  File "/Users/jiaxuan/Desktop/Music Project/VariVis/backend/extract_features.py", line 529, in main
    data = process_file(args.target, args.frames, args.sr)
           ^^^^^^^^^^^^^^^^^^^^^^^^^^^^^^^^^^^^^^^^^^^^^^^
  File "/Users/jiaxuan/Desktop/Music Project/VariVis/backend/extract_features.py", line 406, in process_file
    raise ValueError(
ValueError: boundary数量(11)应等于label数量(11)+1
Sat Apr 25 23:14:23 AEST 2026: FAIL extract WAMozart_K573_8

============================================================
处理: WAMozart_K573_9
============================================================
曲目: Mozart - Variations on a Minuet by Duport,K.573
作曲: Wolfgang Amadeus Mozart
段落: ['T', 'V1', 'V2', 'V3', 'V4', 'V5', 'V6', 'V7', 'V8', 'V9', 'C']  (11 段)
边界(秒): [9.0, 86.0, 156.0, 229.0, 305.0, 382.0, 459.0, 591.0, 659.0, 765.0, 869.0]

正在加载 WAV: WAMozart_K573_9.wav...
已加载: 872.7s @ 48000Hz
Traceback (most recent call last):
  File "/Users/jiaxuan/Desktop/Music Project/VariVis/backend/extract_features.py", line 541, in <module>
    main()
  File "/Users/jiaxuan/Desktop/Music Project/VariVis/backend/extract_features.py", line 529, in main
    data = process_file(args.target, args.frames, args.sr)
           ^^^^^^^^^^^^^^^^^^^^^^^^^^^^^^^^^^^^^^^^^^^^^^^
  File "/Users/jiaxuan/Desktop/Music Project/VariVis/backend/extract_features.py", line 406, in process_file
    raise ValueError(
ValueError: boundary数量(11)应等于label数量(11)+1
Sat Apr 25 23:14:26 AEST 2026: FAIL extract WAMozart_K573_9

============================================================
处理: WAMozart_K573_10
============================================================
曲目: Mozart - Variations on a Minuet by Duport,K.573
作曲: Wolfgang Amadeus Mozart
段落: ['T', 'V1', 'V2', 'V3', 'V4', 'V5', 'V6', 'V7', 'V8', 'V9', 'C']  (11 段)
边界(秒): [1.0, 77.0, 152.0, 230.0, 310.0, 390.0, 469.0, 564.0, 634.0, 728.0, 824.0]

正在加载 WAV: WAMozart_K573_10.wav...
已加载: 828.0s @ 48000Hz
Traceback (most recent call last):
  File "/Users/jiaxuan/Desktop/Music Project/VariVis/backend/extract_features.py", line 541, in <module>
    main()
  File "/Users/jiaxuan/Desktop/Music Project/VariVis/backend/extract_features.py", line 529, in main
    data = process_file(args.target, args.frames, args.sr)
           ^^^^^^^^^^^^^^^^^^^^^^^^^^^^^^^^^^^^^^^^^^^^^^^
  File "/Users/jiaxuan/Desktop/Music Project/VariVis/backend/extract_features.py", line 406, in process_file
    raise ValueError(
ValueError: boundary数量(11)应等于label数量(11)+1
Sat Apr 25 23:14:29 AEST 2026: FAIL extract WAMozart_K573_10

============================================================
处理: WAMozart_K573_11
============================================================
曲目: Mozart - Variations on a Minuet by Duport,K.573
作曲: Wolfgang Amadeus Mozart
段落: ['T', 'V1', 'V2', 'V3', 'V4', 'V5', 'V6', 'V7', 'V8', 'V9', 'C']  (11 段)
边界(秒): [3.0, 78.0, 149.0, 222.0, 300.0, 382.0, 464.0, 543.0, 613.0, 726.0, 838.0]

正在加载 WAV: WAMozart_K573_11.wav...
已加载: 841.2s @ 48000Hz
Traceback (most recent call last):
  File "/Users/jiaxuan/Desktop/Music Project/VariVis/backend/extract_features.py", line 541, in <module>
    main()
  File "/Users/jiaxuan/Desktop/Music Project/VariVis/backend/extract_features.py", line 529, in main
    data = process_file(args.target, args.frames, args.sr)
           ^^^^^^^^^^^^^^^^^^^^^^^^^^^^^^^^^^^^^^^^^^^^^^^
  File "/Users/jiaxuan/Desktop/Music Project/VariVis/backend/extract_features.py", line 406, in process_file
    raise ValueError(
ValueError: boundary数量(11)应等于label数量(11)+1
Sat Apr 25 23:14:32 AEST 2026: FAIL extract WAMozart_K573_11

============================================================
处理: WAMozart_K573_12
============================================================
曲目: Mozart - Variations on a Minuet by Duport,K.573
作曲: Wolfgang Amadeus Mozart
段落: ['T', 'V1', 'V2', 'V3', 'V4', 'V5', 'V6', 'V7', 'V8', 'V9', 'C']  (11 段)
边界(秒): [1.0, 72.0, 137.0, 206.0, 275.0, 344.0, 424.0, 539.0, 607.0, 731.0, 838.0]

正在加载 WAV: WAMozart_K573_12.wav...
已加载: 842.3s @ 48000Hz
Traceback (most recent call last):
  File "/Users/jiaxuan/Desktop/Music Project/VariVis/backend/extract_features.py", line 541, in <module>
    main()
  File "/Users/jiaxuan/Desktop/Music Project/VariVis/backend/extract_features.py", line 529, in main
    data = process_file(args.target, args.frames, args.sr)
           ^^^^^^^^^^^^^^^^^^^^^^^^^^^^^^^^^^^^^^^^^^^^^^^
  File "/Users/jiaxuan/Desktop/Music Project/VariVis/backend/extract_features.py", line 406, in process_file
    raise ValueError(
ValueError: boundary数量(11)应等于label数量(11)+1
Sat Apr 25 23:14:34 AEST 2026: FAIL extract WAMozart_K573_12

============================================================
处理: WAMozart_K573_13
============================================================
曲目: Mozart - Variations on a Minuet by Duport,K.573
作曲: Wolfgang Amadeus Mozart
段落: ['T', 'V1', 'V2', 'V3', 'V4', 'V5', 'V6', 'V7', 'V8', 'V9', 'C']  (11 段)
边界(秒): [6.0, 42.0, 76.0, 113.0, 149.0, 185.0, 230.0, 284.0, 316.0, 415.0, 490.0]

正在加载 WAV: WAMozart_K573_13.wav...
已加载: 505.7s @ 48000Hz
Traceback (most recent call last):
  File "/Users/jiaxuan/Desktop/Music Project/VariVis/backend/extract_features.py", line 541, in <module>
    main()
  File "/Users/jiaxuan/Desktop/Music Project/VariVis/backend/extract_features.py", line 529, in main
    data = process_file(args.target, args.frames, args.sr)
           ^^^^^^^^^^^^^^^^^^^^^^^^^^^^^^^^^^^^^^^^^^^^^^^
  File "/Users/jiaxuan/Desktop/Music Project/VariVis/backend/extract_features.py", line 406, in process_file
    raise ValueError(
ValueError: boundary数量(11)应等于label数量(11)+1
Sat Apr 25 23:14:37 AEST 2026: FAIL extract WAMozart_K573_13

============================================================
处理: WAMozart_K25_1
============================================================
曲目: KV 25 - Variations for keyboard on ＂Willem van Nassau＂ in D major
作曲: Wolfgang Amadeus Mozart
段落: ['T', 'V1', 'V2', 'V3', 'V4', 'V5', 'V6', 'V7']  (8 段)
边界(秒): [2.0, 40.0, 76.0, 109.0, 147.0, 187.0, 281.0, 320.0, 360.0]

正在加载 WAV: WAMozart_K25_1.wav...
已加载: 363.5s @ 48000Hz
  [ 0] T         2.0s →    40.0s  (38.0s)
  [ 1] V1       40.0s →    76.0s  (36.0s)
  [ 2] V2       76.0s →   109.0s  (33.0s)
  [ 3] V3      109.0s →   147.0s  (38.0s)
  [ 4] V4      147.0s →   187.0s  (40.0s)
  [ 5] V5      187.0s →   281.0s  (94.0s)
  [ 6] V6      281.0s →   320.0s  (39.0s)
  [ 7] V7      320.0s →   360.0s  (40.0s)

✓ 特征已保存: /Users/jiaxuan/Desktop/Music Project/VariVis/backend/features/WAMozart_K25_1.json

WAMozart_K25_1: 加载 WAV…
  T    2.0s–40.0s … key=Dmaj r=0.75  voiced=0.75  beats=96 ✓
  V1   40.0s–76.0s … key=Dmaj r=0.69  voiced=0.66  beats=95 ✓
  V2   76.0s–109.0s … key=Amaj r=0.64  voiced=0.60  beats=97 ✓
  V3   109.0s–147.0s … key=Amaj r=0.74  voiced=0.67  beats=93 ✓
  V4   147.0s–187.0s … key=Dmaj r=0.79  voiced=0.60  beats=96 ✓
  V5   187.0s–281.0s … key=Dmaj r=0.77  voiced=0.79  beats=242 ✓
  V6   281.0s–320.0s … key=Dmaj r=0.76  voiced=0.66  beats=102 ✓
  V7   320.0s–360.0s … key=Amaj r=0.73  voiced=0.65  beats=96 ✓
✓ 已保存: /Users/jiaxuan/Desktop/Music Project/VariVis/backend/features/WAMozart_K25_1.json
Sat Apr 25 23:16:16 AEST 2026: OK WAMozart_K25_1

============================================================
处理: WAMozart_K25_2
============================================================
曲目: KV 25 - Variations for keyboard on ＂Willem van Nassau＂ in D major
作曲: Wolfgang Amadeus Mozart
段落: ['T', 'V1', 'V2', 'V3', 'V4', 'V5', 'V6', 'V7']  (8 段)
边界(秒): [0.0, 50.0, 90.0, 119.0, 166.0, 210.0, 301.0, 345.0, 395.0]

正在加载 WAV: WAMozart_K25_2.wav...
已加载: 400.8s @ 48000Hz
  [ 0] T         0.0s →    50.0s  (50.0s)
  [ 1] V1       50.0s →    90.0s  (40.0s)
  [ 2] V2       90.0s →   119.0s  (29.0s)
  [ 3] V3      119.0s →   166.0s  (47.0s)
  [ 4] V4      166.0s →   210.0s  (44.0s)
  [ 5] V5      210.0s →   301.0s  (91.0s)
  [ 6] V6      301.0s →   345.0s  (44.0s)
  [ 7] V7      345.0s →   395.0s  (50.0s)

✓ 特征已保存: /Users/jiaxuan/Desktop/Music Project/VariVis/backend/features/WAMozart_K25_2.json

WAMozart_K25_2: 加载 WAV…
  T    0.0s–50.0s … key=Dmaj r=0.87  voiced=0.79  beats=121 ✓
  V1   50.0s–90.0s … key=Dmaj r=0.85  voiced=0.73  beats=91 ✓
  V2   90.0s–119.0s … key=Dmaj r=0.74  voiced=0.67  beats=57 ✓
  V3   119.0s–166.0s … key=Dmaj r=0.89  voiced=0.76  beats=95 ✓
  V4   166.0s–210.0s … key=Dmaj r=0.92  voiced=0.77  beats=95 ✓
  V5   210.0s–301.0s … key=Dmaj r=0.88  voiced=0.85  beats=206 ✓
  V6   301.0s–345.0s … key=Dmaj r=0.83  voiced=0.77  beats=90 ✓
  V7   345.0s–395.0s … key=Amaj r=0.79  voiced=0.73  beats=95 ✓
✓ 已保存: /Users/jiaxuan/Desktop/Music Project/VariVis/backend/features/WAMozart_K25_2.json
Sat Apr 25 23:18:01 AEST 2026: OK WAMozart_K25_2

============================================================
处理: WAMozart_K613_1
============================================================
曲目: Mozart - Variations on ＂Ein Weib ist das herrlichste Ding＂,K.613
作曲: Wolfgang Amadeus Mozart
段落: ['T', 'V1', 'V2', 'V3', 'V4', 'V5', 'V6', 'V7', 'V8']  (9 段)
边界(秒): [7.0, 85.0, 164.0, 241.0, 324.0, 406.0, 489.0, 578.0, 761.0, 916.0]

正在加载 WAV: WAMozart_K613_1.wav...
已加载: 928.2s @ 48000Hz
  [ 0] T         7.0s →    85.0s  (78.0s)
  [ 1] V1       85.0s →   164.0s  (79.0s)
  [ 2] V2      164.0s →   241.0s  (77.0s)
  [ 3] V3      241.0s →   324.0s  (83.0s)
  [ 4] V4      324.0s →   406.0s  (82.0s)
  [ 5] V5      406.0s →   489.0s  (83.0s)
  [ 6] V6      489.0s →   578.0s  (89.0s)
  [ 7] V7      578.0s →   761.0s  (183.0s)
  [ 8] V8      761.0s →   916.0s  (155.0s)

✓ 特征已保存: /Users/jiaxuan/Desktop/Music Project/VariVis/backend/features/WAMozart_K613_1.json

WAMozart_K613_1: 加载 WAV…
  T    7.0s–85.0s … key=Fmaj r=0.82  voiced=0.83  beats=149 ✓
  V1   85.0s–164.0s … key=Fmaj r=0.81  voiced=0.83  beats=168 ✓
  V2   164.0s–241.0s … key=Fmaj r=0.87  voiced=0.77  beats=157 ✓
  V3   241.0s–324.0s … key=Fmaj r=0.74  voiced=0.78  beats=164 ✓
  V4   324.0s–406.0s … key=Fmaj r=0.67  voiced=0.72  beats=133 ✓
  V5   406.0s–489.0s … key=Fmaj r=0.69  voiced=0.76  beats=169 ✓
  V6   489.0s–578.0s … key=Fmin r=0.71  voiced=0.79  beats=139 ✓
  V7   578.0s–761.0s … key=Fmaj r=0.75  voiced=0.83  beats=570 ✓
  V8   761.0s–916.0s … key=Fmaj r=0.72  voiced=0.78  beats=315 ✓
✓ 已保存: /Users/jiaxuan/Desktop/Music Project/VariVis/backend/features/WAMozart_K613_1.json
Sat Apr 25 23:22:03 AEST 2026: OK WAMozart_K613_1

============================================================
处理: WAMozart_K613_2
============================================================
曲目: Mozart - Variations on ＂Ein Weib ist das herrlichste Ding＂,K.613
作曲: Wolfgang Amadeus Mozart
段落: ['T', 'V1', 'V2', 'V3', 'V4', 'V5', 'V6', 'V7', 'V8']  (9 段)
边界(秒): [1.0, 70.0, 139.0, 205.0, 274.0, 340.0, 411.0, 513.0, 731.0, 869.0]

正在加载 WAV: WAMozart_K613_2.wav...
已加载: 872.0s @ 48000Hz
  [ 0] T         1.0s →    70.0s  (69.0s)
  [ 1] V1       70.0s →   139.0s  (69.0s)
  [ 2] V2      139.0s →   205.0s  (66.0s)
  [ 3] V3      205.0s →   274.0s  (69.0s)
  [ 4] V4      274.0s →   340.0s  (66.0s)
  [ 5] V5      340.0s →   411.0s  (71.0s)
  [ 6] V6      411.0s →   513.0s  (102.0s)
  [ 7] V7      513.0s →   731.0s  (218.0s)
  [ 8] V8      731.0s →   869.0s  (138.0s)

✓ 特征已保存: /Users/jiaxuan/Desktop/Music Project/VariVis/backend/features/WAMozart_K613_2.json

WAMozart_K613_2: 加载 WAV…
  T    1.0s–70.0s … key=Fmaj r=0.83  voiced=0.74  beats=170 ✓
  V1   70.0s–139.0s … key=Cmaj r=0.81  voiced=0.71  beats=183 ✓
  V2   139.0s–205.0s … key=Cmaj r=0.74  voiced=0.64  beats=178 ✓
  V3   205.0s–274.0s … key=Cmaj r=0.84  voiced=0.71  beats=193 ✓
  V4   274.0s–340.0s … key=Cmaj r=0.77  voiced=0.54  beats=168 ✓
  V5   340.0s–411.0s … key=Cmaj r=0.87  voiced=0.61  beats=182 ✓
  V6   411.0s–513.0s … key=Fmin r=0.67  voiced=0.77  beats=181 ✓
  V7   513.0s–731.0s … key=Fmaj r=0.79  voiced=0.81  beats=637 ✓
  V8   731.0s–869.0s … key=Cmaj r=0.70  voiced=0.65  beats=270 ✓
✓ 已保存: /Users/jiaxuan/Desktop/Music Project/VariVis/backend/features/WAMozart_K613_2.json
Sat Apr 25 23:25:56 AEST 2026: OK WAMozart_K613_2

============================================================
处理: WAMozart_K613_3
============================================================
曲目: Mozart - Variations on ＂Ein Weib ist das herrlichste Ding＂,K.613
作曲: Wolfgang Amadeus Mozart
段落: ['T', 'V1', 'V2', 'V3', 'V4', 'V5', 'V6', 'V7', 'V8']  (9 段)
边界(秒): [2.0, 86.0, 173.0, 253.0, 338.0, 419.0, 507.0, 604.0, 784.0, 951.0]

正在加载 WAV: WAMozart_K613_3.wav...
已加载: 955.9s @ 48000Hz
  [ 0] T         2.0s →    86.0s  (84.0s)
  [ 1] V1       86.0s →   173.0s  (87.0s)
  [ 2] V2      173.0s →   253.0s  (80.0s)
  [ 3] V3      253.0s →   338.0s  (85.0s)
  [ 4] V4      338.0s →   419.0s  (81.0s)
  [ 5] V5      419.0s →   507.0s  (88.0s)
  [ 6] V6      507.0s →   604.0s  (97.0s)
  [ 7] V7      604.0s →   784.0s  (180.0s)
  [ 8] V8      784.0s →   951.0s  (167.0s)

✓ 特征已保存: /Users/jiaxuan/Desktop/Music Project/VariVis/backend/features/WAMozart_K613_3.json

WAMozart_K613_3: 加载 WAV…
  T    2.0s–86.0s … key=Cmaj r=0.40  voiced=0.80  beats=165 ✓
  V1   86.0s–173.0s … key=Cmaj r=0.52  voiced=0.87  beats=168 ✓
  V2   173.0s–253.0s … key=Cmaj r=0.57  voiced=0.74  beats=162 ✓
  V3   253.0s–338.0s … key=Fmaj r=0.57  voiced=0.81  beats=176 ✓
  V4   338.0s–419.0s … key=Cmaj r=0.63  voiced=0.68  beats=162 ✓
  V5   419.0s–507.0s … key=Cmaj r=0.50  voiced=0.77  beats=171 ✓
  V6   507.0s–604.0s … key=Fmin r=0.46  voiced=0.78  beats=168 ✓
  V7   604.0s–784.0s … key=Cmaj r=0.32  voiced=0.83  beats=560 ✓
  V8   784.0s–951.0s … key=Fmaj r=0.36  voiced=0.77  beats=310 ✓
✓ 已保存: /Users/jiaxuan/Desktop/Music Project/VariVis/backend/features/WAMozart_K613_3.json
Sat Apr 25 23:30:01 AEST 2026: OK WAMozart_K613_3

============================================================
处理: WAMozart_K613_4
============================================================
曲目: Mozart - Variations on ＂Ein Weib ist das herrlichste Ding＂,K.613
作曲: Wolfgang Amadeus Mozart
段落: ['T', 'V1', 'V2', 'V3', 'V4', 'V5', 'V6', 'V7', 'V8']  (9 段)
边界(秒): [1.0, 67.0, 135.0, 205.0, 273.0, 342.0, 414.0, 507.0, 740.0, 886.0]

正在加载 WAV: WAMozart_K613_4.wav...
已加载: 893.5s @ 48000Hz
  [ 0] T         1.0s →    67.0s  (66.0s)
  [ 1] V1       67.0s →   135.0s  (68.0s)
  [ 2] V2      135.0s →   205.0s  (70.0s)
  [ 3] V3      205.0s →   273.0s  (68.0s)
  [ 4] V4      273.0s →   342.0s  (69.0s)
  [ 5] V5      342.0s →   414.0s  (72.0s)
  [ 6] V6      414.0s →   507.0s  (93.0s)
  [ 7] V7      507.0s →   740.0s  (233.0s)
  [ 8] V8      740.0s →   886.0s  (146.0s)

✓ 特征已保存: /Users/jiaxuan/Desktop/Music Project/VariVis/backend/features/WAMozart_K613_4.json

WAMozart_K613_4: 加载 WAV…
  T    1.0s–67.0s … key=Fmaj r=0.87  voiced=0.72  beats=166 ✓
  V1   67.0s–135.0s … key=Fmaj r=0.90  voiced=0.76  beats=173 ✓
  V2   135.0s–205.0s … key=Fmaj r=0.91  voiced=0.73  beats=172 ✓
  V3   205.0s–273.0s … key=Fmaj r=0.85  voiced=0.71  beats=149 ✓
  V4   273.0s–342.0s … key=Fmaj r=0.80  voiced=0.65  beats=152 ✓
  V5   342.0s–414.0s … key=Fmaj r=0.89  voiced=0.67  beats=171 ✓
  V6   414.0s–507.0s … key=Fmin r=0.85  voiced=0.78  beats=166 ✓
  V7   507.0s–740.0s … key=Fmaj r=0.89  voiced=0.85  beats=559 ✓
  V8   740.0s–886.0s … key=Fmaj r=0.87  voiced=0.74  beats=309 ✓
✓ 已保存: /Users/jiaxuan/Desktop/Music Project/VariVis/backend/features/WAMozart_K613_4.json
Sat Apr 25 23:33:50 AEST 2026: OK WAMozart_K613_4

============================================================
处理: WAMozart_K613_5
============================================================
曲目: Mozart - Variations on ＂Ein Weib ist das herrlichste Ding＂,K.613
作曲: Wolfgang Amadeus Mozart
段落: ['T', 'V1', 'V2', 'V3', 'V4', 'V5', 'V6', 'V7', 'V8']  (9 段)
边界(秒): [2.0, 66.0, 134.0, 204.0, 281.0, 350.0, 419.0, 513.0, 670.0, 799.0]

正在加载 WAV: WAMozart_K613_5.wav...
已加载: 806.0s @ 48000Hz
  [ 0] T         2.0s →    66.0s  (64.0s)
  [ 1] V1       66.0s →   134.0s  (68.0s)
  [ 2] V2      134.0s →   204.0s  (70.0s)
  [ 3] V3      204.0s →   281.0s  (77.0s)
  [ 4] V4      281.0s →   350.0s  (69.0s)
  [ 5] V5      350.0s →   419.0s  (69.0s)
  [ 6] V6      419.0s →   513.0s  (94.0s)
  [ 7] V7      513.0s →   670.0s  (157.0s)
  [ 8] V8      670.0s →   799.0s  (129.0s)

✓ 特征已保存: /Users/jiaxuan/Desktop/Music Project/VariVis/backend/features/WAMozart_K613_5.json

WAMozart_K613_5: 加载 WAV…
  T    2.0s–66.0s … key=Cmaj r=0.83  voiced=0.75  beats=150 ✓
  V1   66.0s–134.0s … key=Cmaj r=0.83  voiced=0.81  beats=171 ✓
  V2   134.0s–204.0s … key=Cmaj r=0.81  voiced=0.70  beats=162 ✓
  V3   204.0s–281.0s … key=Cmaj r=0.84  voiced=0.77  beats=136 ✓
  V4   281.0s–350.0s … key=Cmaj r=0.81  voiced=0.66  beats=142 ✓
  V5   350.0s–419.0s … key=Cmaj r=0.82  voiced=0.70  beats=157 ✓
  V6   419.0s–513.0s … key=Cmaj r=0.65  voiced=0.80  beats=160 ✓
  V7   513.0s–670.0s … key=Cmaj r=0.81  voiced=0.85  beats=390 ✓
  V8   670.0s–799.0s … key=Fmaj r=0.77  voiced=0.78  beats=282 ✓
✓ 已保存: /Users/jiaxuan/Desktop/Music Project/VariVis/backend/features/WAMozart_K613_5.json
Sat Apr 25 23:37:16 AEST 2026: OK WAMozart_K613_5

============================================================
处理: WAMozart_K613_6
============================================================
曲目: Mozart - Variations on ＂Ein Weib ist das herrlichste Ding＂,K.613
作曲: Wolfgang Amadeus Mozart
段落: ['T', 'V1', 'V2', 'V3', 'V4', 'V5', 'V6', 'V7', 'V8']  (9 段)
边界(秒): [3.0, 72.0, 149.0, 222.0, 304.0, 375.0, 456.0, 556.0, 697.0, 841.0]

正在加载 WAV: WAMozart_K613_6.wav...
已加载: 859.1s @ 48000Hz
  [ 0] T         3.0s →    72.0s  (69.0s)
  [ 1] V1       72.0s →   149.0s  (77.0s)
  [ 2] V2      149.0s →   222.0s  (73.0s)
  [ 3] V3      222.0s →   304.0s  (82.0s)
  [ 4] V4      304.0s →   375.0s  (71.0s)
  [ 5] V5      375.0s →   456.0s  (81.0s)
  [ 6] V6      456.0s →   556.0s  (100.0s)
  [ 7] V7      556.0s →   697.0s  (141.0s)
  [ 8] V8      697.0s →   841.0s  (144.0s)

✓ 特征已保存: /Users/jiaxuan/Desktop/Music Project/VariVis/backend/features/WAMozart_K613_6.json

WAMozart_K613_6: 加载 WAV…
  T    3.0s–72.0s … key=Bmin r=0.46  voiced=0.68  beats=159 ✓
  V1   72.0s–149.0s … key=Bmin r=0.38  voiced=0.81  beats=356 ✓
  V2   149.0s–222.0s … key=Bmin r=0.36  voiced=0.66  beats=184 ✓
  V3   222.0s–304.0s … key=Bmin r=0.44  voiced=0.70  beats=165 ✓
  V4   304.0s–375.0s … key=Fmin r=0.36  voiced=0.53  beats=161 ✓
  V5   375.0s–456.0s … key=Bmin r=0.41  voiced=0.66  beats=199 ✓
  V6   456.0s–556.0s … key=Bmin r=0.44  voiced=0.76  beats=167 ✓
  V7   556.0s–697.0s … key=Bmin r=0.47  voiced=0.78  beats=183 ✓
  V8   697.0s–841.0s … key=Bmin r=0.38  voiced=0.70  beats=313 ✓
✓ 已保存: /Users/jiaxuan/Desktop/Music Project/VariVis/backend/features/WAMozart_K613_6.json
Sat Apr 25 23:41:52 AEST 2026: OK WAMozart_K613_6

============================================================
处理: WAMozart_K613_7
============================================================
曲目: Mozart - Variations on ＂Ein Weib ist das herrlichste Ding＂,K.613
作曲: Wolfgang Amadeus Mozart
段落: ['T', 'V1', 'V2', 'V3', 'V4', 'V5', 'V6', 'V7', 'V8']  (9 段)
边界(秒): [2.0, 79.0, 158.0, 235.0, 318.0, 400.0, 483.0, 572.0, 755.0, 910.0]

正在加载 WAV: WAMozart_K613_7.wav...
已加载: 917.0s @ 48000Hz
  [ 0] T         2.0s →    79.0s  (77.0s)
  [ 1] V1       79.0s →   158.0s  (79.0s)
  [ 2] V2      158.0s →   235.0s  (77.0s)
  [ 3] V3      235.0s →   318.0s  (83.0s)
  [ 4] V4      318.0s →   400.0s  (82.0s)
  [ 5] V5      400.0s →   483.0s  (83.0s)
  [ 6] V6      483.0s →   572.0s  (89.0s)
  [ 7] V7      572.0s →   755.0s  (183.0s)
  [ 8] V8      755.0s →   910.0s  (155.0s)

✓ 特征已保存: /Users/jiaxuan/Desktop/Music Project/VariVis/backend/features/WAMozart_K613_7.json

WAMozart_K613_7: 加载 WAV…
  T    2.0s–79.0s … key=Fmaj r=0.86  voiced=0.85  beats=153 ✓
  V1   79.0s–158.0s … key=Fmaj r=0.79  voiced=0.85  beats=167 ✓
  V2   158.0s–235.0s … key=Fmaj r=0.87  voiced=0.76  beats=156 ✓
  V3   235.0s–318.0s … key=Fmaj r=0.74  voiced=0.78  beats=164 ✓
  V4   318.0s–400.0s … key=Fmaj r=0.66  voiced=0.70  beats=132 ✓
  V5   400.0s–483.0s … key=Fmaj r=0.69  voiced=0.77  beats=172 ✓
  V6   483.0s–572.0s … key=Fmin r=0.73  voiced=0.79  beats=125 ✓
  V7   572.0s–755.0s … key=Fmaj r=0.80  voiced=0.84  beats=572 ✓
  V8   755.0s–910.0s … key=Fmaj r=0.73  voiced=0.79  beats=315 ✓
✓ 已保存: /Users/jiaxuan/Desktop/Music Project/VariVis/backend/features/WAMozart_K613_7.json
Sat Apr 25 23:45:47 AEST 2026: OK WAMozart_K613_7

============================================================
处理: WAMozart_K54_2
============================================================
曲目: Mozart： 6 Variations in F major,K.54
作曲: Wolfgang Amadeus Mozart
段落: ['T', 'V1', 'V2', 'V3', 'V4', 'V5', 'V6']  (7 段)
边界(秒): [0.0, 52.0, 99.0, 148.0, 211.0, 247.0, 308.0, 380.0]

正在加载 WAV: WAMozart_K54_2.wav...
已加载: 389.4s @ 48000Hz
  [ 0] T         0.0s →    52.0s  (52.0s)
  [ 1] V1       52.0s →    99.0s  (47.0s)
  [ 2] V2       99.0s →   148.0s  (49.0s)
  [ 3] V3      148.0s →   211.0s  (63.0s)
  [ 4] V4      211.0s →   247.0s  (36.0s)
  [ 5] V5      247.0s →   308.0s  (61.0s)
  [ 6] V6      308.0s →   380.0s  (72.0s)

✓ 特征已保存: /Users/jiaxuan/Desktop/Music Project/VariVis/backend/features/WAMozart_K54_2.json

WAMozart_K54_2: 加载 WAV…
  T    0.0s–52.0s … key=Fmaj r=0.79  voiced=0.65  beats=104 ✓
  V1   52.0s–99.0s … key=Fmaj r=0.88  voiced=0.69  beats=128 ✓
  V2   99.0s–148.0s … key=Cmaj r=0.83  voiced=0.57  beats=119 ✓
  V3   148.0s–211.0s … key=Fmaj r=0.79  voiced=0.69  beats=150 ✓
  V4   211.0s–247.0s … key=Cmaj r=0.87  voiced=0.56  beats=87 ✓
  V5   247.0s–308.0s … key=Fmin r=0.87  voiced=0.83  beats=127 ✓
  V6   308.0s–380.0s … key=Fmaj r=0.87  voiced=0.68  beats=165 ✓
✓ 已保存: /Users/jiaxuan/Desktop/Music Project/VariVis/backend/features/WAMozart_K54_2.json
Sat Apr 25 23:59:21 AEST 2026: OK WAMozart_K54_2

============================================================
处理: WAMozart_K54_3
============================================================
曲目: Mozart： 6 Variations in F major,K.54
作曲: Wolfgang Amadeus Mozart
段落: ['T', 'V1', 'V2', 'V3', 'V4', 'V5', 'V6']  (7 段)
边界(秒): [0.0, 65.0, 123.0, 178.0, 240.0, 297.0, 362.0, 437.0]

正在加载 WAV: WAMozart_K54_3.wav...
已加载: 445.0s @ 48000Hz
  [ 0] T         0.0s →    65.0s  (65.0s)
  [ 1] V1       65.0s →   123.0s  (58.0s)
  [ 2] V2      123.0s →   178.0s  (55.0s)
  [ 3] V3      178.0s →   240.0s  (62.0s)
  [ 4] V4      240.0s →   297.0s  (57.0s)
  [ 5] V5      297.0s →   362.0s  (65.0s)
  [ 6] V6      362.0s →   437.0s  (75.0s)

✓ 特征已保存: /Users/jiaxuan/Desktop/Music Project/VariVis/backend/features/WAMozart_K54_3.json

WAMozart_K54_3: 加载 WAV…
  T    0.0s–65.0s … key=Fmaj r=0.76  voiced=0.77  beats=119 ✓
  V1   65.0s–123.0s … key=Fmaj r=0.83  voiced=0.78  beats=81 ✓
  V2   123.0s–178.0s … key=Fmaj r=0.82  voiced=0.77  beats=118 ✓
  V3   178.0s–240.0s … key=Fmaj r=0.85  voiced=0.76  beats=117 ✓
  V4   240.0s–297.0s … key=Cmaj r=0.79  voiced=0.78  beats=117 ✓
  V5   297.0s–362.0s … key=Fmin r=0.91  voiced=0.87  beats=122 ✓
  V6   362.0s–437.0s … key=Fmaj r=0.87  voiced=0.76  beats=149 ✓
✓ 已保存: /Users/jiaxuan/Desktop/Music Project/VariVis/backend/features/WAMozart_K54_3.json
Sun Apr 26 00:01:19 AEST 2026: OK WAMozart_K54_3

============================================================
处理: WAMozart_K54_4
============================================================
曲目: Mozart： 6 Variations in F major,K.54
作曲: Wolfgang Amadeus Mozart
段落: ['T', 'V1', 'V2', 'V3', 'V5', 'V6']  (6 段)
边界(秒): [2.0, 53.0, 103.0, 152.0, 202.0, 264.0, 317.0]

正在加载 WAV: WAMozart_K54_4.wav...
已加载: 320.5s @ 48000Hz
  [ 0] T         2.0s →    53.0s  (51.0s)
  [ 1] V1       53.0s →   103.0s  (50.0s)
  [ 2] V2      103.0s →   152.0s  (49.0s)
  [ 3] V3      152.0s →   202.0s  (50.0s)
  [ 4] V5      202.0s →   264.0s  (62.0s)
  [ 5] V6      264.0s →   317.0s  (53.0s)

✓ 特征已保存: /Users/jiaxuan/Desktop/Music Project/VariVis/backend/features/WAMozart_K54_4.json

WAMozart_K54_4: 加载 WAV…
  T    2.0s–53.0s … key=Fmaj r=0.80  voiced=0.67  beats=119 ✓
  V1   53.0s–103.0s … key=Fmaj r=0.84  voiced=0.69  beats=132 ✓
  V2   103.0s–152.0s … key=Fmaj r=0.81  voiced=0.70  beats=126 ✓
  V3   152.0s–202.0s … key=Fmaj r=0.82  voiced=0.57  beats=127 ✓
  V5   202.0s–264.0s … key=Fmin r=0.85  voiced=0.82  beats=139 ✓
  V6   264.0s–317.0s … key=Fmaj r=0.85  voiced=0.72  beats=123 ✓
✓ 已保存: /Users/jiaxuan/Desktop/Music Project/VariVis/backend/features/WAMozart_K54_4.json
Sun Apr 26 00:33:24 AEST 2026: OK WAMozart_K54_4

============================================================
处理: WAMozart_K54_5
============================================================
曲目: Mozart： 6 Variations in F major,K.54
作曲: Wolfgang Amadeus Mozart
段落: ['T', 'V1', 'V2', 'V3', 'V5', 'V6']  (6 段)
边界(秒): [9.0, 72.0, 127.0, 187.0, 251.0, 309.0, 375.0]

正在加载 WAV: WAMozart_K54_5.wav...
已加载: 376.8s @ 48000Hz
  [ 0] T         9.0s →    72.0s  (63.0s)
  [ 1] V1       72.0s →   127.0s  (55.0s)
  [ 2] V2      127.0s →   187.0s  (60.0s)
  [ 3] V3      187.0s →   251.0s  (64.0s)
  [ 4] V5      251.0s →   309.0s  (58.0s)
  [ 5] V6      309.0s →   375.0s  (66.0s)

✓ 特征已保存: /Users/jiaxuan/Desktop/Music Project/VariVis/backend/features/WAMozart_K54_5.json

WAMozart_K54_5: 加载 WAV…
  T    9.0s–72.0s … key=G#min r=0.34  voiced=0.27  beats=125 ✓
  V1   72.0s–127.0s … key=G#min r=0.34  voiced=0.38  beats=132 ✓
  V2   127.0s–187.0s … key=Emin r=0.31  voiced=0.39  beats=128 ✓
  V3   187.0s–251.0s … key=G#maj r=0.29  voiced=0.30  beats=124 ✓
  V5   251.0s–309.0s … key=Gmaj r=0.46  voiced=0.36  beats=123 ✓
  V6   309.0s–375.0s … key=G#min r=0.36  voiced=0.33  beats=129 ✓
✓ 已保存: /Users/jiaxuan/Desktop/Music Project/VariVis/backend/features/WAMozart_K54_5.json
Sun Apr 26 01:06:54 AEST 2026: OK WAMozart_K54_5

============================================================
处理: WAMozart_K455_1
============================================================
曲目: 10 Variations on "Unser dummer Pöbel meint",K.455
作曲: Wolfgang Amadeus Mozart
段落: ['T', 'V1', 'V2', 'V3', 'V4', 'V5', 'V6', 'V7', 'V8', 'V9', 'V10']  (11 段)
边界(秒): [3.0, 48.0, 89.0, 133.0, 177.0, 221.0, 265.0, 311.0, 350.0, 415.0, 617.0, 750.0]

正在加载 WAV: WAMozart_K455_1.wav...
已加载: 766.2s @ 48000Hz
  [ 0] T         3.0s →    48.0s  (45.0s)
  [ 1] V1       48.0s →    89.0s  (41.0s)
  [ 2] V2       89.0s →   133.0s  (44.0s)
  [ 3] V3      133.0s →   177.0s  (44.0s)
  [ 4] V4      177.0s →   221.0s  (44.0s)
  [ 5] V5      221.0s →   265.0s  (44.0s)
  [ 6] V6      265.0s →   311.0s  (46.0s)
  [ 7] V7      311.0s →   350.0s  (39.0s)
  [ 8] V8      350.0s →   415.0s  (65.0s)
  [ 9] V9      415.0s →   617.0s  (202.0s)
  [10] V10     617.0s →   750.0s  (133.0s)

✓ 特征已保存: /Users/jiaxuan/Desktop/Music Project/VariVis/backend/features/WAMozart_K455_1.json

WAMozart_K455_1: 加载 WAV…
  T    3.0s–48.0s … key=Gmaj r=0.94  voiced=0.70  beats=93 ✓
  V1   48.0s–89.0s … key=Dmaj r=0.86  voiced=0.89  beats=116 ✓
  V2   89.0s–133.0s … key=Gmaj r=0.87  voiced=0.64  beats=89 ✓
  V3   133.0s–177.0s … key=Gmaj r=0.88  voiced=0.85  beats=129 ✓
  V4   177.0s–221.0s … key=Gmaj r=0.82  voiced=0.67  beats=86 ✓
  V5   221.0s–265.0s … key=Gmin r=0.76  voiced=0.76  beats=84 ✓
  V6   265.0s–311.0s … key=Gmaj r=0.81  voiced=0.74  beats=47 ✓
  V7   311.0s–350.0s … key=Gmaj r=0.91  voiced=0.80  beats=52 ✓
  V8   350.0s–415.0s … key=Gmaj r=0.87  voiced=0.74  beats=81 ✓
  V9   415.0s–617.0s … key=Dmaj r=0.84  voiced=0.83  beats=347 ✓
  V10  617.0s–750.0s … key=Gmaj r=0.89  voiced=0.69  beats=273 ✓
✓ 已保存: /Users/jiaxuan/Desktop/Music Project/VariVis/backend/features/WAMozart_K455_1.json
Sun Apr 26 01:33:55 AEST 2026: OK WAMozart_K455_1

============================================================
处理: WAMozart_K455_2
============================================================
曲目: 10 Variations on "Unser dummer Pöbel meint",K.455
作曲: Wolfgang Amadeus Mozart
段落: ['T', 'V1', 'V2', 'V3', 'V4', 'V5', 'V6', 'V7', 'V8', 'V9', 'V10']  (11 段)
边界(秒): [2.0, 47.0, 88.0, 131.0, 175.0, 220.0, 272.0, 318.0, 360.0, 429.0, 639.0, 787.0]

正在加载 WAV: WAMozart_K455_2.wav...
已加载: 790.7s @ 48000Hz
  [ 0] T         2.0s →    47.0s  (45.0s)
  [ 1] V1       47.0s →    88.0s  (41.0s)
  [ 2] V2       88.0s →   131.0s  (43.0s)
  [ 3] V3      131.0s →   175.0s  (44.0s)
  [ 4] V4      175.0s →   220.0s  (45.0s)
  [ 5] V5      220.0s →   272.0s  (52.0s)
  [ 6] V6      272.0s →   318.0s  (46.0s)
  [ 7] V7      318.0s →   360.0s  (42.0s)
  [ 8] V8      360.0s →   429.0s  (69.0s)
  [ 9] V9      429.0s →   639.0s  (210.0s)
  [10] V10     639.0s →   787.0s  (148.0s)

✓ 特征已保存: /Users/jiaxuan/Desktop/Music Project/VariVis/backend/features/WAMozart_K455_2.json

WAMozart_K455_2: 加载 WAV…
  T    2.0s–47.0s … key=Gmaj r=0.83  voiced=0.77  beats=88 ✓
  V1   47.0s–88.0s … key=Gmaj r=0.89  voiced=0.69  beats=91 ✓
  V2   88.0s–131.0s … key=Gmaj r=0.89  voiced=0.71  beats=94 ✓
  V3   131.0s–175.0s … key=Gmaj r=0.86  voiced=0.79  beats=89 ✓
  V4   175.0s–220.0s … key=Gmaj r=0.83  voiced=0.68  beats=94 ✓
  V5   220.0s–272.0s … key=Gmin r=0.83  voiced=0.79  beats=100 ✓
  V6   272.0s–318.0s … key=Gmaj r=0.76  voiced=0.72  beats=97 ✓
  V7   318.0s–360.0s … key=Gmaj r=0.92  voiced=0.81  beats=92 ✓
  V8   360.0s–429.0s … key=Gmaj r=0.96  voiced=0.67  beats=171 ✓
  V9   429.0s–639.0s … key=Gmaj r=0.85  voiced=0.83  beats=375 ✓
  V10  639.0s–787.0s … key=Gmaj r=0.93  voiced=0.75  beats=304 ✓
✓ 已保存: /Users/jiaxuan/Desktop/Music Project/VariVis/backend/features/WAMozart_K455_2.json
Sun Apr 26 02:01:45 AEST 2026: OK WAMozart_K455_2

============================================================
处理: WAMozart_K455_3
============================================================
曲目: 10 Variations on "Unser dummer Pöbel meint",K.455
作曲: Wolfgang Amadeus Mozart
段落: ['T', 'V1', 'V2', 'V3', 'V4', 'V5', 'V6', 'V7', 'V8', 'V9', 'V10']  (11 段)
边界(秒): [18.0, 67.0, 111.0, 158.0, 204.0, 252.0, 325.0, 383.0, 430.0, 510.0, 758.0, 910.0]

正在加载 WAV: WAMozart_K455_3.wav...
已加载: 930.7s @ 48000Hz
  [ 0] T        18.0s →    67.0s  (49.0s)
  [ 1] V1       67.0s →   111.0s  (44.0s)
  [ 2] V2      111.0s →   158.0s  (47.0s)
  [ 3] V3      158.0s →   204.0s  (46.0s)
  [ 4] V4      204.0s →   252.0s  (48.0s)
  [ 5] V5      252.0s →   325.0s  (73.0s)
  [ 6] V6      325.0s →   383.0s  (58.0s)
  [ 7] V7      383.0s →   430.0s  (47.0s)
  [ 8] V8      430.0s →   510.0s  (80.0s)
  [ 9] V9      510.0s →   758.0s  (248.0s)
  [10] V10     758.0s →   910.0s  (152.0s)

✓ 特征已保存: /Users/jiaxuan/Desktop/Music Project/VariVis/backend/features/WAMozart_K455_3.json

WAMozart_K455_3: 加载 WAV…
  T    18.0s–67.0s … key=Gmaj r=0.75  voiced=0.64  beats=88 ✓
  V1   67.0s–111.0s … key=Gmaj r=0.72  voiced=0.55  beats=86 ✓
  V2   111.0s–158.0s … key=Gmaj r=0.67  voiced=0.59  beats=101 ✓
  V3   158.0s–204.0s … key=Gmaj r=0.69  voiced=0.67  beats=96 ✓
  V4   204.0s–252.0s … key=Gmaj r=0.75  voiced=0.47  beats=102 ✓
  V5   252.0s–325.0s … key=Gmin r=0.78  voiced=0.79  beats=117 ✓
  V6   325.0s–383.0s … key=Gmaj r=0.82  voiced=0.68  beats=95 ✓
  V7   383.0s–430.0s … key=Gmaj r=0.87  voiced=0.72  beats=99 ✓
  V8   430.0s–510.0s … key=Gmaj r=0.85  voiced=0.70  beats=124 ✓
  V9   510.0s–758.0s … key=Gmaj r=0.72  voiced=0.74  beats=437 ✓
  V10  758.0s–910.0s … key=Gmaj r=0.79  voiced=0.66  beats=339 ✓
✓ 已保存: /Users/jiaxuan/Desktop/Music Project/VariVis/backend/features/WAMozart_K455_3.json
Sun Apr 26 02:53:16 AEST 2026: OK WAMozart_K455_3

============================================================
处理: WAMozart_K455_4
============================================================
曲目: 10 Variations on "Unser dummer Pöbel meint",K.455
作曲: Wolfgang Amadeus Mozart
段落: ['T', 'V1', 'V2', 'V3', 'V4', 'V5', 'V6', 'V7', 'V8', 'V9', 'V10']  (11 段)
边界(秒): [1.0, 44.0, 84.0, 126.0, 170.0, 213.0, 256.0, 299.0, 341.0, 408.0, 590.0, 713.0]

正在加载 WAV: WAMozart_K455_4.wav...
已加载: 717.1s @ 48000Hz
  [ 0] T         1.0s →    44.0s  (43.0s)
  [ 1] V1       44.0s →    84.0s  (40.0s)
  [ 2] V2       84.0s →   126.0s  (42.0s)
  [ 3] V3      126.0s →   170.0s  (44.0s)
  [ 4] V4      170.0s →   213.0s  (43.0s)
  [ 5] V5      213.0s →   256.0s  (43.0s)
  [ 6] V6      256.0s →   299.0s  (43.0s)
  [ 7] V7      299.0s →   341.0s  (42.0s)
  [ 8] V8      341.0s →   408.0s  (67.0s)
  [ 9] V9      408.0s →   590.0s  (182.0s)
  [10] V10     590.0s →   713.0s  (123.0s)

✓ 特征已保存: /Users/jiaxuan/Desktop/Music Project/VariVis/backend/features/WAMozart_K455_4.json

WAMozart_K455_4: 加载 WAV…
  T    1.0s–44.0s … key=Gmaj r=0.75  voiced=0.67  beats=55 ✓
  V1   44.0s–84.0s … key=Gmaj r=0.80  voiced=0.77  beats=93 ✓
  V2   84.0s–126.0s … key=Gmaj r=0.84  voiced=0.67  beats=90 ✓
  V3   126.0s–170.0s … key=Gmaj r=0.78  voiced=0.81  beats=93 ✓
  V4   170.0s–213.0s … key=Gmaj r=0.75  voiced=0.64  beats=87 ✓
  V5   213.0s–256.0s … key=Gmin r=0.73  voiced=0.76  beats=86 ✓
  V6   256.0s–299.0s … key=Gmaj r=0.70  voiced=0.73  beats=85 ✓
  V7   299.0s–341.0s … key=Gmaj r=0.82  voiced=0.78  beats=89 ✓
  V8   341.0s–408.0s … key=Gmaj r=0.87  voiced=0.69  beats=144 ✓
  V9   408.0s–590.0s … key=Gmaj r=0.67  voiced=0.77  beats=353 ✓
  V10  590.0s–713.0s … key=Gmaj r=0.76  voiced=0.69  beats=290 ✓
✓ 已保存: /Users/jiaxuan/Desktop/Music Project/VariVis/backend/features/WAMozart_K455_4.json
Sun Apr 26 03:12:57 AEST 2026: OK WAMozart_K455_4

============================================================
处理: WAMozart_K455_5
============================================================
曲目: 10 Variations on "Unser dummer Pöbel meint",K.455
作曲: Wolfgang Amadeus Mozart
段落: ['T', 'V1', 'V2', 'V3', 'V4', 'V5', 'V6', 'V7', 'V8', 'V9', 'V10']  (11 段)
边界(秒): [1.0, 48.0, 94.0, 140.0, 190.0, 237.0, 287.0, 336.0, 382.0, 455.0, 706.0, 856.0]

正在加载 WAV: WAMozart_K455_5.wav...
已加载: 864.7s @ 48000Hz
  [ 0] T         1.0s →    48.0s  (47.0s)
  [ 1] V1       48.0s →    94.0s  (46.0s)
  [ 2] V2       94.0s →   140.0s  (46.0s)
  [ 3] V3      140.0s →   190.0s  (50.0s)
  [ 4] V4      190.0s →   237.0s  (47.0s)
  [ 5] V5      237.0s →   287.0s  (50.0s)
  [ 6] V6      287.0s →   336.0s  (49.0s)
  [ 7] V7      336.0s →   382.0s  (46.0s)
  [ 8] V8      382.0s →   455.0s  (73.0s)
  [ 9] V9      455.0s →   706.0s  (251.0s)
  [10] V10     706.0s →   856.0s  (150.0s)

✓ 特征已保存: /Users/jiaxuan/Desktop/Music Project/VariVis/backend/features/WAMozart_K455_5.json

WAMozart_K455_5: 加载 WAV…
  T    1.0s–48.0s … key=Gmaj r=0.89  voiced=0.73  beats=61 ✓
  V1   48.0s–94.0s … key=Gmaj r=0.90  voiced=0.66  beats=87 ✓
  V2   94.0s–140.0s … key=Gmaj r=0.84  voiced=0.70  beats=80 ✓
  V3   140.0s–190.0s … key=Gmaj r=0.92  voiced=0.78  beats=92 ✓
  V4   190.0s–237.0s … key=Gmaj r=0.88  voiced=0.60  beats=82 ✓
  V5   237.0s–287.0s … key=Gmin r=0.77  voiced=0.74  beats=176 ✓
  V6   287.0s–336.0s … key=Gmaj r=0.84  voiced=0.68  beats=89 ✓
  V7   336.0s–382.0s … key=Gmaj r=0.88  voiced=0.73  beats=82 ✓
  V8   382.0s–455.0s … key=Gmaj r=0.93  voiced=0.70  beats=163 ✓
  V9   455.0s–706.0s … key=Dmaj r=0.84  voiced=0.78  beats=423 ✓
  V10  706.0s–856.0s … key=Gmaj r=0.92  voiced=0.71  beats=455 ✓
✓ 已保存: /Users/jiaxuan/Desktop/Music Project/VariVis/backend/features/WAMozart_K455_5.json
Sun Apr 26 04:22:04 AEST 2026: OK WAMozart_K455_5

============================================================
处理: WAMozart_K455_6
============================================================
曲目: 10 Variations on "Unser dummer Pöbel meint",K.455
作曲: Wolfgang Amadeus Mozart
段落: ['T', 'V1', 'V2', 'V3', 'V4', 'V5', 'V6', 'V7', 'V8', 'V9', 'V10']  (11 段)
边界(秒): [1.0, 49.0, 91.0, 134.0, 177.0, 224.0, 270.0, 321.0, 374.0, 439.0, 633.0, 769.0]

正在加载 WAV: WAMozart_K455_6.wav...
已加载: 776.4s @ 48000Hz
  [ 0] T         1.0s →    49.0s  (48.0s)
  [ 1] V1       49.0s →    91.0s  (42.0s)
  [ 2] V2       91.0s →   134.0s  (43.0s)
  [ 3] V3      134.0s →   177.0s  (43.0s)
  [ 4] V4      177.0s →   224.0s  (47.0s)
  [ 5] V5      224.0s →   270.0s  (46.0s)
  [ 6] V6      270.0s →   321.0s  (51.0s)
  [ 7] V7      321.0s →   374.0s  (53.0s)
  [ 8] V8      374.0s →   439.0s  (65.0s)
  [ 9] V9      439.0s →   633.0s  (194.0s)
  [10] V10     633.0s →   769.0s  (136.0s)

✓ 特征已保存: /Users/jiaxuan/Desktop/Music Project/VariVis/backend/features/WAMozart_K455_6.json

WAMozart_K455_6: 加载 WAV…
  T    1.0s–49.0s … key=Gmaj r=0.91  voiced=0.76  beats=90 ✓
  V1   49.0s–91.0s … key=Gmaj r=0.95  voiced=0.78  beats=90 ✓
  V2   91.0s–134.0s … key=Gmaj r=0.83  voiced=0.67  beats=89 ✓
  V3   134.0s–177.0s … key=Gmaj r=0.93  voiced=0.80  beats=88 ✓
  V4   177.0s–224.0s … key=Gmaj r=0.90  voiced=0.67  beats=81 ✓
  V5   224.0s–270.0s … key=Gmin r=0.74  voiced=0.78  beats=81 ✓
  V6   270.0s–321.0s … key=Gmaj r=0.78  voiced=0.73  beats=80 ✓
  V7   321.0s–374.0s … key=Gmaj r=0.94  voiced=0.83  beats=91 ✓
  V8   374.0s–439.0s … key=Gmaj r=0.92  voiced=0.70  beats=112 ✓
  V9   439.0s–633.0s … key=Gmaj r=0.86  voiced=0.85  beats=354 ✓
  V10  633.0s–769.0s … key=Gmaj r=0.94  voiced=0.73  beats=285 ✓
✓ 已保存: /Users/jiaxuan/Desktop/Music Project/VariVis/backend/features/WAMozart_K455_6.json
Sun Apr 26 04:40:46 AEST 2026: OK WAMozart_K455_6

============================================================
处理: WAMozart_K455_7
============================================================
曲目: 10 Variations on "Unser dummer Pöbel meint",K.455
作曲: Wolfgang Amadeus Mozart
段落: ['T', 'V1', 'V2', 'V3', 'V4', 'V5', 'V6', 'V7', 'V8', 'V9', 'V10']  (11 段)
边界(秒): [1.0, 49.0, 93.0, 138.0, 187.0, 236.0, 288.0, 335.0, 383.0, 462.0, 650.0, 814.0]

正在加载 WAV: WAMozart_K455_7.wav...
已加载: 838.5s @ 48000Hz
  [ 0] T         1.0s →    49.0s  (48.0s)
  [ 1] V1       49.0s →    93.0s  (44.0s)
  [ 2] V2       93.0s →   138.0s  (45.0s)
  [ 3] V3      138.0s →   187.0s  (49.0s)
  [ 4] V4      187.0s →   236.0s  (49.0s)
  [ 5] V5      236.0s →   288.0s  (52.0s)
  [ 6] V6      288.0s →   335.0s  (47.0s)
  [ 7] V7      335.0s →   383.0s  (48.0s)
  [ 8] V8      383.0s →   462.0s  (79.0s)
  [ 9] V9      462.0s →   650.0s  (188.0s)
  [10] V10     650.0s →   814.0s  (164.0s)

✓ 特征已保存: /Users/jiaxuan/Desktop/Music Project/VariVis/backend/features/WAMozart_K455_7.json

WAMozart_K455_7: 加载 WAV…
  T    1.0s–49.0s … key=Gmaj r=0.92  voiced=0.77  beats=85 ✓
  V1   49.0s–93.0s … key=Gmaj r=0.84  voiced=0.77  beats=85 ✓
  V2   93.0s–138.0s … key=Gmaj r=0.82  voiced=0.71  beats=97 ✓
  V3   138.0s–187.0s … key=Gmaj r=0.89  voiced=0.78  beats=93 ✓
  V4   187.0s–236.0s … key=Gmaj r=0.85  voiced=0.83  beats=96 ✓
  V5   236.0s–288.0s … key=Gmin r=0.80  voiced=0.76  beats=88 ✓
  V6   288.0s–335.0s … key=Gmaj r=0.74  voiced=0.71  beats=93 ✓
  V7   335.0s–383.0s … key=Gmaj r=0.93  voiced=0.79  beats=93 ✓
  V8   383.0s–462.0s … key=Gmaj r=0.92  voiced=0.73  beats=168 ✓
  V9   462.0s–650.0s … key=Gmaj r=0.85  voiced=0.78  beats=371 ✓
  V10  650.0s–814.0s … key=Gmaj r=0.81  voiced=0.73  beats=566 ✓
✓ 已保存: /Users/jiaxuan/Desktop/Music Project/VariVis/backend/features/WAMozart_K455_7.json
Sun Apr 26 05:46:18 AEST 2026: OK WAMozart_K455_7

============================================================
处理: WAMozart_K455_8
============================================================
曲目: 10 Variations on "Unser dummer Pöbel meint",K.455
作曲: Wolfgang Amadeus Mozart
段落: ['T', 'V1', 'V2', 'V3', 'V4', 'V5', 'V6', 'V7', 'V8', 'V9', 'V10']  (11 段)
边界(秒): [13.0, 60.0, 105.0, 149.0, 201.0, 244.0, 301.0, 353.0, 402.0, 471.0, 681.0, 834.0]

正在加载 WAV: WAMozart_K455_8.wav...
已加载: 844.3s @ 48000Hz
  [ 0] T        13.0s →    60.0s  (47.0s)
  [ 1] V1       60.0s →   105.0s  (45.0s)
  [ 2] V2      105.0s →   149.0s  (44.0s)
  [ 3] V3      149.0s →   201.0s  (52.0s)
  [ 4] V4      201.0s →   244.0s  (43.0s)
  [ 5] V5      244.0s →   301.0s  (57.0s)
  [ 6] V6      301.0s →   353.0s  (52.0s)
  [ 7] V7      353.0s →   402.0s  (49.0s)
  [ 8] V8      402.0s →   471.0s  (69.0s)
  [ 9] V9      471.0s →   681.0s  (210.0s)
  [10] V10     681.0s →   834.0s  (153.0s)

✓ 特征已保存: /Users/jiaxuan/Desktop/Music Project/VariVis/backend/features/WAMozart_K455_8.json

WAMozart_K455_8: 加载 WAV…
  T    13.0s–60.0s … key=F#maj r=0.87  voiced=0.68  beats=92 ✓
  V1   60.0s–105.0s … key=F#maj r=0.92  voiced=0.73  beats=98 ✓
  V2   105.0s–149.0s … key=F#maj r=0.91  voiced=0.71  beats=99 ✓
  V3   149.0s–201.0s … key=F#maj r=0.80  voiced=0.74  beats=95 ✓
  V4   201.0s–244.0s … key=F#maj r=0.93  voiced=0.59  beats=98 ✓
  V5   244.0s–301.0s … key=F#min r=0.71  voiced=0.71  beats=92 ✓
  V6   301.0s–353.0s … key=F#maj r=0.79  voiced=0.69  beats=88 ✓
  V7   353.0s–402.0s … key=F#maj r=0.85  voiced=0.76  beats=91 ✓
  V8   402.0s–471.0s … key=F#maj r=0.91  voiced=0.61  beats=173 ✓
  V9   471.0s–681.0s … key=F#maj r=0.76  voiced=0.75  beats=443 ✓
  V10  681.0s–834.0s … key=F#maj r=0.88  voiced=0.69  beats=277 ✓
✓ 已保存: /Users/jiaxuan/Desktop/Music Project/VariVis/backend/features/WAMozart_K455_8.json
Sun Apr 26 06:00:06 AEST 2026: OK WAMozart_K455_8

============================================================
处理: WAMozart_K455_9
============================================================
曲目: 10 Variations on "Unser dummer Pöbel meint",K.455
作曲: Wolfgang Amadeus Mozart
段落: ['T', 'V1', 'V2', 'V3', 'V4', 'V5', 'V6', 'V7', 'V8', 'V9', 'V10']  (11 段)
边界(秒): [51.0, 73.0, 96.0, 119.0, 143.0, 190.0, 218.0, 264.0, 308.0, 380.0, 605.0, 747.0]

正在加载 WAV: WAMozart_K455_9.wav...
已加载: 765.3s @ 48000Hz
  [ 0] T        51.0s →    73.0s  (22.0s)
  [ 1] V1       73.0s →    96.0s  (23.0s)
  [ 2] V2       96.0s →   119.0s  (23.0s)
  [ 3] V3      119.0s →   143.0s  (24.0s)
  [ 4] V4      143.0s →   190.0s  (47.0s)
  [ 5] V5      190.0s →   218.0s  (28.0s)
  [ 6] V6      218.0s →   264.0s  (46.0s)
  [ 7] V7      264.0s →   308.0s  (44.0s)
  [ 8] V8      308.0s →   380.0s  (72.0s)
  [ 9] V9      380.0s →   605.0s  (225.0s)
  [10] V10     605.0s →   747.0s  (142.0s)

✓ 特征已保存: /Users/jiaxuan/Desktop/Music Project/VariVis/backend/features/WAMozart_K455_9.json

WAMozart_K455_9: 加载 WAV…
  T    51.0s–73.0s … key=Gmaj r=0.90  voiced=0.75  beats=41 ✓
  V1   73.0s–96.0s … key=Gmaj r=0.90  voiced=0.70  beats=48 ✓
  V2   96.0s–119.0s … key=Gmaj r=0.80  voiced=0.71  beats=44 ✓
  V3   119.0s–143.0s … key=Gmaj r=0.93  voiced=0.76  beats=66 ✓
  V4   143.0s–190.0s … key=Gmaj r=0.82  voiced=0.66  beats=89 ✓
  V5   190.0s–218.0s … key=Gmin r=0.81  voiced=0.77  beats=41 ✓
  V6   218.0s–264.0s … key=Gmaj r=0.88  voiced=0.75  beats=90 ✓
  V7   264.0s–308.0s … key=Gmaj r=0.94  voiced=0.80  beats=78 ✓
  V8   308.0s–380.0s … key=Gmaj r=0.77  voiced=0.78  beats=153 ✓
  V9   380.0s–605.0s … key=Gmaj r=0.85  voiced=0.80  beats=452 ✓
  V10  605.0s–747.0s … key=Gmaj r=0.90  voiced=0.76  beats=315 ✓
✓ 已保存: /Users/jiaxuan/Desktop/Music Project/VariVis/backend/features/WAMozart_K455_9.json
Sun Apr 26 06:33:18 AEST 2026: OK WAMozart_K455_9

============================================================
处理: WAMozart_K455_10
============================================================
曲目: 10 Variations on "Unser dummer Pöbel meint",K.455
作曲: Wolfgang Amadeus Mozart
段落: ['T', 'V1', 'V2', 'V3', 'V4', 'V5', 'V6', 'V7', 'V8', 'V9', 'V10']  (11 段)
边界(秒): [1.0, 55.0, 97.0, 143.0, 190.0, 240.0, 283.0, 337.0, 382.0, 456.0, 691.0, 834.0]

正在加载 WAV: WAMozart_K455_10.wav...
已加载: 835.9s @ 48000Hz
  [ 0] T         1.0s →    55.0s  (54.0s)
  [ 1] V1       55.0s →    97.0s  (42.0s)
  [ 2] V2       97.0s →   143.0s  (46.0s)
  [ 3] V3      143.0s →   190.0s  (47.0s)
  [ 4] V4      190.0s →   240.0s  (50.0s)
  [ 5] V5      240.0s →   283.0s  (43.0s)
  [ 6] V6      283.0s →   337.0s  (54.0s)
  [ 7] V7      337.0s →   382.0s  (45.0s)
  [ 8] V8      382.0s →   456.0s  (74.0s)
  [ 9] V9      456.0s →   691.0s  (235.0s)
  [10] V10     691.0s →   834.0s  (143.0s)

✓ 特征已保存: /Users/jiaxuan/Desktop/Music Project/VariVis/backend/features/WAMozart_K455_10.json

WAMozart_K455_10: 加载 WAV…
  T    1.0s–55.0s … key=Gmaj r=0.88  voiced=0.83  beats=92 ✓
  V1   55.0s–97.0s … key=Gmaj r=0.85  voiced=0.82  beats=90 ✓
  V2   97.0s–143.0s … key=Gmaj r=0.85  voiced=0.79  beats=94 ✓
  V3   143.0s–190.0s … key=Gmaj r=0.83  voiced=0.81  beats=141 ✓
  V4   190.0s–240.0s … key=Gmaj r=0.84  voiced=0.79  beats=83 ✓
  V5   240.0s–283.0s … key=Gmin r=0.79  voiced=0.79  beats=90 ✓
  V6   283.0s–337.0s … key=Gmaj r=0.88  voiced=0.79  beats=97 ✓
  V7   337.0s–382.0s … key=Gmaj r=0.92  voiced=0.81  beats=83 ✓
  V8   382.0s–456.0s … key=Gmaj r=0.92  voiced=0.72  beats=142 ✓
  V9   456.0s–691.0s … key=Dmaj r=0.83  voiced=0.81  beats=403 ✓
  V10  691.0s–834.0s … key=Gmaj r=0.91  voiced=0.73  beats=280 ✓
✓ 已保存: /Users/jiaxuan/Desktop/Music Project/VariVis/backend/features/WAMozart_K455_10.json
Sun Apr 26 07:07:56 AEST 2026: OK WAMozart_K455_10

============================================================
处理: WAMozart_K455_11
============================================================
曲目: 10 Variations on "Unser dummer Pöbel meint",K.455
作曲: Wolfgang Amadeus Mozart
段落: ['T', 'V1', 'V2', 'V3', 'V4', 'V5', 'V6', 'V7', 'V8', 'V9', 'V10']  (11 段)
边界(秒): [6.0, 28.0, 47.0, 68.0, 91.0, 134.0, 158.0, 199.0, 240.0, 302.0, 487.0, 619.0]

正在加载 WAV: WAMozart_K455_11.wav...
已加载: 620.1s @ 48000Hz
  [ 0] T         6.0s →    28.0s  (22.0s)
  [ 1] V1       28.0s →    47.0s  (19.0s)
  [ 2] V2       47.0s →    68.0s  (21.0s)
  [ 3] V3       68.0s →    91.0s  (23.0s)
  [ 4] V4       91.0s →   134.0s  (43.0s)
  [ 5] V5      134.0s →   158.0s  (24.0s)
  [ 6] V6      158.0s →   199.0s  (41.0s)
  [ 7] V7      199.0s →   240.0s  (41.0s)
  [ 8] V8      240.0s →   302.0s  (62.0s)
  [ 9] V9      302.0s →   487.0s  (185.0s)
  [10] V10     487.0s →   619.0s  (132.0s)

✓ 特征已保存: /Users/jiaxuan/Desktop/Music Project/VariVis/backend/features/WAMozart_K455_11.json

WAMozart_K455_11: 加载 WAV…
  T    6.0s–28.0s … key=Gmaj r=0.91  voiced=0.70  beats=45 ✓
  V1   28.0s–47.0s … key=Gmaj r=0.80  voiced=0.84  beats=37 ✓
  V2   47.0s–68.0s … key=Gmaj r=0.77  voiced=0.72  beats=44 ✓
  V3   68.0s–91.0s … key=Gmaj r=0.84  voiced=0.73  beats=48 ✓
  V4   91.0s–134.0s … key=Gmaj r=0.84  voiced=0.63  beats=94 ✓
  V5   134.0s–158.0s … key=Gmin r=0.86  voiced=0.79  beats=41 ✓
  V6   158.0s–199.0s … key=Gmaj r=0.83  voiced=0.73  beats=87 ✓
  V7   199.0s–240.0s … key=Gmaj r=0.96  voiced=0.82  beats=91 ✓
  V8   240.0s–302.0s … key=Gmaj r=0.88  voiced=0.67  beats=126 ✓
  V9   302.0s–487.0s … key=Gmaj r=0.79  voiced=0.81  beats=392 ✓
  V10  487.0s–619.0s … key=Gmaj r=0.89  voiced=0.72  beats=299 ✓
✓ 已保存: /Users/jiaxuan/Desktop/Music Project/VariVis/backend/features/WAMozart_K455_11.json
Sun Apr 26 07:30:42 AEST 2026: OK WAMozart_K455_11

============================================================
处理: WAMozart_K455_12
============================================================
曲目: 10 Variations on "Unser dummer Pöbel meint",K.455
作曲: Wolfgang Amadeus Mozart
段落: ['T', 'V1', 'V2', 'V3', 'V4', 'V5', 'V6', 'V7', 'V8', 'V9', 'V10']  (11 段)
边界(秒): [1.0, 33.0, 59.0, 88.0, 116.0, 160.0, 184.0, 223.0, 262.0, 322.0, 407.0, 529.0]

正在加载 WAV: WAMozart_K455_12.wav...
已加载: 536.3s @ 48000Hz
  [ 0] T         1.0s →    33.0s  (32.0s)
  [ 1] V1       33.0s →    59.0s  (26.0s)
  [ 2] V2       59.0s →    88.0s  (29.0s)
  [ 3] V3       88.0s →   116.0s  (28.0s)
  [ 4] V4      116.0s →   160.0s  (44.0s)
  [ 5] V5      160.0s →   184.0s  (24.0s)
  [ 6] V6      184.0s →   223.0s  (39.0s)
  [ 7] V7      223.0s →   262.0s  (39.0s)
  [ 8] V8      262.0s →   322.0s  (60.0s)
  [ 9] V9      322.0s →   407.0s  (85.0s)
  [10] V10     407.0s →   529.0s  (122.0s)

✓ 特征已保存: /Users/jiaxuan/Desktop/Music Project/VariVis/backend/features/WAMozart_K455_12.json

WAMozart_K455_12: 加载 WAV…
  T    1.0s–33.0s … key=Gmaj r=0.62  voiced=0.83  beats=50 ✓
  V1   33.0s–59.0s … key=Gmaj r=0.70  voiced=0.67  beats=50 ✓
  V2   59.0s–88.0s … key=Gmaj r=0.60  voiced=0.84  beats=54 ✓
  V3   88.0s–116.0s … key=Gmaj r=0.64  voiced=0.70  beats=56 ✓
  V4   116.0s–160.0s … key=Gmin r=0.58  voiced=0.81  beats=11 ✓
  V5   160.0s–184.0s … key=Gmin r=0.77  voiced=0.84  beats=23 ✓
  V6   184.0s–223.0s … key=Gmaj r=0.54  voiced=0.77  beats=60 ✓
  V7   223.0s–262.0s … key=Gmaj r=0.69  voiced=0.84  beats=70 ✓
  V8   262.0s–322.0s … key=Gmaj r=0.81  voiced=0.74  beats=157 ✓
  V9   322.0s–407.0s … key=Dmaj r=0.74  voiced=0.77  beats=227 ✓
  V10  407.0s–529.0s … key=Gmin r=0.72  voiced=0.69  beats=175 ✓
✓ 已保存: /Users/jiaxuan/Desktop/Music Project/VariVis/backend/features/WAMozart_K455_12.json
Sun Apr 26 07:54:28 AEST 2026: OK WAMozart_K455_12

============================================================
处理: WAMozart_K455_13
============================================================
曲目: 10 Variations on "Unser dummer Pöbel meint",K.455
作曲: Wolfgang Amadeus Mozart
段落: ['T', 'V1', 'V2', 'V3', 'V4', 'V5', 'V6', 'V7', 'V8', 'V9', 'V10']  (11 段)
边界(秒): [1.0, 41.0, 81.0, 123.0, 169.0, 211.0, 260.0, 299.0, 337.0, 405.0, 602.0, 734.0]

正在加载 WAV: WAMozart_K455_13.wav...
已加载: 737.4s @ 48000Hz
  [ 0] T         1.0s →    41.0s  (40.0s)
  [ 1] V1       41.0s →    81.0s  (40.0s)
  [ 2] V2       81.0s →   123.0s  (42.0s)
  [ 3] V3      123.0s →   169.0s  (46.0s)
  [ 4] V4      169.0s →   211.0s  (42.0s)
  [ 5] V5      211.0s →   260.0s  (49.0s)
  [ 6] V6      260.0s →   299.0s  (39.0s)
  [ 7] V7      299.0s →   337.0s  (38.0s)
  [ 8] V8      337.0s →   405.0s  (68.0s)
  [ 9] V9      405.0s →   602.0s  (197.0s)
  [10] V10     602.0s →   734.0s  (132.0s)

✓ 特征已保存: /Users/jiaxuan/Desktop/Music Project/VariVis/backend/features/WAMozart_K455_13.json

WAMozart_K455_13: 加载 WAV…
  T    1.0s–41.0s … key=Gmaj r=0.68  voiced=0.73  beats=94 ✓
  V1   41.0s–81.0s … key=Gmaj r=0.70  voiced=0.70  beats=97 ✓
  V2   81.0s–123.0s … key=Dmaj r=0.74  voiced=0.72  beats=94 ✓
  V3   123.0s–169.0s … key=Cmaj r=0.61  voiced=0.74  beats=96 ✓
  V4   169.0s–211.0s … key=Gmaj r=0.78  voiced=0.67  beats=44 ✓
  V5   211.0s–260.0s … key=A#maj r=0.73  voiced=0.76  beats=99 ✓
  V6   260.0s–299.0s … key=Cmaj r=0.66  voiced=0.74  beats=95 ✓
  V7   299.0s–337.0s … key=Gmaj r=0.58  voiced=0.83  beats=94 ✓
  V8   337.0s–405.0s … key=Gmaj r=0.68  voiced=0.76  beats=175 ✓
  V9   405.0s–602.0s … key=Cmaj r=0.49  voiced=0.74  beats=461 ✓
  V10  602.0s–734.0s … key=Gmaj r=0.71  voiced=0.75  beats=278 ✓
✓ 已保存: /Users/jiaxuan/Desktop/Music Project/VariVis/backend/features/WAMozart_K455_13.json
Sun Apr 26 08:33:55 AEST 2026: OK WAMozart_K455_13

============================================================
处理: WAMozart_K455_14
============================================================
曲目: 10 Variations on "Unser dummer Pöbel meint",K.455
作曲: Wolfgang Amadeus Mozart
段落: ['T', 'V1', 'V2', 'V3', 'V4', 'V5', 'V6', 'V7', 'V8', 'V9', 'V10']  (11 段)
边界(秒): [2.0, 36.0, 71.0, 114.0, 147.0, 194.0, 235.0, 306.0, 352.0, 424.0, 626.0, 773.0]

正在加载 WAV: WAMozart_K455_14.wav...
已加载: 774.1s @ 48000Hz
  [ 0] T         2.0s →    36.0s  (34.0s)
  [ 1] V1       36.0s →    71.0s  (35.0s)
  [ 2] V2       71.0s →   114.0s  (43.0s)
  [ 3] V3      114.0s →   147.0s  (33.0s)
  [ 4] V4      147.0s →   194.0s  (47.0s)
  [ 5] V5      194.0s →   235.0s  (41.0s)
  [ 6] V6      235.0s →   306.0s  (71.0s)
  [ 7] V7      306.0s →   352.0s  (46.0s)
  [ 8] V8      352.0s →   424.0s  (72.0s)
  [ 9] V9      424.0s →   626.0s  (202.0s)
  [10] V10     626.0s →   773.0s  (147.0s)

✓ 特征已保存: /Users/jiaxuan/Desktop/Music Project/VariVis/backend/features/WAMozart_K455_14.json

WAMozart_K455_14: 加载 WAV…
  T    2.0s–36.0s … key=Gmaj r=0.93  voiced=0.72  beats=58 ✓
  V1   36.0s–71.0s … key=Gmaj r=0.86  voiced=0.86  beats=72 ✓
  V2   71.0s–114.0s … key=Gmaj r=0.94  voiced=0.74  beats=88 ✓
  V3   114.0s–147.0s … key=Gmaj r=0.94  voiced=0.82  beats=82 ✓
  V4   147.0s–194.0s … key=Gmaj r=0.85  voiced=0.56  beats=86 ✓
  V5   194.0s–235.0s … key=Gmin r=0.79  voiced=0.75  beats=122 ✓
  V6   235.0s–306.0s … key=Gmaj r=0.81  voiced=0.69  beats=187 ✓
  V7   306.0s–352.0s … key=Gmaj r=0.95  voiced=0.75  beats=94 ✓
  V8   352.0s–424.0s … key=Gmaj r=0.91  voiced=0.60  beats=179 ✓
  V9   424.0s–626.0s … key=Gmaj r=0.87  voiced=0.76  beats=366 ✓
  V10  626.0s–773.0s … key=Gmaj r=0.96  voiced=0.62  beats=332 ✓
✓ 已保存: /Users/jiaxuan/Desktop/Music Project/VariVis/backend/features/WAMozart_K455_14.json
Sun Apr 26 08:53:44 AEST 2026: OK WAMozart_K455_14

============================================================
处理: WAMozart_K455_15
============================================================
曲目: 10 Variations on "Unser dummer Pöbel meint",K.455
作曲: Wolfgang Amadeus Mozart
段落: ['T', 'V1', 'V2', 'V3', 'V4', 'V5', 'V6', 'V7', 'V8', 'V9', 'V10']  (11 段)
边界(秒): [1.0, 30.0, 57.0, 87.0, 121.0, 164.0, 199.0, 242.0, 293.0, 365.0, 564.0, 707.0]

正在加载 WAV: WAMozart_K455_15.wav...
已加载: 707.8s @ 48000Hz
  [ 0] T         1.0s →    30.0s  (29.0s)
  [ 1] V1       30.0s →    57.0s  (27.0s)
  [ 2] V2       57.0s →    87.0s  (30.0s)
  [ 3] V3       87.0s →   121.0s  (34.0s)
  [ 4] V4      121.0s →   164.0s  (43.0s)
  [ 5] V5      164.0s →   199.0s  (35.0s)
  [ 6] V6      199.0s →   242.0s  (43.0s)
  [ 7] V7      242.0s →   293.0s  (51.0s)
  [ 8] V8      293.0s →   365.0s  (72.0s)
  [ 9] V9      365.0s →   564.0s  (199.0s)
  [10] V10     564.0s →   707.0s  (143.0s)

✓ 特征已保存: /Users/jiaxuan/Desktop/Music Project/VariVis/backend/features/WAMozart_K455_15.json

WAMozart_K455_15: 加载 WAV…
  T    1.0s–30.0s … key=Gmaj r=0.87  voiced=0.64  beats=46 ✓
  V1   30.0s–57.0s … key=Gmaj r=0.81  voiced=0.64  beats=72 ✓
  V2   57.0s–87.0s … key=Gmaj r=0.68  voiced=0.68  beats=65 ✓
  V3   87.0s–121.0s … key=Gmaj r=0.85  voiced=0.77  beats=93 ✓
  V4   121.0s–164.0s … key=Gmaj r=0.86  voiced=0.70  beats=93 ✓
  V5   164.0s–199.0s … key=Gmin r=0.84  voiced=0.78  beats=58 ✓
  V6   199.0s–242.0s … key=Gmaj r=0.84  voiced=0.70  beats=86 ✓
  V7   242.0s–293.0s … key=Gmaj r=0.91  voiced=0.81  beats=73 ✓
  V8   293.0s–365.0s … key=Gmaj r=0.92  voiced=0.76  beats=176 ✓
  V9   365.0s–564.0s … key=Gmaj r=0.86  voiced=0.75  beats=365 ✓
  V10  564.0s–707.0s … key=Gmaj r=0.88  voiced=0.73  beats=301 ✓
✓ 已保存: /Users/jiaxuan/Desktop/Music Project/VariVis/backend/features/WAMozart_K455_15.json
Sun Apr 26 09:51:20 AEST 2026: OK WAMozart_K455_15

============================================================
处理: JHaydn_XVII5_2
============================================================
曲目: Variations in C major,Hob.XVII:5
作曲: Joseph Haydn
段落: ['T', 'V1', 'V2', 'V3', 'V4', 'V5', 'V6']  (7 段)
边界(秒): [3.0, 60.0, 114.0, 166.0, 219.0, 275.0, 344.0, 394.0]

正在加载 WAV: JHaydn_XVII5_2.wav...
已加载: 412.8s @ 48000Hz
  [ 0] T         3.0s →    60.0s  (57.0s)
  [ 1] V1       60.0s →   114.0s  (54.0s)
  [ 2] V2      114.0s →   166.0s  (52.0s)
  [ 3] V3      166.0s →   219.0s  (53.0s)
  [ 4] V4      219.0s →   275.0s  (56.0s)
  [ 5] V5      275.0s →   344.0s  (69.0s)
  [ 6] V6      344.0s →   394.0s  (50.0s)

✓ 特征已保存: /Users/jiaxuan/Desktop/Music Project/VariVis/backend/features/JHaydn_XVII5_2.json

JHaydn_XVII5_2: 加载 WAV…
  T    3.0s–60.0s … key=Cmaj r=0.80  voiced=0.80  beats=133 ✓
  V1   60.0s–114.0s … key=Cmaj r=0.80  voiced=0.80  beats=123 ✓
  V2   114.0s–166.0s … key=Cmaj r=0.80  voiced=0.81  beats=125 ✓
  V3   166.0s–219.0s … key=Cmaj r=0.84  voiced=0.72  beats=134 ✓
  V4   219.0s–275.0s … key=Cmaj r=0.75  voiced=0.80  beats=129 ✓
  V5   275.0s–344.0s … key=Cmin r=0.74  voiced=0.87  beats=137 ✓
  V6   344.0s–394.0s … key=Cmaj r=0.72  voiced=0.72  beats=122 ✓
✓ 已保存: /Users/jiaxuan/Desktop/Music Project/VariVis/backend/features/JHaydn_XVII5_2.json
Sun Apr 26 09:52:53 AEST 2026: OK JHaydn_XVII5_2

============================================================
处理: JHaydn_XVII5_3
============================================================
曲目: Variations in C major,Hob.XVII:5
作曲: Joseph Haydn
段落: ['T', 'V1', 'V2', 'V3', 'V4', 'V5', 'V6']  (7 段)
边界(秒): [1.0, 57.0, 111.0, 165.0, 219.0, 275.0, 344.0, 396.0]

正在加载 WAV: JHaydn_XVII5_3.wav...
已加载: 399.0s @ 48000Hz
  [ 0] T         1.0s →    57.0s  (56.0s)
  [ 1] V1       57.0s →   111.0s  (54.0s)
  [ 2] V2      111.0s →   165.0s  (54.0s)
  [ 3] V3      165.0s →   219.0s  (54.0s)
  [ 4] V4      219.0s →   275.0s  (56.0s)
  [ 5] V5      275.0s →   344.0s  (69.0s)
  [ 6] V6      344.0s →   396.0s  (52.0s)

✓ 特征已保存: /Users/jiaxuan/Desktop/Music Project/VariVis/backend/features/JHaydn_XVII5_3.json

JHaydn_XVII5_3: 加载 WAV…
  T    1.0s–57.0s … key=Cmaj r=0.87  voiced=0.79  beats=122 ✓
  V1   57.0s–111.0s … key=Cmaj r=0.87  voiced=0.79  beats=127 ✓
  V2   111.0s–165.0s … key=Cmaj r=0.89  voiced=0.78  beats=121 ✓
  V3   165.0s–219.0s … key=Cmaj r=0.91  voiced=0.67  beats=137 ✓
  V4   219.0s–275.0s … key=Cmaj r=0.85  voiced=0.76  beats=125 ✓
  V5   275.0s–344.0s … key=Cmin r=0.79  voiced=0.86  beats=211 ✓
  V6   344.0s–396.0s … key=Cmaj r=0.85  voiced=0.70  beats=122 ✓
✓ 已保存: /Users/jiaxuan/Desktop/Music Project/VariVis/backend/features/JHaydn_XVII5_3.json
Sun Apr 26 10:03:04 AEST 2026: OK JHaydn_XVII5_3

============================================================
处理: JHaydn_XVII5_4
============================================================
曲目: Variations in C major,Hob.XVII:5
作曲: Joseph Haydn
段落: ['T', 'V1', 'V2', 'V3', 'V4', 'V5', 'V6']  (7 段)
边界(秒): [6.0, 66.0, 124.0, 183.0, 248.0, 309.0, 395.0, 460.0]

正在加载 WAV: JHaydn_XVII5_4.wav...
已加载: 462.8s @ 48000Hz
  [ 0] T         6.0s →    66.0s  (60.0s)
  [ 1] V1       66.0s →   124.0s  (58.0s)
  [ 2] V2      124.0s →   183.0s  (59.0s)
  [ 3] V3      183.0s →   248.0s  (65.0s)
  [ 4] V4      248.0s →   309.0s  (61.0s)
  [ 5] V5      309.0s →   395.0s  (86.0s)
  [ 6] V6      395.0s →   460.0s  (65.0s)

✓ 特征已保存: /Users/jiaxuan/Desktop/Music Project/VariVis/backend/features/JHaydn_XVII5_4.json

JHaydn_XVII5_4: 加载 WAV…
  T    6.0s–66.0s … key=Cmaj r=0.92  voiced=0.84  beats=127 ✓
  V1   66.0s–124.0s … key=Cmaj r=0.87  voiced=0.81  beats=128 ✓
  V2   124.0s–183.0s … key=Cmaj r=0.86  voiced=0.83  beats=124 ✓
  V3   183.0s–248.0s … key=Cmaj r=0.79  voiced=0.80  beats=144 ✓
  V4   248.0s–309.0s … key=Cmaj r=0.81  voiced=0.82  beats=120 ✓
  V5   309.0s–395.0s … key=Cmin r=0.79  voiced=0.85  beats=219 ✓
  V6   395.0s–460.0s … key=Cmaj r=0.83  voiced=0.83  beats=127 ✓
✓ 已保存: /Users/jiaxuan/Desktop/Music Project/VariVis/backend/features/JHaydn_XVII5_4.json
Sun Apr 26 10:35:44 AEST 2026: OK JHaydn_XVII5_4

============================================================
处理: JHaydn_XVII5_5
============================================================
曲目: Variations in C major,Hob.XVII:5
作曲: Joseph Haydn
段落: ['T', 'V1', 'V2', 'V3', 'V4', 'V5', 'V6']  (7 段)
边界(秒): [0.0, 51.0, 101.0, 159.0, 195.0, 244.0, 336.0, 383.0]

正在加载 WAV: JHaydn_XVII5_5.wav...
已加载: 390.1s @ 48000Hz
  [ 0] T         0.0s →    51.0s  (51.0s)
  [ 1] V1       51.0s →   101.0s  (50.0s)
  [ 2] V2      101.0s →   159.0s  (58.0s)
  [ 3] V3      159.0s →   195.0s  (36.0s)
  [ 4] V4      195.0s →   244.0s  (49.0s)
  [ 5] V5      244.0s →   336.0s  (92.0s)
  [ 6] V6      336.0s →   383.0s  (47.0s)

✓ 特征已保存: /Users/jiaxuan/Desktop/Music Project/VariVis/backend/features/JHaydn_XVII5_5.json

JHaydn_XVII5_5: 加载 WAV…
  T    0.0s–51.0s … key=Cmaj r=0.86  voiced=0.80  beats=76 ✓
  V1   51.0s–101.0s … key=Cmaj r=0.85  voiced=0.78  beats=88 ✓
  V2   101.0s–159.0s … key=Cmaj r=0.90  voiced=0.76  beats=104 ✓
  V3   159.0s–195.0s … key=Cmaj r=0.91  voiced=0.73  beats=62 ✓
  V4   195.0s–244.0s … key=Cmaj r=0.87  voiced=0.73  beats=171 ✓
  V5   244.0s–336.0s … key=Cmin r=0.86  voiced=0.79  beats=155 ✓
  V6   336.0s–383.0s … key=Cmaj r=0.87  voiced=0.71  beats=89 ✓
✓ 已保存: /Users/jiaxuan/Desktop/Music Project/VariVis/backend/features/JHaydn_XVII5_5.json
Sun Apr 26 11:04:00 AEST 2026: OK JHaydn_XVII5_5

============================================================
处理: JHaydn_XVII5_6
============================================================
曲目: Variations in C major,Hob.XVII:5
作曲: Joseph Haydn
段落: ['T', 'V1', 'V2', 'V3', 'V4', 'V5', 'V6']  (7 段)
边界(秒): [1.0, 99.0, 212.0, 288.0, 387.0, 485.0, 603.0, 699.0]

正在加载 WAV: JHaydn_XVII5_6.wav...
已加载: 701.3s @ 48000Hz
  [ 0] T         1.0s →    99.0s  (98.0s)
  [ 1] V1       99.0s →   212.0s  (113.0s)
  [ 2] V2      212.0s →   288.0s  (76.0s)
  [ 3] V3      288.0s →   387.0s  (99.0s)
  [ 4] V4      387.0s →   485.0s  (98.0s)
  [ 5] V5      485.0s →   603.0s  (118.0s)
  [ 6] V6      603.0s →   699.0s  (96.0s)

✓ 特征已保存: /Users/jiaxuan/Desktop/Music Project/VariVis/backend/features/JHaydn_XVII5_6.json

JHaydn_XVII5_6: 加载 WAV…
  T    1.0s–99.0s … key=Cmaj r=0.86  voiced=0.86  beats=266 ✓
  V1   99.0s–212.0s … key=Cmaj r=0.88  voiced=0.84  beats=307 ✓
  V2   212.0s–288.0s … key=Cmaj r=0.89  voiced=0.84  beats=206 ✓
  V3   288.0s–387.0s … key=Cmaj r=0.90  voiced=0.80  beats=271 ✓
  V4   387.0s–485.0s … key=Cmaj r=0.85  voiced=0.82  beats=255 ✓
  V5   485.0s–603.0s … key=D#maj r=0.77  voiced=0.84  beats=316 ✓
  V6   603.0s–699.0s … key=Cmaj r=0.84  voiced=0.79  beats=261 ✓
✓ 已保存: /Users/jiaxuan/Desktop/Music Project/VariVis/backend/features/JHaydn_XVII5_6.json
Sun Apr 26 11:35:01 AEST 2026: OK JHaydn_XVII5_6

============================================================
处理: JHaydn_XVII5_7
============================================================
曲目: Variations in C major,Hob.XVII:5
作曲: Joseph Haydn
段落: ['T', 'V1', 'V2', 'V3', 'V4', 'V5', 'V6']  (7 段)
边界(秒): [1.0, 61.0, 123.0, 183.0, 248.0, 310.0, 388.0, 447.0]

正在加载 WAV: JHaydn_XVII5_7.wav...
已加载: 451.8s @ 48000Hz
  [ 0] T         1.0s →    61.0s  (60.0s)
  [ 1] V1       61.0s →   123.0s  (62.0s)
  [ 2] V2      123.0s →   183.0s  (60.0s)
  [ 3] V3      183.0s →   248.0s  (65.0s)
  [ 4] V4      248.0s →   310.0s  (62.0s)
  [ 5] V5      310.0s →   388.0s  (78.0s)
  [ 6] V6      388.0s →   447.0s  (59.0s)

✓ 特征已保存: /Users/jiaxuan/Desktop/Music Project/VariVis/backend/features/JHaydn_XVII5_7.json

JHaydn_XVII5_7: 加载 WAV…
  T    1.0s–61.0s … key=Cmaj r=0.75  voiced=0.61  beats=127 ✓
  V1   61.0s–123.0s … key=Cmaj r=0.71  voiced=0.59  beats=139 ✓
  V2   123.0s–183.0s … key=Cmaj r=0.78  voiced=0.60  beats=120 ✓
  V3   183.0s–248.0s … key=Gmaj r=0.77  voiced=0.58  beats=139 ✓
  V4   248.0s–310.0s … key=Cmaj r=0.73  voiced=0.61  beats=132 ✓
  V5   310.0s–388.0s … key=Cmin r=0.72  voiced=0.75  beats=229 ✓
  V6   388.0s–447.0s … key=Cmaj r=0.73  voiced=0.61  beats=130 ✓
✓ 已保存: /Users/jiaxuan/Desktop/Music Project/VariVis/backend/features/JHaydn_XVII5_7.json
Sun Apr 26 11:36:54 AEST 2026: OK JHaydn_XVII5_7

============================================================
处理: JHaydn_XVII5_8
============================================================
曲目: Variations in C major,Hob.XVII:5
作曲: Joseph Haydn
段落: ['T', 'V1', 'V2', 'V3', 'V4', 'V5', 'V6']  (7 段)
边界(秒): [0.0, 50.0, 100.0, 150.0, 201.0, 251.0, 308.0, 355.0]

正在加载 WAV: JHaydn_XVII5_8.wav...
已加载: 359.4s @ 48000Hz
  [ 0] T         0.0s →    50.0s  (50.0s)
  [ 1] V1       50.0s →   100.0s  (50.0s)
  [ 2] V2      100.0s →   150.0s  (50.0s)
  [ 3] V3      150.0s →   201.0s  (51.0s)
  [ 4] V4      201.0s →   251.0s  (50.0s)
  [ 5] V5      251.0s →   308.0s  (57.0s)
  [ 6] V6      308.0s →   355.0s  (47.0s)

✓ 特征已保存: /Users/jiaxuan/Desktop/Music Project/VariVis/backend/features/JHaydn_XVII5_8.json

JHaydn_XVII5_8: 加载 WAV…
  T    0.0s–50.0s … key=Cmaj r=0.85  voiced=0.87  beats=86 ✓
  V1   50.0s–100.0s … key=Cmaj r=0.92  voiced=0.65  beats=86 ✓
  V2   100.0s–150.0s … key=Cmaj r=0.85  voiced=0.80  beats=88 ✓
  V3   150.0s–201.0s … key=Cmaj r=0.93  voiced=0.77  beats=88 ✓
  V4   201.0s–251.0s … key=Cmaj r=0.88  voiced=0.73  beats=91 ✓
  V5   251.0s–308.0s … key=D#maj r=0.92  voiced=0.61  beats=102 ✓
  V6   308.0s–355.0s … key=Cmaj r=0.91  voiced=0.70  beats=87 ✓
✓ 已保存: /Users/jiaxuan/Desktop/Music Project/VariVis/backend/features/JHaydn_XVII5_8.json
Sun Apr 26 11:38:25 AEST 2026: OK JHaydn_XVII5_8

============================================================
处理: JHaydn_XVII5_9
============================================================
曲目: Variations in C major,Hob.XVII:5
作曲: Joseph Haydn
段落: ['T', 'V1', 'V2', 'V3', 'V4', 'V5', 'V6']  (7 段)
边界(秒): [1.0, 60.0, 119.0, 180.0, 238.0, 311.0, 389.0, 442.0]

正在加载 WAV: JHaydn_XVII5_9.wav...
已加载: 450.4s @ 48000Hz
  [ 0] T         1.0s →    60.0s  (59.0s)
  [ 1] V1       60.0s →   119.0s  (59.0s)
  [ 2] V2      119.0s →   180.0s  (61.0s)
  [ 3] V3      180.0s →   238.0s  (58.0s)
  [ 4] V4      238.0s →   311.0s  (73.0s)
  [ 5] V5      311.0s →   389.0s  (78.0s)
  [ 6] V6      389.0s →   442.0s  (53.0s)

✓ 特征已保存: /Users/jiaxuan/Desktop/Music Project/VariVis/backend/features/JHaydn_XVII5_9.json

JHaydn_XVII5_9: 加载 WAV…
  T    1.0s–60.0s … key=Bmaj r=0.83  voiced=0.78  beats=135 ✓
  V1   60.0s–119.0s … key=Bmaj r=0.84  voiced=0.71  beats=130 ✓
  V2   119.0s–180.0s … key=Bmaj r=0.83  voiced=0.79  beats=141 ✓
  V3   180.0s–238.0s … key=Bmaj r=0.80  voiced=0.55  beats=128 ✓
  V4   238.0s–311.0s … key=Bmaj r=0.71  voiced=0.78  beats=262 ✓
  V5   311.0s–389.0s … key=Bmin r=0.71  voiced=0.81  beats=219 ✓
  V6   389.0s–442.0s … key=Bmaj r=0.84  voiced=0.68  beats=123 ✓
✓ 已保存: /Users/jiaxuan/Desktop/Music Project/VariVis/backend/features/JHaydn_XVII5_9.json
Sun Apr 26 11:40:18 AEST 2026: OK JHaydn_XVII5_9

============================================================
处理: JHaydn_XVII3_1
============================================================
曲目: "Arietta con Variazioni" in E-flat Major Hob. XVII/3
作曲: Joseph Haydn
段落: ['T', 'V1', 'V2', 'V3', 'V4', 'V5', 'V6', 'V7', 'V8', 'V9', 'V10', 'V11', 'V12']  (13 段)
边界(秒): [3.0, 60.0, 112.0, 167.0, 223.0, 278.0, 337.0, 392.0, 448.0, 500.0, 554.0, 614.0, 675.0, 736.0]

正在加载 WAV: JHaydn_XVII3_1.wav...
已加载: 737.2s @ 48000Hz
  [ 0] T         3.0s →    60.0s  (57.0s)
  [ 1] V1       60.0s →   112.0s  (52.0s)
  [ 2] V2      112.0s →   167.0s  (55.0s)
  [ 3] V3      167.0s →   223.0s  (56.0s)
  [ 4] V4      223.0s →   278.0s  (55.0s)
  [ 5] V5      278.0s →   337.0s  (59.0s)
  [ 6] V6      337.0s →   392.0s  (55.0s)
  [ 7] V7      392.0s →   448.0s  (56.0s)
  [ 8] V8      448.0s →   500.0s  (52.0s)
  [ 9] V9      500.0s →   554.0s  (54.0s)
  [10] V10     554.0s →   614.0s  (60.0s)
  [11] V11     614.0s →   675.0s  (61.0s)
  [12] V12     675.0s →   736.0s  (61.0s)

✓ 特征已保存: /Users/jiaxuan/Desktop/Music Project/VariVis/backend/features/JHaydn_XVII3_1.json

JHaydn_XVII3_1: 加载 WAV…
  T    3.0s–60.0s … key=D#maj r=0.92  voiced=0.81  beats=116 ✓
  V1   60.0s–112.0s … key=D#maj r=0.92  voiced=0.78  beats=124 ✓
  V2   112.0s–167.0s … key=D#maj r=0.96  voiced=0.76  beats=114 ✓
  V3   167.0s–223.0s … key=D#maj r=0.94  voiced=0.83  beats=117 ✓
  V4   223.0s–278.0s … key=D#maj r=0.95  voiced=0.76  beats=112 ✓
  V5   278.0s–337.0s … key=D#maj r=0.93  voiced=0.81  beats=112 ✓
  V6   337.0s–392.0s … key=D#maj r=0.93  voiced=0.73  beats=100 ✓
  V7   392.0s–448.0s … key=D#maj r=0.92  voiced=0.78  beats=247 ✓
  V8   448.0s–500.0s … key=D#maj r=0.88  voiced=0.78  beats=115 ✓
  V9   500.0s–554.0s … key=D#maj r=0.94  voiced=0.79  beats=117 ✓
  V10  554.0s–614.0s … key=D#maj r=0.95  voiced=0.73  beats=117 ✓
  V11  614.0s–675.0s … key=D#maj r=0.92  voiced=0.79  beats=123 ✓
  V12  675.0s–736.0s … key=D#maj r=0.96  voiced=0.78  beats=123 ✓
✓ 已保存: /Users/jiaxuan/Desktop/Music Project/VariVis/backend/features/JHaydn_XVII3_1.json
Sun Apr 26 11:43:21 AEST 2026: OK JHaydn_XVII3_1

============================================================
处理: JHaydn_XVII3_2
============================================================
曲目: "Arietta con Variazioni" in E-flat Major Hob. XVII/3
作曲: Joseph Haydn
段落: ['T', 'V1', 'V2', 'V3', 'V4', 'V5', 'V6', 'V7', 'V8', 'V9', 'V10', 'V11', 'V12']  (13 段)
边界(秒): [4.0, 56.0, 94.0, 144.0, 194.0, 234.0, 290.0, 326.0, 382.0, 417.0, 474.0, 518.0, 578.0, 617.0]

正在加载 WAV: JHaydn_XVII3_2.wav...
已加载: 635.2s @ 48000Hz
  [ 0] T         4.0s →    56.0s  (52.0s)
  [ 1] V1       56.0s →    94.0s  (38.0s)
  [ 2] V2       94.0s →   144.0s  (50.0s)
  [ 3] V3      144.0s →   194.0s  (50.0s)
  [ 4] V4      194.0s →   234.0s  (40.0s)
  [ 5] V5      234.0s →   290.0s  (56.0s)
  [ 6] V6      290.0s →   326.0s  (36.0s)
  [ 7] V7      326.0s →   382.0s  (56.0s)
  [ 8] V8      382.0s →   417.0s  (35.0s)
  [ 9] V9      417.0s →   474.0s  (57.0s)
  [10] V10     474.0s →   518.0s  (44.0s)
  [11] V11     518.0s →   578.0s  (60.0s)
  [12] V12     578.0s →   617.0s  (39.0s)

✓ 特征已保存: /Users/jiaxuan/Desktop/Music Project/VariVis/backend/features/JHaydn_XVII3_2.json

JHaydn_XVII3_2: 加载 WAV…
  T    4.0s–56.0s … key=D#maj r=0.90  voiced=0.89  beats=62 ✓
  V1   56.0s–94.0s … key=D#maj r=0.93  voiced=0.84  beats=111 ✓
  V2   94.0s–144.0s … key=D#maj r=0.95  voiced=0.83  beats=81 ✓
  V3   144.0s–194.0s … key=D#maj r=0.85  voiced=0.81  beats=116 ✓
  V4   194.0s–234.0s … key=D#maj r=0.93  voiced=0.74  beats=62 ✓
  V5   234.0s–290.0s … key=D#maj r=0.93  voiced=0.87  beats=145 ✓
  V6   290.0s–326.0s … key=D#maj r=0.96  voiced=0.73  beats=60 ✓
  V7   326.0s–382.0s … key=D#maj r=0.90  voiced=0.83  beats=128 ✓
  V8   382.0s–417.0s … key=D#maj r=0.91  voiced=0.85  beats=57 ✓
  V9   417.0s–474.0s … key=D#maj r=0.89  voiced=0.87  beats=123 ✓
  V10  474.0s–518.0s … key=D#maj r=0.94  voiced=0.75  beats=125 ✓
  V11  518.0s–578.0s … key=D#maj r=0.87  voiced=0.89  beats=151 ✓
  V12  578.0s–617.0s … key=D#maj r=0.94  voiced=0.76  beats=60 ✓
✓ 已保存: /Users/jiaxuan/Desktop/Music Project/VariVis/backend/features/JHaydn_XVII3_2.json
Sun Apr 26 11:45:58 AEST 2026: OK JHaydn_XVII3_2

============================================================
处理: JHaydn_XVII3_3
============================================================
曲目: "Arietta con Variazioni" in E-flat Major Hob. XVII/3
作曲: Joseph Haydn
段落: ['T', 'V1', 'V2', 'V3', 'V4', 'V5', 'V6', 'V7', 'V8', 'V9', 'V10', 'V11', 'V12']  (13 段)
边界(秒): [6.0, 70.0, 137.0, 195.0, 256.0, 317.0, 378.0, 439.0, 500.0, 556.0, 614.0, 679.0, 745.0, 811.0]

正在加载 WAV: JHaydn_XVII3_3.wav...
已加载: 814.4s @ 48000Hz
  [ 0] T         6.0s →    70.0s  (64.0s)
  [ 1] V1       70.0s →   137.0s  (67.0s)
  [ 2] V2      137.0s →   195.0s  (58.0s)
  [ 3] V3      195.0s →   256.0s  (61.0s)
  [ 4] V4      256.0s →   317.0s  (61.0s)
  [ 5] V5      317.0s →   378.0s  (61.0s)
  [ 6] V6      378.0s →   439.0s  (61.0s)
  [ 7] V7      439.0s →   500.0s  (61.0s)
  [ 8] V8      500.0s →   556.0s  (56.0s)
  [ 9] V9      556.0s →   614.0s  (58.0s)
  [10] V10     614.0s →   679.0s  (65.0s)
  [11] V11     679.0s →   745.0s  (66.0s)
  [12] V12     745.0s →   811.0s  (66.0s)

✓ 特征已保存: /Users/jiaxuan/Desktop/Music Project/VariVis/backend/features/JHaydn_XVII3_3.json

JHaydn_XVII3_3: 加载 WAV…
  T    6.0s–70.0s … key=D#maj r=0.67  voiced=0.81  beats=115 ✓
  V1   70.0s–137.0s … key=D#maj r=0.81  voiced=0.78  beats=118 ✓
  V2   137.0s–195.0s … key=D#maj r=0.84  voiced=0.73  beats=151 ✓
  V3   195.0s–256.0s … key=D#maj r=0.73  voiced=0.72  beats=116 ✓
  V4   256.0s–317.0s … key=D#maj r=0.80  voiced=0.75  beats=120 ✓
  V5   317.0s–378.0s … key=D#maj r=0.88  voiced=0.78  beats=121 ✓
  V6   378.0s–439.0s … key=D#maj r=0.92  voiced=0.71  beats=114 ✓
  V7   439.0s–500.0s … key=D#maj r=0.82  voiced=0.78  beats=117 ✓
  V8   500.0s–556.0s … key=D#maj r=0.74  voiced=0.74  beats=114 ✓
  V9   556.0s–614.0s … key=D#maj r=0.77  voiced=0.79  beats=114 ✓
  V10  614.0s–679.0s … key=D#maj r=0.85  voiced=0.74  beats=120 ✓
  V11  679.0s–745.0s … key=D#maj r=0.69  voiced=0.81  beats=110 ✓
  V12  745.0s–811.0s … key=D#maj r=0.87  voiced=0.74  beats=126 ✓
✓ 已保存: /Users/jiaxuan/Desktop/Music Project/VariVis/backend/features/JHaydn_XVII3_3.json
Sun Apr 26 11:49:22 AEST 2026: OK JHaydn_XVII3_3

============================================================
处理: JHaydn_XVII3_4
============================================================
曲目: "Arietta con Variazioni" in E-flat Major Hob. XVII/3
作曲: Joseph Haydn
段落: ['T', 'V1', 'V2', 'V3', 'V4', 'V5', 'V6', 'V7', 'V8', 'V9', 'V10', 'V11', 'V12']  (13 段)
边界(秒): [1.0, 79.0, 154.0, 220.0, 303.0, 364.0, 451.0, 509.0, 593.0, 641.0, 723.0, 791.0, 896.0, 1001.0]

正在加载 WAV: JHaydn_XVII3_4.wav...
已加载: 1015.0s @ 48000Hz
  [ 0] T         1.0s →    79.0s  (78.0s)
  [ 1] V1       79.0s →   154.0s  (75.0s)
  [ 2] V2      154.0s →   220.0s  (66.0s)
  [ 3] V3      220.0s →   303.0s  (83.0s)
  [ 4] V4      303.0s →   364.0s  (61.0s)
  [ 5] V5      364.0s →   451.0s  (87.0s)
  [ 6] V6      451.0s →   509.0s  (58.0s)
  [ 7] V7      509.0s →   593.0s  (84.0s)
  [ 8] V8      593.0s →   641.0s  (48.0s)
  [ 9] V9      641.0s →   723.0s  (82.0s)
  [10] V10     723.0s →   791.0s  (68.0s)
  [11] V11     791.0s →   896.0s  (105.0s)
  [12] V12     896.0s →  1001.0s  (105.0s)

✓ 特征已保存: /Users/jiaxuan/Desktop/Music Project/VariVis/backend/features/JHaydn_XVII3_4.json

JHaydn_XVII3_4: 加载 WAV…
  T    1.0s–79.0s … key=D#maj r=0.83  voiced=0.82  beats=126 ✓
  V1   79.0s–154.0s … key=D#maj r=0.78  voiced=0.82  beats=124 ✓
  V2   154.0s–220.0s … key=D#maj r=0.88  voiced=0.63  beats=116 ✓
  V3   220.0s–303.0s … key=D#maj r=0.63  voiced=0.85  beats=289 ✓
  V4   303.0s–364.0s … key=D#maj r=0.88  voiced=0.70  beats=126 ✓
  V5   364.0s–451.0s … key=D#maj r=0.66  voiced=0.82  beats=283 ✓
  V6   451.0s–509.0s … key=D#maj r=0.91  voiced=0.70  beats=126 ✓
  V7   509.0s–593.0s … key=D#maj r=0.74  voiced=0.77  beats=130 ✓
  V8   593.0s–641.0s … key=D#maj r=0.78  voiced=0.71  beats=118 ✓
  V9   641.0s–723.0s … key=D#maj r=0.81  voiced=0.83  beats=254 ✓
  V10  723.0s–791.0s … key=D#maj r=0.77  voiced=0.76  beats=180 ✓
  V11  791.0s–896.0s … key=D#maj r=0.71  voiced=0.83  beats=146 ✓
  V12  896.0s–1001.0s … key=D#maj r=0.78  voiced=0.75  beats=155 ✓
✓ 已保存: /Users/jiaxuan/Desktop/Music Project/VariVis/backend/features/JHaydn_XVII3_4.json
Sun Apr 26 12:28:44 AEST 2026: OK JHaydn_XVII3_4

============================================================
处理: JHaydn_XVII3_5
============================================================
曲目: "Arietta con Variazioni" in E-flat Major Hob. XVII/3
作曲: Joseph Haydn
段落: ['T', 'V1', 'V2', 'V3', 'V4', 'V5', 'V6', 'V7', 'V8', 'V9', 'V10', 'V11', 'V12']  (13 段)
边界(秒): [0.0, 69.0, 133.0, 199.0, 267.0, 325.0, 393.0, 454.0, 518.0, 577.0, 639.0, 701.0, 770.0, 835.0]

正在加载 WAV: JHaydn_XVII3_5.wav...
已加载: 838.2s @ 48000Hz
  [ 0] T         0.0s →    69.0s  (69.0s)
  [ 1] V1       69.0s →   133.0s  (64.0s)
  [ 2] V2      133.0s →   199.0s  (66.0s)
  [ 3] V3      199.0s →   267.0s  (68.0s)
  [ 4] V4      267.0s →   325.0s  (58.0s)
  [ 5] V5      325.0s →   393.0s  (68.0s)
  [ 6] V6      393.0s →   454.0s  (61.0s)
  [ 7] V7      454.0s →   518.0s  (64.0s)
  [ 8] V8      518.0s →   577.0s  (59.0s)
  [ 9] V9      577.0s →   639.0s  (62.0s)
  [10] V10     639.0s →   701.0s  (62.0s)
  [11] V11     701.0s →   770.0s  (69.0s)
  [12] V12     770.0s →   835.0s  (65.0s)

✓ 特征已保存: /Users/jiaxuan/Desktop/Music Project/VariVis/backend/features/JHaydn_XVII3_5.json

JHaydn_XVII3_5: 加载 WAV…
  T    0.0s–69.0s … key=D#maj r=0.85  voiced=0.76  beats=112 ✓
  V1   69.0s–133.0s … key=D#maj r=0.87  voiced=0.70  beats=117 ✓
  V2   133.0s–199.0s … key=D#maj r=0.91  voiced=0.69  beats=117 ✓
  V3   199.0s–267.0s … key=D#maj r=0.78  voiced=0.81  beats=119 ✓
  V4   267.0s–325.0s … key=D#maj r=0.93  voiced=0.68  beats=115 ✓
  V5   325.0s–393.0s … key=D#maj r=0.94  voiced=0.78  beats=239 ✓
  V6   393.0s–454.0s … key=D#maj r=0.94  voiced=0.58  beats=165 ✓
  V7   454.0s–518.0s … key=D#maj r=0.91  voiced=0.78  beats=126 ✓
  V8   518.0s–577.0s … key=D#maj r=0.90  voiced=0.68  beats=117 ✓
  V9   577.0s–639.0s … key=D#maj r=0.87  voiced=0.72  beats=123 ✓
  V10  639.0s–701.0s … key=D#maj r=0.95  voiced=0.62  beats=121 ✓
  V11  701.0s–770.0s … key=D#maj r=0.83  voiced=0.65  beats=114 ✓
  V12  770.0s–835.0s … key=D#maj r=0.90  voiced=0.73  beats=116 ✓
✓ 已保存: /Users/jiaxuan/Desktop/Music Project/VariVis/backend/features/JHaydn_XVII3_5.json
Sun Apr 26 12:37:22 AEST 2026: OK JHaydn_XVII3_5

============================================================
处理: JHaydn_XVII3_6
============================================================
曲目: "Arietta con Variazioni" in E-flat Major Hob. XVII/3
作曲: Joseph Haydn
段落: ['T', 'V1', 'V2', 'V3', 'V4', 'V5', 'V6', 'V7', 'V8', 'V9', 'V10', 'V11', 'V12']  (13 段)
边界(秒): [1.0, 73.0, 131.0, 213.0, 275.0, 336.0, 396.0, 444.0, 537.0, 585.0, 647.0, 707.0, 820.0, 873.0]

正在加载 WAV: JHaydn_XVII3_6.wav...
已加载: 882.0s @ 48000Hz
  [ 0] T         1.0s →    73.0s  (72.0s)
  [ 1] V1       73.0s →   131.0s  (58.0s)
  [ 2] V2      131.0s →   213.0s  (82.0s)
  [ 3] V3      213.0s →   275.0s  (62.0s)
  [ 4] V4      275.0s →   336.0s  (61.0s)
  [ 5] V5      336.0s →   396.0s  (60.0s)
  [ 6] V6      396.0s →   444.0s  (48.0s)
  [ 7] V7      444.0s →   537.0s  (93.0s)
  [ 8] V8      537.0s →   585.0s  (48.0s)
  [ 9] V9      585.0s →   647.0s  (62.0s)
  [10] V10     647.0s →   707.0s  (60.0s)
  [11] V11     707.0s →   820.0s  (113.0s)
  [12] V12     820.0s →   873.0s  (53.0s)

✓ 特征已保存: /Users/jiaxuan/Desktop/Music Project/VariVis/backend/features/JHaydn_XVII3_6.json

JHaydn_XVII3_6: 加载 WAV…
  T    1.0s–73.0s … key=D#maj r=0.90  voiced=0.84  beats=108 ✓
  V1   73.0s–131.0s … key=D#maj r=0.91  voiced=0.79  beats=115 ✓
  V2   131.0s–213.0s … key=D#maj r=0.93  voiced=0.85  beats=255 ✓
  V3   213.0s–275.0s … key=D#maj r=0.84  voiced=0.87  beats=118 ✓
  V4   275.0s–336.0s … key=D#maj r=0.89  voiced=0.82  beats=156 ✓
  V5   336.0s–396.0s … key=D#maj r=0.93  voiced=0.80  beats=119 ✓
  V6   396.0s–444.0s … key=D#maj r=0.93  voiced=0.75  beats=111 ✓
  V7   444.0s–537.0s … key=D#maj r=0.94  voiced=0.85  beats=247 ✓
  V8   537.0s–585.0s … key=D#maj r=0.91  voiced=0.84  beats=116 ✓
  V9   585.0s–647.0s … key=D#maj r=0.92  voiced=0.84  beats=118 ✓
  V10  647.0s–707.0s … key=D#maj r=0.94  voiced=0.79  beats=110 ✓
  V11  707.0s–820.0s … key=D#maj r=0.89  voiced=0.85  beats=252 ✓
  V12  820.0s–873.0s … key=D#maj r=0.89  voiced=0.73  beats=122 ✓
✓ 已保存: /Users/jiaxuan/Desktop/Music Project/VariVis/backend/features/JHaydn_XVII3_6.json
Sun Apr 26 12:41:18 AEST 2026: OK JHaydn_XVII3_6

============================================================
处理: JHaydn_XVII3_7
============================================================
曲目: "Arietta con Variazioni" in E-flat Major Hob. XVII/3
作曲: Joseph Haydn
段落: ['T', 'V1', 'V2', 'V3', 'V4', 'V5', 'V6', 'V7', 'V8', 'V9', 'V10', 'V11', 'V12']  (13 段)
边界(秒): [0.0, 38.0, 73.0, 110.0, 163.0, 199.0, 236.0, 254.0, 293.0, 348.0, 367.0, 406.0, 448.0, 488.0]

正在加载 WAV: JHaydn_XVII3_7.wav...
已加载: 497.5s @ 48000Hz
  [ 0] T         0.0s →    38.0s  (38.0s)
  [ 1] V1       38.0s →    73.0s  (35.0s)
  [ 2] V2       73.0s →   110.0s  (37.0s)
  [ 3] V3      110.0s →   163.0s  (53.0s)
  [ 4] V4      163.0s →   199.0s  (36.0s)
  [ 5] V5      199.0s →   236.0s  (37.0s)
  [ 6] V6      236.0s →   254.0s  (18.0s)
  [ 7] V7      254.0s →   293.0s  (39.0s)
  [ 8] V8      293.0s →   348.0s  (55.0s)
  [ 9] V9      348.0s →   367.0s  (19.0s)
  [10] V10     367.0s →   406.0s  (39.0s)
  [11] V11     406.0s →   448.0s  (42.0s)
  [12] V12     448.0s →   488.0s  (40.0s)

✓ 特征已保存: /Users/jiaxuan/Desktop/Music Project/VariVis/backend/features/JHaydn_XVII3_7.json

JHaydn_XVII3_7: 加载 WAV…
  T    0.0s–38.0s … key=Dmaj r=0.91  voiced=0.75  beats=53 ✓
  V1   38.0s–73.0s … key=Dmaj r=0.92  voiced=0.79  beats=59 ✓
  V2   73.0s–110.0s … key=Dmaj r=0.90  voiced=0.75  beats=62 ✓
  V3   110.0s–163.0s … key=Dmaj r=0.85  voiced=0.77  beats=84 ✓
  V4   163.0s–199.0s … key=Dmaj r=0.89  voiced=0.75  beats=59 ✓
  V5   199.0s–236.0s … key=Dmaj r=0.90  voiced=0.78  beats=64 ✓
  V6   236.0s–254.0s … key=Dmaj r=0.91  voiced=0.74  beats=32 ✓
  V7   254.0s–293.0s … key=Dmaj r=0.90  voiced=0.83  beats=119 ✓
  V8   293.0s–348.0s … key=Dmaj r=0.92  voiced=0.78  beats=89 ✓
  V9   348.0s–367.0s … key=Dmaj r=0.91  voiced=0.79  beats=28 ✓
  V10  367.0s–406.0s … key=Dmaj r=0.96  voiced=0.72  beats=71 ✓
  V11  406.0s–448.0s … key=Dmaj r=0.83  voiced=0.77  beats=58 ✓
  V12  448.0s–488.0s … key=Dmaj r=0.87  voiced=0.77  beats=128 ✓
✓ 已保存: /Users/jiaxuan/Desktop/Music Project/VariVis/backend/features/JHaydn_XVII3_7.json
Sun Apr 26 12:43:28 AEST 2026: OK JHaydn_XVII3_7

============================================================
处理: JHaydn_XVII3_8
============================================================
曲目: "Arietta con Variazioni" in E-flat Major Hob. XVII/3
作曲: Joseph Haydn
段落: ['T', 'V1', 'V2', 'V3', 'V4', 'V5', 'V6', 'V7', 'V8', 'V9', 'V10', 'V11', 'V12']  (13 段)
边界(秒): [3.0, 74.0, 139.0, 202.0, 269.0, 331.0, 394.0, 451.0, 516.0, 571.0, 636.0, 707.0, 782.0, 846.0]

正在加载 WAV: JHaydn_XVII3_8.wav...
已加载: 851.3s @ 48000Hz
  [ 0] T         3.0s →    74.0s  (71.0s)
  [ 1] V1       74.0s →   139.0s  (65.0s)
  [ 2] V2      139.0s →   202.0s  (63.0s)
  [ 3] V3      202.0s →   269.0s  (67.0s)
  [ 4] V4      269.0s →   331.0s  (62.0s)
  [ 5] V5      331.0s →   394.0s  (63.0s)
  [ 6] V6      394.0s →   451.0s  (57.0s)
  [ 7] V7      451.0s →   516.0s  (65.0s)
  [ 8] V8      516.0s →   571.0s  (55.0s)
  [ 9] V9      571.0s →   636.0s  (65.0s)
  [10] V10     636.0s →   707.0s  (71.0s)
  [11] V11     707.0s →   782.0s  (75.0s)
  [12] V12     782.0s →   846.0s  (64.0s)

✓ 特征已保存: /Users/jiaxuan/Desktop/Music Project/VariVis/backend/features/JHaydn_XVII3_8.json

JHaydn_XVII3_8: 加载 WAV…
  T    3.0s–74.0s … key=Dmaj r=0.87  voiced=0.63  beats=110 ✓
  V1   74.0s–139.0s … key=Dmaj r=0.89  voiced=0.66  beats=133 ✓
  V2   139.0s–202.0s … key=Dmaj r=0.88  voiced=0.64  beats=112 ✓
  V3   202.0s–269.0s … key=Dmaj r=0.85  voiced=0.69  beats=146 ✓
  V4   269.0s–331.0s … key=Dmaj r=0.87  voiced=0.66  beats=122 ✓
  V5   331.0s–394.0s … key=Dmaj r=0.94  voiced=0.68  beats=128 ✓
  V6   394.0s–451.0s … key=Dmaj r=0.90  voiced=0.50  beats=118 ✓
  V7   451.0s–516.0s … key=Dmaj r=0.88  voiced=0.68  beats=137 ✓
  V8   516.0s–571.0s … key=Dmaj r=0.88  voiced=0.63  beats=129 ✓
  V9   571.0s–636.0s … key=Dmaj r=0.89  voiced=0.68  beats=135 ✓
  V10  636.0s–707.0s … key=Dmaj r=0.89  voiced=0.66  beats=123 ✓
  V11  707.0s–782.0s … key=Dmaj r=0.84  voiced=0.66  beats=134 ✓
  V12  782.0s–846.0s … key=Dmaj r=0.84  voiced=0.60  beats=133 ✓
✓ 已保存: /Users/jiaxuan/Desktop/Music Project/VariVis/backend/features/JHaydn_XVII3_8.json
Sun Apr 26 12:47:11 AEST 2026: OK JHaydn_XVII3_8

============================================================
处理: JHaydn_XVII2_2
============================================================
曲目: 20 Variations in G Major,Hob.XVII:2
作曲: Joseph Haydn
段落: ['T', 'V1', 'V2', 'V3', 'V4', 'V5', 'V6', 'V7', 'V8', 'V9', 'V10', 'V11', 'V12', 'V13', 'V14', 'V15', 'V16', 'V17', 'V18', 'V19', 'V20']  (21 段)
边界(秒): [5.0, 42.0, 78.0, 116.0, 153.0, 191.0, 228.0, 267.0, 303.0, 344.0, 384.0, 423.0, 463.0, 504.0, 546.0, 586.0, 628.0, 670.0, 714.0, 755.0, 801.0, 839.0]

正在加载 WAV: JHaydn_XVII2_2.wav...
已加载: 842.4s @ 48000Hz
  [ 0] T         5.0s →    42.0s  (37.0s)
  [ 1] V1       42.0s →    78.0s  (36.0s)
  [ 2] V2       78.0s →   116.0s  (38.0s)
  [ 3] V3      116.0s →   153.0s  (37.0s)
  [ 4] V4      153.0s →   191.0s  (38.0s)
  [ 5] V5      191.0s →   228.0s  (37.0s)
  [ 6] V6      228.0s →   267.0s  (39.0s)
  [ 7] V7      267.0s →   303.0s  (36.0s)
  [ 8] V8      303.0s →   344.0s  (41.0s)
  [ 9] V9      344.0s →   384.0s  (40.0s)
  [10] V10     384.0s →   423.0s  (39.0s)
  [11] V11     423.0s →   463.0s  (40.0s)
  [12] V12     463.0s →   504.0s  (41.0s)
  [13] V13     504.0s →   546.0s  (42.0s)
  [14] V14     546.0s →   586.0s  (40.0s)
  [15] V15     586.0s →   628.0s  (42.0s)
  [16] V16     628.0s →   670.0s  (42.0s)
  [17] V17     670.0s →   714.0s  (44.0s)
  [18] V18     714.0s →   755.0s  (41.0s)
  [19] V19     755.0s →   801.0s  (46.0s)
  [20] V20     801.0s →   839.0s  (38.0s)

✓ 特征已保存: /Users/jiaxuan/Desktop/Music Project/VariVis/backend/features/JHaydn_XVII2_2.json

JHaydn_XVII2_2: 加载 WAV…
  T    5.0s–42.0s … key=Amaj r=0.76  voiced=0.85  beats=90 ✓
  V1   42.0s–78.0s … key=Amaj r=0.78  voiced=0.76  beats=87 ✓
  V2   78.0s–116.0s … key=Amaj r=0.67  voiced=0.84  beats=90 ✓
  V3   116.0s–153.0s … key=Amaj r=0.71  voiced=0.80  beats=89 ✓
  V4   153.0s–191.0s … key=Amin r=0.72  voiced=0.91  beats=91 ✓
  V5   191.0s–228.0s … key=Amaj r=0.72  voiced=0.71  beats=90 ✓
  V6   228.0s–267.0s … key=Amaj r=0.73  voiced=0.78  beats=82 ✓
  V7   267.0s–303.0s … key=Amin r=0.64  voiced=0.74  beats=87 ✓
  V8   303.0s–344.0s … key=Amaj r=0.76  voiced=0.82  beats=100 ✓
  V9   344.0s–384.0s … key=Amaj r=0.74  voiced=0.86  beats=85 ✓
  V10  384.0s–423.0s … key=Amaj r=0.71  voiced=0.38  beats=94 ✓
  V11  423.0s–463.0s … key=Amaj r=0.61  voiced=0.68  beats=89 ✓
  V12  463.0s–504.0s … key=Amaj r=0.74  voiced=0.81  beats=84 ✓
  V13  504.0s–546.0s … key=Amaj r=0.67  voiced=0.75  beats=163 ✓
  V14  546.0s–586.0s … key=Amaj r=0.71  voiced=0.78  beats=93 ✓
  V15  586.0s–628.0s … key=Amaj r=0.63  voiced=0.89  beats=82 ✓
  V16  628.0s–670.0s … key=Amaj r=0.65  voiced=0.62  beats=91 ✓
  V17  670.0s–714.0s … key=Amaj r=0.70  voiced=0.85  beats=114 ✓
  V18  714.0s–755.0s … key=Amaj r=0.68  voiced=0.84  beats=91 ✓
  V19  755.0s–801.0s … key=Amaj r=0.84  voiced=0.83  beats=85 ✓
  V20  801.0s–839.0s … key=Amaj r=0.60  voiced=0.70  beats=96 ✓
✓ 已保存: /Users/jiaxuan/Desktop/Music Project/VariVis/backend/features/JHaydn_XVII2_2.json
Sun Apr 26 12:50:44 AEST 2026: OK JHaydn_XVII2_2
/Users/jiaxuan/Desktop/Music Project/VariVis/backend/.venv/lib/python3.11/site-packages/librosa/core/spectrum.py:266: UserWarning: n_fft=2048 is too large for input signal of length=0
  warnings.warn(
/Users/jiaxuan/Desktop/Music Project/VariVis/backend/.venv/lib/python3.11/site-packages/librosa/core/pitch.py:103: UserWarning: Trying to estimate tuning from empty frequency set.
  return pitch_tuning(

============================================================
处理: JHaydn_XVII2_3
============================================================
曲目: 20 Variations in G Major,Hob.XVII:2
作曲: Joseph Haydn
段落: ['T', 'V1', 'V2', 'V3', 'V4', 'V5', 'V6', 'V7', 'V8', 'V9', 'V10', 'V11', 'V12', 'V13', 'V14', 'V15', 'V16', 'V17', 'V18', 'V19', 'V20']  (21 段)
边界(秒): [3.0, 41.0, 77.0, 112.0, 150.0, 188.0, 220.0, 262.0, 300.0, 335.0, 376.0, 411.0, 454.0, 496.0, 537.0, 580.0, 614.0, 661.0, 698.0, 740.0, 783.0, 823.0]

正在加载 WAV: JHaydn_XVII2_3.wav...
已加载: 622.1s @ 48000Hz
  [ 0] T         3.0s →    41.0s  (38.0s)
  [ 1] V1       41.0s →    77.0s  (36.0s)
  [ 2] V2       77.0s →   112.0s  (35.0s)
  [ 3] V3      112.0s →   150.0s  (38.0s)
  [ 4] V4      150.0s →   188.0s  (38.0s)
  [ 5] V5      188.0s →   220.0s  (32.0s)
  [ 6] V6      220.0s →   262.0s  (42.0s)
  [ 7] V7      262.0s →   300.0s  (38.0s)
  [ 8] V8      300.0s →   335.0s  (35.0s)
  [ 9] V9      335.0s →   376.0s  (41.0s)
  [10] V10     376.0s →   411.0s  (35.0s)
  [11] V11     411.0s →   454.0s  (43.0s)
  [12] V12     454.0s →   496.0s  (42.0s)
  [13] V13     496.0s →   537.0s  (41.0s)
  [14] V14     537.0s →   580.0s  (43.0s)
  [15] V15     580.0s →   614.0s  (34.0s)
  [16] V16     614.0s →   661.0s  (47.0s)
  [17] V17     661.0s →   698.0s  (37.0s)  ⚠ 时长过短(37.00s)，特征可能不稳定
Traceback (most recent call last):
  File "/Users/jiaxuan/Desktop/Music Project/VariVis/backend/extract_features.py", line 541, in <module>
    main()
  File "/Users/jiaxuan/Desktop/Music Project/VariVis/backend/extract_features.py", line 529, in main
    data = process_file(args.target, args.frames, args.sr)
           ^^^^^^^^^^^^^^^^^^^^^^^^^^^^^^^^^^^^^^^^^^^^^^^
  File "/Users/jiaxuan/Desktop/Music Project/VariVis/backend/extract_features.py", line 429, in process_file
    feats = extract_segment_features(y_seg, sr, label, compressed_frames)
            ^^^^^^^^^^^^^^^^^^^^^^^^^^^^^^^^^^^^^^^^^^^^^^^^^^^^^^^^^^^^^
  File "/Users/jiaxuan/Desktop/Music Project/VariVis/backend/extract_features.py", line 172, in extract_segment_features
    chroma_cqt = librosa.feature.chroma_cqt(y=y, sr=sr, bins_per_octave=36)
                 ^^^^^^^^^^^^^^^^^^^^^^^^^^^^^^^^^^^^^^^^^^^^^^^^^^^^^^^^^^
  File "/Users/jiaxuan/Desktop/Music Project/VariVis/backend/.venv/lib/python3.11/site-packages/librosa/feature/spectral.py", line 1388, in chroma_cqt
    cqt_func[cqt_mode](
  File "/Users/jiaxuan/Desktop/Music Project/VariVis/backend/.venv/lib/python3.11/site-packages/librosa/core/constantq.py", line 171, in cqt
    return vqt(
           ^^^^
  File "/Users/jiaxuan/Desktop/Music Project/VariVis/backend/.venv/lib/python3.11/site-packages/librosa/core/constantq.py", line 980, in vqt
    y, sr, hop_length = __early_downsample(
                        ^^^^^^^^^^^^^^^^^^^
  File "/Users/jiaxuan/Desktop/Music Project/VariVis/backend/.venv/lib/python3.11/site-packages/librosa/core/constantq.py", line 1173, in __early_downsample
    raise ParameterError(
librosa.util.exceptions.ParameterError: Input signal length=0 is too short for 7-octave CQT
Sun Apr 26 12:53:16 AEST 2026: FAIL extract JHaydn_XVII2_3

============================================================
处理: JHaydn_XVII2_4
============================================================
曲目: 20 Variations in G Major,Hob.XVII:2
作曲: Joseph Haydn
段落: ['T', 'V1', 'V2', 'V3', 'V4', 'V5', 'V6', 'V7', 'V8', 'V9', 'V10', 'V11', 'V12', 'V13', 'V14', 'V15', 'V16', 'V17', 'V18', 'V19', 'V20']  (21 段)
边界(秒): [0.0, 44.0, 89.0, 133.0, 177.0, 222.0, 266.0, 310.0, 355.0, 399.0, 444.0, 488.0, 533.0, 578.0, 623.0, 667.0, 711.0, 755.0, 800.0, 844.0, 889.0, 934.0]

正在加载 WAV: JHaydn_XVII2_4.wav...
已加载: 1094.8s @ 48000Hz
  [ 0] T         0.0s →    44.0s  (44.0s)
  [ 1] V1       44.0s →    89.0s  (45.0s)
  [ 2] V2       89.0s →   133.0s  (44.0s)
  [ 3] V3      133.0s →   177.0s  (44.0s)
  [ 4] V4      177.0s →   222.0s  (45.0s)
  [ 5] V5      222.0s →   266.0s  (44.0s)
  [ 6] V6      266.0s →   310.0s  (44.0s)
  [ 7] V7      310.0s →   355.0s  (45.0s)
  [ 8] V8      355.0s →   399.0s  (44.0s)
  [ 9] V9      399.0s →   444.0s  (45.0s)
  [10] V10     444.0s →   488.0s  (44.0s)
  [11] V11     488.0s →   533.0s  (45.0s)
  [12] V12     533.0s →   578.0s  (45.0s)
  [13] V13     578.0s →   623.0s  (45.0s)
  [14] V14     623.0s →   667.0s  (44.0s)
  [15] V15     667.0s →   711.0s  (44.0s)
  [16] V16     711.0s →   755.0s  (44.0s)
  [17] V17     755.0s →   800.0s  (45.0s)
  [18] V18     800.0s →   844.0s  (44.0s)
  [19] V19     844.0s →   889.0s  (45.0s)
  [20] V20     889.0s →   934.0s  (45.0s)

✓ 特征已保存: /Users/jiaxuan/Desktop/Music Project/VariVis/backend/features/JHaydn_XVII2_4.json

JHaydn_XVII2_4: 加载 WAV…
  T    0.0s–44.0s … key=Amaj r=0.85  voiced=0.81  beats=128 ✓
  V1   44.0s–89.0s … key=Amaj r=0.86  voiced=0.80  beats=118 ✓
  V2   89.0s–133.0s … key=Amaj r=0.88  voiced=0.75  beats=98 ✓
  V3   133.0s–177.0s … key=Amaj r=0.88  voiced=0.80  beats=98 ✓
  V4   177.0s–222.0s … key=Amaj r=0.88  voiced=0.81  beats=85 ✓
  V5   222.0s–266.0s … key=Amaj r=0.87  voiced=0.89  beats=86 ✓
  V6   266.0s–310.0s … key=Amaj r=0.87  voiced=0.91  beats=50 ✓
  V7   310.0s–355.0s … key=Amaj r=0.76  voiced=0.77  beats=112 ✓
  V8   355.0s–399.0s … key=Amaj r=0.84  voiced=0.77  beats=90 ✓
  V9   399.0s–444.0s … key=Amaj r=0.85  voiced=0.83  beats=103 ✓
  V10  444.0s–488.0s … key=Amaj r=0.87  voiced=0.57  beats=104 ✓
  V11  488.0s–533.0s … key=Amaj r=0.77  voiced=0.75  beats=90 ✓
  V12  533.0s–578.0s … key=Amaj r=0.77  voiced=0.78  beats=157 ✓
  V13  578.0s–623.0s … key=Amaj r=0.89  voiced=0.84  beats=126 ✓
  V14  623.0s–667.0s … key=Amaj r=0.85  voiced=0.82  beats=157 ✓
  V15  667.0s–711.0s … key=Amaj r=0.86  voiced=0.77  beats=84 ✓
  V16  711.0s–755.0s … key=Amaj r=0.87  voiced=0.75  beats=108 ✓
  V17  755.0s–800.0s … key=Amaj r=0.78  voiced=0.81  beats=107 ✓
  V18  800.0s–844.0s … key=Amaj r=0.93  voiced=0.81  beats=78 ✓
  V19  844.0s–889.0s … key=Amaj r=0.83  voiced=0.86  beats=108 ✓
  V20  889.0s–934.0s … key=Amaj r=0.75  voiced=0.72  beats=102 ✓
✓ 已保存: /Users/jiaxuan/Desktop/Music Project/VariVis/backend/features/JHaydn_XVII2_4.json
Sun Apr 26 12:57:19 AEST 2026: OK JHaydn_XVII2_4

============================================================
处理: JHaydn_XVII2_5
============================================================
曲目: 20 Variations in G Major,Hob.XVII:2
作曲: Joseph Haydn
段落: ['T', 'V1', 'V2', 'V3', 'V4', 'V5', 'V6', 'V7', 'V8', 'V9', 'V10', 'V11', 'V12', 'V13', 'V14', 'V15', 'V16', 'V17', 'V18', 'V19', 'V20']  (21 段)
边界(秒): [0.0, 35.0, 66.0, 98.0, 138.0, 170.0, 205.0, 245.0, 290.0, 339.0, 380.0, 426.0, 484.0, 527.0, 566.0, 613.0, 666.0, 703.0, 745.0, 791.0, 835.0, 870.0]

正在加载 WAV: JHaydn_XVII2_5.wav...
已加载: 976.5s @ 48000Hz
  [ 0] T         0.0s →    35.0s  (35.0s)
  [ 1] V1       35.0s →    66.0s  (31.0s)
  [ 2] V2       66.0s →    98.0s  (32.0s)
  [ 3] V3       98.0s →   138.0s  (40.0s)
  [ 4] V4      138.0s →   170.0s  (32.0s)
  [ 5] V5      170.0s →   205.0s  (35.0s)
  [ 6] V6      205.0s →   245.0s  (40.0s)
  [ 7] V7      245.0s →   290.0s  (45.0s)
  [ 8] V8      290.0s →   339.0s  (49.0s)
  [ 9] V9      339.0s →   380.0s  (41.0s)
  [10] V10     380.0s →   426.0s  (46.0s)
  [11] V11     426.0s →   484.0s  (58.0s)
  [12] V12     484.0s →   527.0s  (43.0s)
  [13] V13     527.0s →   566.0s  (39.0s)
  [14] V14     566.0s →   613.0s  (47.0s)
  [15] V15     613.0s →   666.0s  (53.0s)
  [16] V16     666.0s →   703.0s  (37.0s)
  [17] V17     703.0s →   745.0s  (42.0s)
  [18] V18     745.0s →   791.0s  (46.0s)
  [19] V19     791.0s →   835.0s  (44.0s)
  [20] V20     835.0s →   870.0s  (35.0s)

✓ 特征已保存: /Users/jiaxuan/Desktop/Music Project/VariVis/backend/features/JHaydn_XVII2_5.json

JHaydn_XVII2_5: 加载 WAV…
  T    0.0s–35.0s … key=Amaj r=0.85  voiced=0.86  beats=66 ✓
  V1   35.0s–66.0s … key=Amaj r=0.88  voiced=0.81  beats=59 ✓
  V2   66.0s–98.0s … key=Amaj r=0.82  voiced=0.83  beats=70 ✓
  V3   98.0s–138.0s … key=Amaj r=0.88  voiced=0.77  beats=88 ✓
  V4   138.0s–170.0s … key=Amaj r=0.90  voiced=0.73  beats=74 ✓
  V5   170.0s–205.0s … key=Amaj r=0.94  voiced=0.76  beats=78 ✓
  V6   205.0s–245.0s … key=Amaj r=0.92  voiced=0.74  beats=87 ✓
  V7   245.0s–290.0s … key=Amaj r=0.89  voiced=0.79  beats=63 ✓
  V8   290.0s–339.0s … key=Amaj r=0.84  voiced=0.87  beats=91 ✓
  V9   339.0s–380.0s … key=Amaj r=0.86  voiced=0.74  beats=81 ✓
  V10  380.0s–426.0s … key=Amaj r=0.86  voiced=0.78  beats=100 ✓
  V11  426.0s–484.0s … key=Amaj r=0.86  voiced=0.81  beats=108 ✓
  V12  484.0s–527.0s … key=Amaj r=0.84  voiced=0.69  beats=79 ✓
  V13  527.0s–566.0s … key=Amaj r=0.83  voiced=0.73  beats=75 ✓
  V14  566.0s–613.0s … key=Amaj r=0.95  voiced=0.84  beats=92 ✓
  V15  613.0s–666.0s … key=Amaj r=0.89  voiced=0.72  beats=104 ✓
  V16  666.0s–703.0s … key=Amaj r=0.88  voiced=0.75  beats=74 ✓
  V17  703.0s–745.0s … key=Amaj r=0.84  voiced=0.81  beats=89 ✓
  V18  745.0s–791.0s … key=Amaj r=0.83  voiced=0.80  beats=83 ✓
  V19  791.0s–835.0s … key=Amaj r=0.88  voiced=0.89  beats=83 ✓
  V20  835.0s–870.0s … key=Amaj r=0.89  voiced=0.84  beats=64 ✓
✓ 已保存: /Users/jiaxuan/Desktop/Music Project/VariVis/backend/features/JHaydn_XVII2_5.json
Sun Apr 26 13:01:12 AEST 2026: OK JHaydn_XVII2_5
/Users/jiaxuan/Desktop/Music Project/VariVis/backend/.venv/lib/python3.11/site-packages/librosa/core/spectrum.py:266: UserWarning: n_fft=2048 is too large for input signal of length=0
  warnings.warn(
/Users/jiaxuan/Desktop/Music Project/VariVis/backend/.venv/lib/python3.11/site-packages/librosa/core/pitch.py:103: UserWarning: Trying to estimate tuning from empty frequency set.
  return pitch_tuning(

============================================================
处理: JHaydn_XVII2_6
============================================================
曲目: 20 Variations in G Major,Hob.XVII:2
作曲: Joseph Haydn
段落: ['T', 'V1', 'V2', 'V3', 'V4', 'V5', 'V6', 'V7', 'V8', 'V9', 'V10', 'V11', 'V12', 'V13', 'V14', 'V15', 'V16', 'V17', 'V18', 'V19', 'V20']  (21 段)
边界(秒): [1.0, 44.0, 84.0, 126.0, 165.0, 208.0, 249.0, 291.0, 332.0, 374.0, 422.0, 464.0, 517.0, 565.0, 609.0, 658.0, 707.0, 751.0, 790.0, 839.0, 884.0, 928.0]

正在加载 WAV: JHaydn_XVII2_6.wav...
已加载: 825.9s @ 48000Hz
  [ 0] T         1.0s →    44.0s  (43.0s)
  [ 1] V1       44.0s →    84.0s  (40.0s)
  [ 2] V2       84.0s →   126.0s  (42.0s)
  [ 3] V3      126.0s →   165.0s  (39.0s)
  [ 4] V4      165.0s →   208.0s  (43.0s)
  [ 5] V5      208.0s →   249.0s  (41.0s)
  [ 6] V6      249.0s →   291.0s  (42.0s)
  [ 7] V7      291.0s →   332.0s  (41.0s)
  [ 8] V8      332.0s →   374.0s  (42.0s)
  [ 9] V9      374.0s →   422.0s  (48.0s)
  [10] V10     422.0s →   464.0s  (42.0s)
  [11] V11     464.0s →   517.0s  (53.0s)
  [12] V12     517.0s →   565.0s  (48.0s)
  [13] V13     565.0s →   609.0s  (44.0s)
  [14] V14     609.0s →   658.0s  (49.0s)
  [15] V15     658.0s →   707.0s  (49.0s)
  [16] V16     707.0s →   751.0s  (44.0s)
  [17] V17     751.0s →   790.0s  (39.0s)
  [18] V18     790.0s →   839.0s  (49.0s)
  [19] V19     839.0s →   884.0s  (45.0s)  ⚠ 时长过短(45.00s)，特征可能不稳定
Traceback (most recent call last):
  File "/Users/jiaxuan/Desktop/Music Project/VariVis/backend/extract_features.py", line 541, in <module>
    main()
  File "/Users/jiaxuan/Desktop/Music Project/VariVis/backend/extract_features.py", line 529, in main
    data = process_file(args.target, args.frames, args.sr)
           ^^^^^^^^^^^^^^^^^^^^^^^^^^^^^^^^^^^^^^^^^^^^^^^
  File "/Users/jiaxuan/Desktop/Music Project/VariVis/backend/extract_features.py", line 429, in process_file
    feats = extract_segment_features(y_seg, sr, label, compressed_frames)
            ^^^^^^^^^^^^^^^^^^^^^^^^^^^^^^^^^^^^^^^^^^^^^^^^^^^^^^^^^^^^^
  File "/Users/jiaxuan/Desktop/Music Project/VariVis/backend/extract_features.py", line 172, in extract_segment_features
    chroma_cqt = librosa.feature.chroma_cqt(y=y, sr=sr, bins_per_octave=36)
                 ^^^^^^^^^^^^^^^^^^^^^^^^^^^^^^^^^^^^^^^^^^^^^^^^^^^^^^^^^^
  File "/Users/jiaxuan/Desktop/Music Project/VariVis/backend/.venv/lib/python3.11/site-packages/librosa/feature/spectral.py", line 1388, in chroma_cqt
    cqt_func[cqt_mode](
  File "/Users/jiaxuan/Desktop/Music Project/VariVis/backend/.venv/lib/python3.11/site-packages/librosa/core/constantq.py", line 171, in cqt
    return vqt(
           ^^^^
  File "/Users/jiaxuan/Desktop/Music Project/VariVis/backend/.venv/lib/python3.11/site-packages/librosa/core/constantq.py", line 980, in vqt
    y, sr, hop_length = __early_downsample(
                        ^^^^^^^^^^^^^^^^^^^
  File "/Users/jiaxuan/Desktop/Music Project/VariVis/backend/.venv/lib/python3.11/site-packages/librosa/core/constantq.py", line 1173, in __early_downsample
    raise ParameterError(
librosa.util.exceptions.ParameterError: Input signal length=0 is too short for 7-octave CQT
Sun Apr 26 13:03:08 AEST 2026: FAIL extract JHaydn_XVII2_6
/Users/jiaxuan/Desktop/Music Project/VariVis/backend/.venv/lib/python3.11/site-packages/librosa/core/spectrum.py:266: UserWarning: n_fft=2048 is too large for input signal of length=0
  warnings.warn(
/Users/jiaxuan/Desktop/Music Project/VariVis/backend/.venv/lib/python3.11/site-packages/librosa/core/pitch.py:103: UserWarning: Trying to estimate tuning from empty frequency set.
  return pitch_tuning(

============================================================
处理: JHaydn_XVII2_7
============================================================
曲目: 20 Variations in G Major,Hob.XVII:2
作曲: Joseph Haydn
段落: ['T', 'V1', 'V2', 'V3', 'V4', 'V5', 'V6', 'V7', 'V8', 'V9', 'V10', 'V11', 'V12', 'V13', 'V14', 'V15', 'V16', 'V17', 'V18', 'V19', 'V20']  (21 段)
边界(秒): [0.0, 41.0, 81.0, 123.0, 172.0, 214.0, 258.0, 305.0, 353.0, 400.0, 451.0, 500.0, 550.0, 604.0, 655.0, 709.0, 793.0, 839.0, 883.0, 936.0, 994.0, 1046.0]

正在加载 WAV: JHaydn_XVII2_7.wav...
已加载: 949.4s @ 48000Hz
  [ 0] T         0.0s →    41.0s  (41.0s)
  [ 1] V1       41.0s →    81.0s  (40.0s)
  [ 2] V2       81.0s →   123.0s  (42.0s)
  [ 3] V3      123.0s →   172.0s  (49.0s)
  [ 4] V4      172.0s →   214.0s  (42.0s)
  [ 5] V5      214.0s →   258.0s  (44.0s)
  [ 6] V6      258.0s →   305.0s  (47.0s)
  [ 7] V7      305.0s →   353.0s  (48.0s)
  [ 8] V8      353.0s →   400.0s  (47.0s)
  [ 9] V9      400.0s →   451.0s  (51.0s)
  [10] V10     451.0s →   500.0s  (49.0s)
  [11] V11     500.0s →   550.0s  (50.0s)
  [12] V12     550.0s →   604.0s  (54.0s)
  [13] V13     604.0s →   655.0s  (51.0s)
  [14] V14     655.0s →   709.0s  (54.0s)
  [15] V15     709.0s →   793.0s  (84.0s)
  [16] V16     793.0s →   839.0s  (46.0s)
  [17] V17     839.0s →   883.0s  (44.0s)
  [18] V18     883.0s →   936.0s  (53.0s)
  [19] V19     936.0s →   994.0s  (58.0s)
  [20] V20     994.0s →  1046.0s  (52.0s)  ⚠ 时长过短(52.00s)，特征可能不稳定
Traceback (most recent call last):
  File "/Users/jiaxuan/Desktop/Music Project/VariVis/backend/extract_features.py", line 541, in <module>
    main()
  File "/Users/jiaxuan/Desktop/Music Project/VariVis/backend/extract_features.py", line 529, in main
    data = process_file(args.target, args.frames, args.sr)
           ^^^^^^^^^^^^^^^^^^^^^^^^^^^^^^^^^^^^^^^^^^^^^^^
  File "/Users/jiaxuan/Desktop/Music Project/VariVis/backend/extract_features.py", line 429, in process_file
    feats = extract_segment_features(y_seg, sr, label, compressed_frames)
            ^^^^^^^^^^^^^^^^^^^^^^^^^^^^^^^^^^^^^^^^^^^^^^^^^^^^^^^^^^^^^
  File "/Users/jiaxuan/Desktop/Music Project/VariVis/backend/extract_features.py", line 172, in extract_segment_features
    chroma_cqt = librosa.feature.chroma_cqt(y=y, sr=sr, bins_per_octave=36)
                 ^^^^^^^^^^^^^^^^^^^^^^^^^^^^^^^^^^^^^^^^^^^^^^^^^^^^^^^^^^
  File "/Users/jiaxuan/Desktop/Music Project/VariVis/backend/.venv/lib/python3.11/site-packages/librosa/feature/spectral.py", line 1388, in chroma_cqt
    cqt_func[cqt_mode](
  File "/Users/jiaxuan/Desktop/Music Project/VariVis/backend/.venv/lib/python3.11/site-packages/librosa/core/constantq.py", line 171, in cqt
    return vqt(
           ^^^^
  File "/Users/jiaxuan/Desktop/Music Project/VariVis/backend/.venv/lib/python3.11/site-packages/librosa/core/constantq.py", line 980, in vqt
    y, sr, hop_length = __early_downsample(
                        ^^^^^^^^^^^^^^^^^^^
  File "/Users/jiaxuan/Desktop/Music Project/VariVis/backend/.venv/lib/python3.11/site-packages/librosa/core/constantq.py", line 1173, in __early_downsample
    raise ParameterError(
librosa.util.exceptions.ParameterError: Input signal length=0 is too short for 7-octave CQT
Sun Apr 26 13:05:28 AEST 2026: FAIL extract JHaydn_XVII2_7

============================================================
处理: JHaydn_XVII6_1
============================================================
曲目: Variations in F Minor Hob.XVII:6
作曲: Joseph Haydn
段落: ['T', 'V1', 'V2', 'C']  (4 段)
边界(秒): [3.0, 265.0, 470.0, 684.0, 917.0]

正在加载 WAV: JHaydn_XVII6_1.wav...
已加载: 930.5s @ 48000Hz
  [ 0] T         3.0s →   265.0s  (262.0s)
  [ 1] V1      265.0s →   470.0s  (205.0s)
  [ 2] V2      470.0s →   684.0s  (214.0s)
  [ 3] C       684.0s →   917.0s  (233.0s)

✓ 特征已保存: /Users/jiaxuan/Desktop/Music Project/VariVis/backend/features/JHaydn_XVII6_1.json

JHaydn_XVII6_1: 加载 WAV…
  T    3.0s–265.0s … key=Fmin r=0.82  voiced=0.80  beats=362 ✓
  V1   265.0s–470.0s … key=Fmin r=0.77  voiced=0.78  beats=256 ✓
  V2   470.0s–684.0s … key=Fmin r=0.91  voiced=0.71  beats=533 ✓
  C    684.0s–917.0s … key=Fmin r=0.79  voiced=0.75  beats=346 ✓
✓ 已保存: /Users/jiaxuan/Desktop/Music Project/VariVis/backend/features/JHaydn_XVII6_1.json
Sun Apr 26 13:09:41 AEST 2026: OK JHaydn_XVII6_1

============================================================
处理: JHaydn_XVII6_2
============================================================
曲目: Variations in F Minor Hob.XVII:6
作曲: Joseph Haydn
段落: ['T', 'V1', 'V2', 'C']  (4 段)
边界(秒): [1.0, 123.0, 236.0, 359.0, 561.0]

正在加载 WAV: JHaydn_XVII6_2.wav...
已加载: 568.6s @ 48000Hz
  [ 0] T         1.0s →   123.0s  (122.0s)
  [ 1] V1      123.0s →   236.0s  (113.0s)
  [ 2] V2      236.0s →   359.0s  (123.0s)
  [ 3] C       359.0s →   561.0s  (202.0s)

✓ 特征已保存: /Users/jiaxuan/Desktop/Music Project/VariVis/backend/features/JHaydn_XVII6_2.json

JHaydn_XVII6_2: 加载 WAV…
  T    1.0s–123.0s … key=Fmin r=0.74  voiced=0.83  beats=181 ✓
  V1   123.0s–236.0s … key=Fmaj r=0.80  voiced=0.82  beats=208 ✓
  V2   236.0s–359.0s … key=Fmin r=0.77  voiced=0.78  beats=227 ✓
  C    359.0s–561.0s … key=Fmin r=0.77  voiced=0.73  beats=314 ✓
✓ 已保存: /Users/jiaxuan/Desktop/Music Project/VariVis/backend/features/JHaydn_XVII6_2.json
Sun Apr 26 13:12:23 AEST 2026: OK JHaydn_XVII6_2

============================================================
处理: JHaydn_XVII6_3
============================================================
曲目: Variations in F Minor Hob.XVII:6
作曲: Joseph Haydn
段落: ['T', 'V1', 'V2', 'C']  (4 段)
边界(秒): [5.0, 220.0, 422.0, 615.0, 790.0]

正在加载 WAV: JHaydn_XVII6_3.wav...
已加载: 810.0s @ 48000Hz
  [ 0] T         5.0s →   220.0s  (215.0s)
  [ 1] V1      220.0s →   422.0s  (202.0s)
  [ 2] V2      422.0s →   615.0s  (193.0s)
  [ 3] C       615.0s →   790.0s  (175.0s)

✓ 特征已保存: /Users/jiaxuan/Desktop/Music Project/VariVis/backend/features/JHaydn_XVII6_3.json

JHaydn_XVII6_3: 加载 WAV…
  T    5.0s–220.0s … key=Fmaj r=0.75  voiced=0.79  beats=400 ✓
  V1   220.0s–422.0s … key=Fmaj r=0.73  voiced=0.79  beats=414 ✓
  V2   422.0s–615.0s … key=Fmin r=0.80  voiced=0.77  beats=399 ✓
  C    615.0s–790.0s … key=Fmin r=0.84  voiced=0.75  beats=335 ✓
✓ 已保存: /Users/jiaxuan/Desktop/Music Project/VariVis/backend/features/JHaydn_XVII6_3.json
Sun Apr 26 13:16:29 AEST 2026: OK JHaydn_XVII6_3

============================================================
处理: JHaydn_XVII6_4
============================================================
曲目: Variations in F Minor Hob.XVII:6
作曲: Joseph Haydn
段落: ['T', 'V1', 'V2', 'C']  (4 段)
边界(秒): [28.0, 268.0, 464.0, 683.0, 902.0]

正在加载 WAV: JHaydn_XVII6_4.wav...
已加载: 922.5s @ 48000Hz
  [ 0] T        28.0s →   268.0s  (240.0s)
  [ 1] V1      268.0s →   464.0s  (196.0s)
  [ 2] V2      464.0s →   683.0s  (219.0s)
  [ 3] C       683.0s →   902.0s  (219.0s)

✓ 特征已保存: /Users/jiaxuan/Desktop/Music Project/VariVis/backend/features/JHaydn_XVII6_4.json

JHaydn_XVII6_4: 加载 WAV…
  T    28.0s–268.0s … key=Fmin r=0.77  voiced=0.86  beats=412 ✓
  V1   268.0s–464.0s … key=Fmin r=0.75  voiced=0.81  beats=371 ✓
  V2   464.0s–683.0s … key=Fmin r=0.82  voiced=0.78  beats=384 ✓
  C    683.0s–902.0s … key=Fmin r=0.83  voiced=0.78  beats=317 ✓
✓ 已保存: /Users/jiaxuan/Desktop/Music Project/VariVis/backend/features/JHaydn_XVII6_4.json
Sun Apr 26 13:20:35 AEST 2026: OK JHaydn_XVII6_4

============================================================
处理: JHaydn_XVII6_5
============================================================
曲目: Variations in F Minor Hob.XVII:6
作曲: Joseph Haydn
段落: ['T', 'V1', 'V2', 'C']  (4 段)
边界(秒): [0.0, 246.0, 467.0, 682.0, 893.0]

正在加载 WAV: JHaydn_XVII6_5.wav...
已加载: 907.2s @ 48000Hz
  [ 0] T         0.0s →   246.0s  (246.0s)
  [ 1] V1      246.0s →   467.0s  (221.0s)
  [ 2] V2      467.0s →   682.0s  (215.0s)
  [ 3] C       682.0s →   893.0s  (211.0s)

✓ 特征已保存: /Users/jiaxuan/Desktop/Music Project/VariVis/backend/features/JHaydn_XVII6_5.json

JHaydn_XVII6_5: 加载 WAV…
  T    0.0s–246.0s … key=Fmaj r=0.73  voiced=0.74  beats=421 ✓
  V1   246.0s–467.0s … key=Fmaj r=0.82  voiced=0.74  beats=452 ✓
  V2   467.0s–682.0s … key=Fmaj r=0.78  voiced=0.71  beats=587 ✓
  C    682.0s–893.0s … key=Fmin r=0.79  voiced=0.65  beats=460 ✓
✓ 已保存: /Users/jiaxuan/Desktop/Music Project/VariVis/backend/features/JHaydn_XVII6_5.json
Sun Apr 26 13:24:32 AEST 2026: OK JHaydn_XVII6_5

============================================================
处理: JHaydn_XVII6_6
============================================================
曲目: Variations in F Minor Hob.XVII:6
作曲: Joseph Haydn
段落: ['T', 'V1', 'V2', 'C']  (4 段)
边界(秒): [7.0, 245.0, 442.0, 648.0, 856.0]

正在加载 WAV: JHaydn_XVII6_6.wav...
已加载: 862.1s @ 48000Hz
  [ 0] T         7.0s →   245.0s  (238.0s)
  [ 1] V1      245.0s →   442.0s  (197.0s)
  [ 2] V2      442.0s →   648.0s  (206.0s)
  [ 3] C       648.0s →   856.0s  (208.0s)

✓ 特征已保存: /Users/jiaxuan/Desktop/Music Project/VariVis/backend/features/JHaydn_XVII6_6.json

JHaydn_XVII6_6: 加载 WAV…
  T    7.0s–245.0s … key=Fmin r=0.82  voiced=0.79  beats=412 ✓
  V1   245.0s–442.0s … key=Fmin r=0.82  voiced=0.81  beats=373 ✓
  V2   442.0s–648.0s … key=Fmin r=0.87  voiced=0.71  beats=802 ✓
  C    648.0s–856.0s … key=Fmin r=0.87  voiced=0.70  beats=305 ✓
✓ 已保存: /Users/jiaxuan/Desktop/Music Project/VariVis/backend/features/JHaydn_XVII6_6.json
Sun Apr 26 13:28:10 AEST 2026: OK JHaydn_XVII6_6

============================================================
处理: JHaydn_XVII6_7
============================================================
曲目: Variations in F Minor Hob.XVII:6
作曲: Joseph Haydn
段落: ['T', 'V1', 'V2', 'C']  (4 段)
边界(秒): [1.0, 145.0, 254.0, 360.0, 558.0]

正在加载 WAV: JHaydn_XVII6_7.wav...
已加载: 561.9s @ 48000Hz
  [ 0] T         1.0s →   145.0s  (144.0s)
  [ 1] V1      145.0s →   254.0s  (109.0s)
  [ 2] V2      254.0s →   360.0s  (106.0s)
  [ 3] C       360.0s →   558.0s  (198.0s)

✓ 特征已保存: /Users/jiaxuan/Desktop/Music Project/VariVis/backend/features/JHaydn_XVII6_7.json

JHaydn_XVII6_7: 加载 WAV…
  T    1.0s–145.0s … key=Fmin r=0.75  voiced=0.80  beats=243 ✓
  V1   145.0s–254.0s … key=Fmin r=0.66  voiced=0.82  beats=197 ✓
  V2   254.0s–360.0s … key=G#maj r=0.80  voiced=0.71  beats=267 ✓
  C    360.0s–558.0s … key=Fmin r=0.77  voiced=0.71  beats=329 ✓
✓ 已保存: /Users/jiaxuan/Desktop/Music Project/VariVis/backend/features/JHaydn_XVII6_7.json
Sun Apr 26 13:30:39 AEST 2026: OK JHaydn_XVII6_7

============================================================
处理: JHaydn_XVII6_8
============================================================
曲目: Variations in F Minor Hob.XVII:6
作曲: Joseph Haydn
段落: ['T', 'V1', 'V2', 'C']  (4 段)
边界(秒): [6.0, 235.0, 447.0, 652.0, 856.0]

正在加载 WAV: JHaydn_XVII6_8.wav...
已加载: 894.0s @ 48000Hz
  [ 0] T         6.0s →   235.0s  (229.0s)
  [ 1] V1      235.0s →   447.0s  (212.0s)
  [ 2] V2      447.0s →   652.0s  (205.0s)
  [ 3] C       652.0s →   856.0s  (204.0s)

✓ 特征已保存: /Users/jiaxuan/Desktop/Music Project/VariVis/backend/features/JHaydn_XVII6_8.json

JHaydn_XVII6_8: 加载 WAV…
  T    6.0s–235.0s … key=Fmin r=0.74  voiced=0.79  beats=407 ✓
  V1   235.0s–447.0s … key=Fmin r=0.68  voiced=0.80  beats=415 ✓
  V2   447.0s–652.0s … key=Fmin r=0.79  voiced=0.72  beats=326 ✓
  C    652.0s–856.0s … key=Fmin r=0.72  voiced=0.69  beats=318 ✓
✓ 已保存: /Users/jiaxuan/Desktop/Music Project/VariVis/backend/features/JHaydn_XVII6_8.json
Sun Apr 26 13:34:26 AEST 2026: OK JHaydn_XVII6_8

============================================================
处理: JHaydn_XVII6_9
============================================================
曲目: Variations in F Minor Hob.XVII:6
作曲: Joseph Haydn
段落: ['T', 'V1', 'V2', 'C']  (4 段)
边界(秒): [0.0, 234.0, 381.0, 528.0, 740.0]

正在加载 WAV: JHaydn_XVII6_9.wav...
已加载: 749.4s @ 48000Hz
  [ 0] T         0.0s →   234.0s  (234.0s)
  [ 1] V1      234.0s →   381.0s  (147.0s)
  [ 2] V2      381.0s →   528.0s  (147.0s)
  [ 3] C       528.0s →   740.0s  (212.0s)

✓ 特征已保存: /Users/jiaxuan/Desktop/Music Project/VariVis/backend/features/JHaydn_XVII6_9.json

JHaydn_XVII6_9: 加载 WAV…
  T    0.0s–234.0s … key=Fmin r=0.77  voiced=0.82  beats=465 ✓
  V1   234.0s–381.0s … key=Fmaj r=0.77  voiced=0.80  beats=303 ✓
  V2   381.0s–528.0s … key=Fmin r=0.86  voiced=0.77  beats=419 ✓
  C    528.0s–740.0s … key=Fmin r=0.86  voiced=0.74  beats=347 ✓
✓ 已保存: /Users/jiaxuan/Desktop/Music Project/VariVis/backend/features/JHaydn_XVII6_9.json
Sun Apr 26 13:37:41 AEST 2026: OK JHaydn_XVII6_9

============================================================
处理: JHaydn_XVII6_10
============================================================
曲目: Variations in F Minor Hob.XVII:6
作曲: Joseph Haydn
段落: ['T', 'V1', 'V2', 'C']  (4 段)
边界(秒): [4.0, 203.0, 362.0, 530.0, 763.0]

正在加载 WAV: JHaydn_XVII6_10.wav...
已加载: 769.0s @ 48000Hz
  [ 0] T         4.0s →   203.0s  (199.0s)
  [ 1] V1      203.0s →   362.0s  (159.0s)
  [ 2] V2      362.0s →   530.0s  (168.0s)
  [ 3] C       530.0s →   763.0s  (233.0s)

✓ 特征已保存: /Users/jiaxuan/Desktop/Music Project/VariVis/backend/features/JHaydn_XVII6_10.json

JHaydn_XVII6_10: 加载 WAV…
  T    4.0s–203.0s … key=Fmin r=0.82  voiced=0.82  beats=302 ✓
  V1   203.0s–362.0s … key=Fmin r=0.84  voiced=0.82  beats=280 ✓
  V2   362.0s–530.0s … key=Fmin r=0.87  voiced=0.74  beats=633 ✓
  C    530.0s–763.0s … key=Fmin r=0.86  voiced=0.74  beats=300 ✓
✓ 已保存: /Users/jiaxuan/Desktop/Music Project/VariVis/backend/features/JHaydn_XVII6_10.json
Sun Apr 26 13:41:07 AEST 2026: OK JHaydn_XVII6_10

============================================================
处理: JHaydn_XVII6_11
============================================================
曲目: Variations in F Minor Hob.XVII:6
作曲: Joseph Haydn
段落: ['T', 'V1', 'V2', 'C']  (4 段)
边界(秒): [7.0, 143.0, 270.0, 391.0, 627.0]

正在加载 WAV: JHaydn_XVII6_11.wav...
已加载: 637.2s @ 48000Hz
  [ 0] T         7.0s →   143.0s  (136.0s)
  [ 1] V1      143.0s →   270.0s  (127.0s)
  [ 2] V2      270.0s →   391.0s  (121.0s)
  [ 3] C       391.0s →   627.0s  (236.0s)

✓ 特征已保存: /Users/jiaxuan/Desktop/Music Project/VariVis/backend/features/JHaydn_XVII6_11.json

JHaydn_XVII6_11: 加载 WAV…
  T    7.0s–143.0s … key=G#maj r=0.59  voiced=0.79  beats=230 ✓
  V1   143.0s–270.0s … key=G#maj r=0.51  voiced=0.77  beats=188 ✓
  V2   270.0s–391.0s … key=G#maj r=0.65  voiced=0.71  beats=203 ✓
  C    391.0s–627.0s … key=G#maj r=0.59  voiced=0.68  beats=329 ✓
✓ 已保存: /Users/jiaxuan/Desktop/Music Project/VariVis/backend/features/JHaydn_XVII6_11.json
Sun Apr 26 13:43:57 AEST 2026: OK JHaydn_XVII6_11

============================================================
处理: JHaydn_XVII6_12
============================================================
曲目: Variations in F Minor Hob.XVII:6
作曲: Joseph Haydn
段落: ['T', 'V1', 'V2', 'C']  (4 段)
边界(秒): [3.0, 271.0, 516.0, 751.0, 975.0]

正在加载 WAV: JHaydn_XVII6_12.wav...
已加载: 977.2s @ 44100Hz
  [ 0] T         3.0s →   271.0s  (268.0s)
  [ 1] V1      271.0s →   516.0s  (245.0s)
  [ 2] V2      516.0s →   751.0s  (235.0s)
  [ 3] C       751.0s →   975.0s  (224.0s)

✓ 特征已保存: /Users/jiaxuan/Desktop/Music Project/VariVis/backend/features/JHaydn_XVII6_12.json

JHaydn_XVII6_12: 加载 WAV…
  T    3.0s–271.0s … key=Fmin r=0.81  voiced=0.76  beats=414 ✓
  V1   271.0s–516.0s … key=Fmin r=0.77  voiced=0.71  beats=427 ✓
  V2   516.0s–751.0s … key=Fmin r=0.86  voiced=0.69  beats=400 ✓
  C    751.0s–975.0s … key=Fmin r=0.87  voiced=0.68  beats=372 ✓
✓ 已保存: /Users/jiaxuan/Desktop/Music Project/VariVis/backend/features/JHaydn_XVII6_12.json
Sun Apr 26 13:47:54 AEST 2026: OK JHaydn_XVII6_12

============================================================
处理: JHaydn_XVII6_13
============================================================
曲目: Variations in F Minor Hob.XVII:6
作曲: Joseph Haydn
段落: ['T', 'V1', 'V2', 'C']  (4 段)
边界(秒): [1.0, 263.0, 426.0, 658.0, 883.0]

正在加载 WAV: JHaydn_XVII6_13.wav...
已加载: 889.2s @ 48000Hz
  [ 0] T         1.0s →   263.0s  (262.0s)
  [ 1] V1      263.0s →   426.0s  (163.0s)
  [ 2] V2      426.0s →   658.0s  (232.0s)
  [ 3] C       658.0s →   883.0s  (225.0s)

✓ 特征已保存: /Users/jiaxuan/Desktop/Music Project/VariVis/backend/features/JHaydn_XVII6_13.json

JHaydn_XVII6_13: 加载 WAV…
  T    1.0s–263.0s … key=Fmin r=0.79  voiced=0.78  beats=418 ✓
  V1   263.0s–426.0s … key=Fmin r=0.77  voiced=0.75  beats=269 ✓
  V2   426.0s–658.0s … key=Fmin r=0.82  voiced=0.73  beats=396 ✓
  C    658.0s–883.0s … key=Fmin r=0.85  voiced=0.67  beats=331 ✓
✓ 已保存: /Users/jiaxuan/Desktop/Music Project/VariVis/backend/features/JHaydn_XVII6_13.json
Sun Apr 26 13:52:01 AEST 2026: OK JHaydn_XVII6_13

============================================================
处理: JHaydn_XVII6_14
============================================================
曲目: Variations in F Minor Hob.XVII:6
作曲: Joseph Haydn
段落: ['T', 'V1', 'V2', 'C']  (4 段)
边界(秒): [12.0, 125.0, 222.0, 315.0, 491.0]

正在加载 WAV: JHaydn_XVII6_14.wav...
已加载: 500.9s @ 48000Hz
  [ 0] T        12.0s →   125.0s  (113.0s)
  [ 1] V1      125.0s →   222.0s  (97.0s)
  [ 2] V2      222.0s →   315.0s  (93.0s)
  [ 3] C       315.0s →   491.0s  (176.0s)

✓ 特征已保存: /Users/jiaxuan/Desktop/Music Project/VariVis/backend/features/JHaydn_XVII6_14.json

JHaydn_XVII6_14: 加载 WAV…
  T    12.0s–125.0s … key=Fmin r=0.76  voiced=0.76  beats=193 ✓
  V1   125.0s–222.0s … key=Fmaj r=0.74  voiced=0.73  beats=199 ✓
  V2   222.0s–315.0s … key=Fmin r=0.85  voiced=0.69  beats=185 ✓
  C    315.0s–491.0s … key=Fmin r=0.81  voiced=0.65  beats=345 ✓
✓ 已保存: /Users/jiaxuan/Desktop/Music Project/VariVis/backend/features/JHaydn_XVII6_14.json
Sun Apr 26 13:54:13 AEST 2026: OK JHaydn_XVII6_14

============================================================
处理: JHaydn_XVII6_15
============================================================
曲目: Variations in F Minor Hob.XVII:6
作曲: Joseph Haydn
段落: ['T', 'V1', 'V2', 'C']  (4 段)
边界(秒): [7.0, 248.0, 441.0, 676.0, 886.0]

正在加载 WAV: JHaydn_XVII6_15.wav...
已加载: 889.3s @ 48000Hz
  [ 0] T         7.0s →   248.0s  (241.0s)
  [ 1] V1      248.0s →   441.0s  (193.0s)
  [ 2] V2      441.0s →   676.0s  (235.0s)
  [ 3] C       676.0s →   886.0s  (210.0s)

✓ 特征已保存: /Users/jiaxuan/Desktop/Music Project/VariVis/backend/features/JHaydn_XVII6_15.json

JHaydn_XVII6_15: 加载 WAV…
  T    7.0s–248.0s … key=Fmaj r=0.76  voiced=0.78  beats=421 ✓
  V1   248.0s–441.0s … key=Fmaj r=0.75  voiced=0.74  beats=367 ✓
  V2   441.0s–676.0s … key=Fmin r=0.78  voiced=0.67  beats=411 ✓
  C    676.0s–886.0s … key=Fmin r=0.80  voiced=0.66  beats=319 ✓
✓ 已保存: /Users/jiaxuan/Desktop/Music Project/VariVis/backend/features/JHaydn_XVII6_15.json
Sun Apr 26 13:57:56 AEST 2026: OK JHaydn_XVII6_15

============================================================
处理: JHaydn_XVII6_16
============================================================
曲目: Variations in F Minor Hob.XVII:6
作曲: Joseph Haydn
段落: ['T', 'V1', 'V2', 'C']  (4 段)
边界(秒): [6.0, 259.0, 452.0, 654.0, 866.0]

正在加载 WAV: JHaydn_XVII6_16.wav...
已加载: 900.4s @ 48000Hz
  [ 0] T         6.0s →   259.0s  (253.0s)
  [ 1] V1      259.0s →   452.0s  (193.0s)
  [ 2] V2      452.0s →   654.0s  (202.0s)
  [ 3] C       654.0s →   866.0s  (212.0s)

✓ 特征已保存: /Users/jiaxuan/Desktop/Music Project/VariVis/backend/features/JHaydn_XVII6_16.json

JHaydn_XVII6_16: 加载 WAV…
  T    6.0s–259.0s … key=Fmin r=0.75  voiced=0.69  beats=424 ✓
  V1   259.0s–452.0s … key=Fmin r=0.62  voiced=0.78  beats=388 ✓
  V2   452.0s–654.0s … key=Fmin r=0.79  voiced=0.71  beats=437 ✓
  C    654.0s–866.0s … key=G#maj r=0.72  voiced=0.66  beats=332 ✓
✓ 已保存: /Users/jiaxuan/Desktop/Music Project/VariVis/backend/features/JHaydn_XVII6_16.json
Sun Apr 26 14:01:35 AEST 2026: OK JHaydn_XVII6_16

============================================================
处理: JHaydn_XVII6_17
============================================================
曲目: Variations in F Minor Hob.XVII:6
作曲: Joseph Haydn
段落: ['T', 'V1', 'V2', 'C']  (4 段)
边界(秒): [2.0, 126.0, 237.0, 342.0, 544.0]

正在加载 WAV: JHaydn_XVII6_17.wav...
已加载: 546.3s @ 48000Hz
  [ 0] T         2.0s →   126.0s  (124.0s)
  [ 1] V1      126.0s →   237.0s  (111.0s)
  [ 2] V2      237.0s →   342.0s  (105.0s)
  [ 3] C       342.0s →   544.0s  (202.0s)

✓ 特征已保存: /Users/jiaxuan/Desktop/Music Project/VariVis/backend/features/JHaydn_XVII6_17.json

JHaydn_XVII6_17: 加载 WAV…
  T    2.0s–126.0s … key=Fmin r=0.84  voiced=0.80  beats=185 ✓
  V1   126.0s–237.0s … key=Fmin r=0.79  voiced=0.76  beats=210 ✓
  V2   237.0s–342.0s … key=Fmin r=0.91  voiced=0.72  beats=274 ✓
  C    342.0s–544.0s … key=Fmin r=0.89  voiced=0.72  beats=294 ✓
✓ 已保存: /Users/jiaxuan/Desktop/Music Project/VariVis/backend/features/JHaydn_XVII6_17.json
Sun Apr 26 14:03:58 AEST 2026: OK JHaydn_XVII6_17

============================================================
处理: JHaydn_XVII6_18
============================================================
曲目: Variations in F Minor Hob.XVII:6
作曲: Joseph Haydn
段落: ['T', 'V1', 'V2', 'C']  (4 段)
边界(秒): [10.0, 214.0, 428.0, 698.0, 914.0]

正在加载 WAV: JHaydn_XVII6_18.wav...
已加载: 919.0s @ 48000Hz
  [ 0] T        10.0s →   214.0s  (204.0s)
  [ 1] V1      214.0s →   428.0s  (214.0s)
  [ 2] V2      428.0s →   698.0s  (270.0s)
  [ 3] C       698.0s →   914.0s  (216.0s)

✓ 特征已保存: /Users/jiaxuan/Desktop/Music Project/VariVis/backend/features/JHaydn_XVII6_18.json

JHaydn_XVII6_18: 加载 WAV…
  T    10.0s–214.0s … key=Fmin r=0.79  voiced=0.83  beats=317 ✓
  V1   214.0s–428.0s … key=Fmaj r=0.82  voiced=0.79  beats=378 ✓
  V2   428.0s–698.0s … key=Fmin r=0.87  voiced=0.75  beats=566 ✓
  C    698.0s–914.0s … key=Fmin r=0.90  voiced=0.72  beats=335 ✓
✓ 已保存: /Users/jiaxuan/Desktop/Music Project/VariVis/backend/features/JHaydn_XVII6_18.json
Sun Apr 26 14:07:51 AEST 2026: OK JHaydn_XVII6_18

============================================================
处理: JHaydn_XVII7_1
============================================================
曲目: Variations in D Major,Hob. XVII,7
作曲: Joseph Haydn
段落: ['T', 'V1', 'V2', 'V3', 'V4', 'V5']  (6 段)
边界(秒): [5.0, 49.0, 90.0, 131.0, 171.0, 211.0, 250.0]

正在加载 WAV: JHaydn_XVII7_1.wav...
已加载: 252.9s @ 48000Hz
  [ 0] T         5.0s →    49.0s  (44.0s)
  [ 1] V1       49.0s →    90.0s  (41.0s)
  [ 2] V2       90.0s →   131.0s  (41.0s)
  [ 3] V3      131.0s →   171.0s  (40.0s)
  [ 4] V4      171.0s →   211.0s  (40.0s)
  [ 5] V5      211.0s →   250.0s  (39.0s)

✓ 特征已保存: /Users/jiaxuan/Desktop/Music Project/VariVis/backend/features/JHaydn_XVII7_1.json

JHaydn_XVII7_1: 加载 WAV…
  T    5.0s–49.0s … key=Dmaj r=0.64  voiced=0.82  beats=79 ✓
  V1   49.0s–90.0s … key=Dmaj r=0.64  voiced=0.82  beats=93 ✓
  V2   90.0s–131.0s … key=Dmaj r=0.65  voiced=0.83  beats=80 ✓
  V3   131.0s–171.0s … key=Dmaj r=0.70  voiced=0.73  beats=84 ✓
  V4   171.0s–211.0s … key=Dmaj r=0.81  voiced=0.77  beats=170 ✓
  V5   211.0s–250.0s … key=Dmaj r=0.71  voiced=0.71  beats=90 ✓
✓ 已保存: /Users/jiaxuan/Desktop/Music Project/VariVis/backend/features/JHaydn_XVII7_1.json
Sun Apr 26 14:08:56 AEST 2026: OK JHaydn_XVII7_1

============================================================
处理: JHaydn_XVII7_2
============================================================
曲目: Variations in D Major,Hob. XVII,7
作曲: Joseph Haydn
段落: ['T', 'V1', 'V2', 'V3', 'V4', 'V5']  (6 段)
边界(秒): [1.0, 48.0, 90.0, 131.0, 170.0, 209.0, 248.0]

正在加载 WAV: JHaydn_XVII7_2.wav...
已加载: 253.1s @ 48000Hz
  [ 0] T         1.0s →    48.0s  (47.0s)
  [ 1] V1       48.0s →    90.0s  (42.0s)
  [ 2] V2       90.0s →   131.0s  (41.0s)
  [ 3] V3      131.0s →   170.0s  (39.0s)
  [ 4] V4      170.0s →   209.0s  (39.0s)
  [ 5] V5      209.0s →   248.0s  (39.0s)

✓ 特征已保存: /Users/jiaxuan/Desktop/Music Project/VariVis/backend/features/JHaydn_XVII7_2.json

JHaydn_XVII7_2: 加载 WAV…
  T    1.0s–48.0s … key=Amaj r=0.57  voiced=0.68  beats=87 ✓
  V1   48.0s–90.0s … key=Amaj r=0.81  voiced=0.69  beats=83 ✓
  V2   90.0s–131.0s … key=Amaj r=0.79  voiced=0.63  beats=86 ✓
  V3   131.0s–170.0s … key=Amaj r=0.86  voiced=0.73  beats=86 ✓
  V4   170.0s–209.0s … key=Dmaj r=0.77  voiced=0.69  beats=88 ✓
  V5   209.0s–248.0s … key=Amaj r=0.81  voiced=0.47  beats=90 ✓
✓ 已保存: /Users/jiaxuan/Desktop/Music Project/VariVis/backend/features/JHaydn_XVII7_2.json
Sun Apr 26 14:10:03 AEST 2026: OK JHaydn_XVII7_2

============================================================
处理: JHaydn_XVII7_3
============================================================
曲目: Variations in D Major,Hob. XVII,7
作曲: Joseph Haydn
段落: ['T', 'V1', 'V2', 'V3', 'V4', 'V5']  (6 段)
边界(秒): [0.0, 55.0, 110.0, 162.0, 213.0, 264.0, 316.0]

正在加载 WAV: JHaydn_XVII7_3.wav...
已加载: 325.4s @ 48000Hz
  [ 0] T         0.0s →    55.0s  (55.0s)
  [ 1] V1       55.0s →   110.0s  (55.0s)
  [ 2] V2      110.0s →   162.0s  (52.0s)
  [ 3] V3      162.0s →   213.0s  (51.0s)
  [ 4] V4      213.0s →   264.0s  (51.0s)
  [ 5] V5      264.0s →   316.0s  (52.0s)

✓ 特征已保存: /Users/jiaxuan/Desktop/Music Project/VariVis/backend/features/JHaydn_XVII7_3.json

JHaydn_XVII7_3: 加载 WAV…
  T    0.0s–55.0s … key=Dmaj r=0.90  voiced=0.70  beats=80 ✓
  V1   55.0s–110.0s … key=Dmaj r=0.91  voiced=0.78  beats=91 ✓
  V2   110.0s–162.0s … key=Dmaj r=0.92  voiced=0.66  beats=118 ✓
  V3   162.0s–213.0s … key=Dmaj r=0.96  voiced=0.72  beats=88 ✓
  V4   213.0s–264.0s … key=Dmaj r=0.96  voiced=0.63  beats=175 ✓
  V5   264.0s–316.0s … key=Dmaj r=0.92  voiced=0.69  beats=92 ✓
✓ 已保存: /Users/jiaxuan/Desktop/Music Project/VariVis/backend/features/JHaydn_XVII7_3.json
Sun Apr 26 14:11:28 AEST 2026: OK JHaydn_XVII7_3

============================================================
处理: JHaydn_XVII7_4
============================================================
曲目: Variations in D Major,Hob. XVII,7
作曲: Joseph Haydn
段落: ['T', 'V1', 'V2', 'V3', 'V4', 'V5']  (6 段)
边界(秒): [0.0, 53.0, 106.0, 164.0, 202.0, 253.0, 298.0]

正在加载 WAV: JHaydn_XVII7_4.wav...
已加载: 304.8s @ 48000Hz
  [ 0] T         0.0s →    53.0s  (53.0s)
  [ 1] V1       53.0s →   106.0s  (53.0s)
  [ 2] V2      106.0s →   164.0s  (58.0s)
  [ 3] V3      164.0s →   202.0s  (38.0s)
  [ 4] V4      202.0s →   253.0s  (51.0s)
  [ 5] V5      253.0s →   298.0s  (45.0s)

✓ 特征已保存: /Users/jiaxuan/Desktop/Music Project/VariVis/backend/features/JHaydn_XVII7_4.json

JHaydn_XVII7_4: 加载 WAV…
  T    0.0s–53.0s … key=Dmaj r=0.89  voiced=0.80  beats=87 ✓
  V1   53.0s–106.0s … key=Dmaj r=0.85  voiced=0.76  beats=72 ✓
  V2   106.0s–164.0s … key=Dmaj r=0.94  voiced=0.65  beats=109 ✓
  V3   164.0s–202.0s … key=Dmaj r=0.88  voiced=0.73  beats=69 ✓
  V4   202.0s–253.0s … key=Dmaj r=0.89  voiced=0.75  beats=84 ✓
  V5   253.0s–298.0s … key=Dmaj r=0.90  voiced=0.67  beats=79 ✓
✓ 已保存: /Users/jiaxuan/Desktop/Music Project/VariVis/backend/features/JHaydn_XVII7_4.json
Sun Apr 26 14:12:48 AEST 2026: OK JHaydn_XVII7_4

============================================================
处理: JHaydn_XVII7_5
============================================================
曲目: Variations in D Major,Hob. XVII,7
作曲: Joseph Haydn
段落: ['T', 'V1', 'V2', 'V3', 'V4', 'V5']  (6 段)
边界(秒): [0.0, 55.0, 153.0, 192.0, 195.0, 243.0, 280.0]

正在加载 WAV: JHaydn_XVII7_5.wav...
已加载: 287.1s @ 48000Hz
  [ 0] T         0.0s →    55.0s  (55.0s)
  [ 1] V1       55.0s →   153.0s  (98.0s)
  [ 2] V2      153.0s →   192.0s  (39.0s)
  [ 3] V3      192.0s →   195.0s  (3.0s)
  [ 4] V4      195.0s →   243.0s  (48.0s)
  [ 5] V5      243.0s →   280.0s  (37.0s)

✓ 特征已保存: /Users/jiaxuan/Desktop/Music Project/VariVis/backend/features/JHaydn_XVII7_5.json

JHaydn_XVII7_5: 加载 WAV…
  T    0.0s–55.0s … key=Dmaj r=0.82  voiced=0.87  beats=73 ✓
  V1   55.0s–153.0s … key=Dmaj r=0.90  voiced=0.75  beats=215 ✓
  V2   153.0s–192.0s … key=Dmaj r=0.86  voiced=0.83  beats=78 ✓
  V3   192.0s–195.0s … key=Dmin r=0.68  voiced=0.71  beats=2 ✓
  V4   195.0s–243.0s … key=Dmaj r=0.89  voiced=0.81  beats=94 ✓
  V5   243.0s–280.0s … key=Dmaj r=0.86  voiced=0.74  beats=96 ✓
✓ 已保存: /Users/jiaxuan/Desktop/Music Project/VariVis/backend/features/JHaydn_XVII7_5.json
Sun Apr 26 14:14:04 AEST 2026: OK JHaydn_XVII7_5

============================================================
处理: JHaydn_XVII7_6
============================================================
曲目: Variations in D Major,Hob. XVII,7
作曲: Joseph Haydn
段落: ['T', 'V1', 'V2', 'V3', 'V4', 'V5']  (6 段)
边界(秒): [0.0, 67.0, 132.0, 183.0, 224.0, 272.0, 314.0]

正在加载 WAV: JHaydn_XVII7_6.wav...
已加载: 320.5s @ 48000Hz
  [ 0] T         0.0s →    67.0s  (67.0s)
  [ 1] V1       67.0s →   132.0s  (65.0s)
  [ 2] V2      132.0s →   183.0s  (51.0s)
  [ 3] V3      183.0s →   224.0s  (41.0s)
  [ 4] V4      224.0s →   272.0s  (48.0s)
  [ 5] V5      272.0s →   314.0s  (42.0s)

✓ 特征已保存: /Users/jiaxuan/Desktop/Music Project/VariVis/backend/features/JHaydn_XVII7_6.json

JHaydn_XVII7_6: 加载 WAV…
  T    0.0s–67.0s … key=G#maj r=0.75  voiced=0.46  beats=104 ✓
  V1   67.0s–132.0s … key=C#maj r=0.75  voiced=0.47  beats=116 ✓
  V2   132.0s–183.0s … key=C#maj r=0.73  voiced=0.42  beats=89 ✓
  V3   183.0s–224.0s … key=C#maj r=0.82  voiced=0.35  beats=69 ✓
  V4   224.0s–272.0s … key=C#maj r=0.76  voiced=0.40  beats=79 ✓
  V5   272.0s–314.0s … key=G#maj r=0.76  voiced=0.29  beats=71 ✓
✓ 已保存: /Users/jiaxuan/Desktop/Music Project/VariVis/backend/features/JHaydn_XVII7_6.json
Sun Apr 26 14:15:26 AEST 2026: OK JHaydn_XVII7_6

============================================================
处理: JHaydn_XVII7_7
============================================================
曲目: Variations in D Major,Hob. XVII,7
作曲: Joseph Haydn
段落: ['T', 'V1', 'V2', 'V3', 'V4', 'V5']  (6 段)
边界(秒): [0.0, 44.0, 88.0, 131.0, 174.0, 220.0, 260.0]

正在加载 WAV: JHaydn_XVII7_7.wav...
已加载: 268.0s @ 48000Hz
  [ 0] T         0.0s →    44.0s  (44.0s)
  [ 1] V1       44.0s →    88.0s  (44.0s)
  [ 2] V2       88.0s →   131.0s  (43.0s)
  [ 3] V3      131.0s →   174.0s  (43.0s)
  [ 4] V4      174.0s →   220.0s  (46.0s)
  [ 5] V5      220.0s →   260.0s  (40.0s)

✓ 特征已保存: /Users/jiaxuan/Desktop/Music Project/VariVis/backend/features/JHaydn_XVII7_7.json

JHaydn_XVII7_7: 加载 WAV…
  T    0.0s–44.0s … key=Amaj r=0.80  voiced=0.76  beats=91 ✓
  V1   44.0s–88.0s … key=Amaj r=0.77  voiced=0.76  beats=94 ✓
  V2   88.0s–131.0s … key=Amaj r=0.69  voiced=0.68  beats=92 ✓
  V3   131.0s–174.0s … key=Amaj r=0.74  voiced=0.70  beats=92 ✓
  V4   174.0s–220.0s … key=Dmaj r=0.75  voiced=0.67  beats=89 ✓
  V5   220.0s–260.0s … key=Amaj r=0.76  voiced=0.65  beats=89 ✓
✓ 已保存: /Users/jiaxuan/Desktop/Music Project/VariVis/backend/features/JHaydn_XVII7_7.json
Sun Apr 26 14:16:34 AEST 2026: OK JHaydn_XVII7_7
Sun Apr 26 14:16:34 AEST 2026: Done — success=330 skipped=0 failed=40
